source,col_0,col_1,col_2,col_3,col_4,col_5,col_6,col_7,col_8,col_9,col_10,col_11,col_12,col_13,col_14,col_15,col_16,col_17,col_18,col_19,col_20,col_21,col_22,col_23,col_24,col_25,col_26,col_27,col_28,col_29,col_30
https://results.eci.gov.in/ResultAcGenMay2026/statewiseS251.htm,Status Known For 293 out of 293 Constituencies,,,,,,,,,,,,,,,,,,,,,,,,,,,,,,
https://results.eci.gov.in/ResultAcGenMay2026/statewiseS251.htm,Constituency,Const. No.,Leading Candidate,Leading Party,Trailing Candidate,Trailing Party,Margin,Round,Status,,,,,,,,,,,,,,,,,,,,,,
https://results.eci.gov.in/ResultAcGenMay2026/statewiseS251.htm,ALIPURDUARS,12,PARITOSH DAS,Bharatiya Janata Party i Party Wise State Trends Leading In : 0 Won In : 207 Trailing In : 0,Bharatiya Janata Party,i Party Wise State Trends Leading In : 0 Won In : 207 Trailing In : 0,Leading In,:,0,Won In,:,207,Trailing In,:,0,SUMAN KANJILAL,All India Trinamool Congress i Party Wise State Trends Leading In : 0 Won In : 80 Trailing In : 0,All India Trinamool Congress,i Party Wise State Trends Leading In : 0 Won In : 80 Trailing In : 0,Leading In,:,0,Won In,:,80,Trailing In,:,0,70420,24/24,Result Declared
https://results.eci.gov.in/ResultAcGenMay2026/statewiseS251.htm,Bharatiya Janata Party,i Party Wise State Trends Leading In : 0 Won In : 207 Trailing In : 0,Leading In,:,0,Won In,:,207,Trailing In,:,0,,,,,,,,,,,,,,,,,,,,
https://results.eci.gov.in/ResultAcGenMay2026/statewiseS251.htm,Leading In,:,0,,,,,,,,,,,,,,,,,,,,,,,,,,,,
https://results.eci.gov.in/ResultAcGenMay2026/statewiseS251.htm,Won In,:,207,,,,,,,,,,,,,,,,,,,,,,,,,,,,
https://results.eci.gov.in/ResultAcGenMay2026/statewiseS251.htm,Trailing In,:,0,,,,,,,,,,,,,,,,,,,,,,,,,,,,
https://results.eci.gov.in/ResultAcGenMay2026/statewiseS251.htm,All India Trinamool Congress,i Party Wise State Trends Leading In : 0 Won In : 80 Trailing In : 0,Leading In,:,0,Won In,:,80,Trailing In,:,0,,,,,,,,,,,,,,,,,,,,
https://results.eci.gov.in/ResultAcGenMay2026/statewiseS251.htm,Leading In,:,0,,,,,,,,,,,,,,,,,,,,,,,,,,,,
https://results.eci.gov.in/ResultAcGenMay2026/statewiseS251.htm,Won In,:,80,,,,,,,,,,,,,,,,,,,,,,,,,,,,
https://results.eci.gov.in/ResultAcGenMay2026/statewiseS251.htm,Trailing In,:,0,,,,,,,,,,,,,,,,,,,,,,,,,,,,
https://results.eci.gov.in/ResultAcGenMay2026/statewiseS251.htm,AMDANGA,102,MOHAMMAD KASEM SIDDIQUE,All India Trinamool Congress i Party Wise State Trends Leading In : 0 Won In : 80 Trailing In : 0,All India Trinamool Congress,i Party Wise State Trends Leading In : 0 Won In : 80 Trailing In : 0,Leading In,:,0,Won In,:,80,Trailing In,:,0,ARINDAM DEY,Bharatiya Janata Party i Party Wise State Trends Leading In : 0 Won In : 207 Trailing In : 0,Bharatiya Janata Party,i Party Wise State Trends Leading In : 0 Won In : 207 Trailing In : 0,Leading In,:,0,Won In,:,207,Trailing In,:,0,2995,20/20,Result Declared
https://results.eci.gov.in/ResultAcGenMay2026/statewiseS251.htm,All India Trinamool Congress,i Party Wise State Trends Leading In : 0 Won In : 80 Trailing In : 0,Leading In,:,0,Won In,:,80,Trailing In,:,0,,,,,,,,,,,,,,,,,,,,
https://results.eci.gov.in/ResultAcGenMay2026/statewiseS251.htm,Leading In,:,0,,,,,,,,,,,,,,,,,,,,,,,,,,,,
https://results.eci.gov.in/ResultAcGenMay2026/statewiseS251.htm,Won In,:,80,,,,,,,,,,,,,,,,,,,,,,,,,,,,
https://results.eci.gov.in/ResultAcGenMay2026/statewiseS251.htm,Trailing In,:,0,,,,,,,,,,,,,,,,,,,,,,,,,,,,
https://results.eci.gov.in/ResultAcGenMay2026/statewiseS251.htm,Bharatiya Janata Party,i Party Wise State Trends Leading In : 0 Won In : 207 Trailing In : 0,Leading In,:,0,Won In,:,207,Trailing In,:,0,,,,,,,,,,,,,,,,,,,,
https://results.eci.gov.in/ResultAcGenMay2026/statewiseS251.htm,Leading In,:,0,,,,,,,,,,,,,,,,,,,,,,,,,,,,
https://results.eci.gov.in/ResultAcGenMay2026/statewiseS251.htm,Won In,:,207,,,,,,,,,,,,,,,,,,,,,,,,,,,,
https://results.eci.gov.in/ResultAcGenMay2026/statewiseS251.htm,Trailing In,:,0,,,,,,,,,,,,,,,,,,,,,,,,,,,,
https://results.eci.gov.in/ResultAcGenMay2026/statewiseS251.htm,AMTA,181,AMIT SAMANTA,Bharatiya Janata Party i Party Wise State Trends Leading In : 0 Won In : 207 Trailing In : 0,Bharatiya Janata Party,i Party Wise State Trends Leading In : 0 Won In : 207 Trailing In : 0,Leading In,:,0,Won In,:,207,Trailing In,:,0,SUKANTA KUMAR PAUL,All India Trinamool Congress i Party Wise State Trends Leading In : 0 Won In : 80 Trailing In : 0,All India Trinamool Congress,i Party Wise State Trends Leading In : 0 Won In : 80 Trailing In : 0,Leading In,:,0,Won In,:,80,Trailing In,:,0,4454,20/20,Result Declared
https://results.eci.gov.in/ResultAcGenMay2026/statewiseS251.htm,Bharatiya Janata Party,i Party Wise State Trends Leading In : 0 Won In : 207 Trailing In : 0,Leading In,:,0,Won In,:,207,Trailing In,:,0,,,,,,,,,,,,,,,,,,,,
https://results.eci.gov.in/ResultAcGenMay2026/statewiseS251.htm,Leading In,:,0,,,,,,,,,,,,,,,,,,,,,,,,,,,,
https://results.eci.gov.in/ResultAcGenMay2026/statewiseS251.htm,Won In,:,207,,,,,,,,,,,,,,,,,,,,,,,,,,,,
https://results.eci.gov.in/ResultAcGenMay2026/statewiseS251.htm,Trailing In,:,0,,,,,,,,,,,,,,,,,,,,,,,,,,,,
https://results.eci.gov.in/ResultAcGenMay2026/statewiseS251.htm,All India Trinamool Congress,i Party Wise State Trends Leading In : 0 Won In : 80 Trailing In : 0,Leading In,:,0,Won In,:,80,Trailing In,:,0,,,,,,,,,,,,,,,,,,,,
https://results.eci.gov.in/ResultAcGenMay2026/statewiseS251.htm,Leading In,:,0,,,,,,,,,,,,,,,,,,,,,,,,,,,,
https://results.eci.gov.in/ResultAcGenMay2026/statewiseS251.htm,Won In,:,80,,,,,,,,,,,,,,,,,,,,,,,,,,,,
https://results.eci.gov.in/ResultAcGenMay2026/statewiseS251.htm,Trailing In,:,0,,,,,,,,,,,,,,,,,,,,,,,,,,,,
https://results.eci.gov.in/ResultAcGenMay2026/statewiseS251.htm,ARAMBAG,200,BAG HEMANTA,Bharatiya Janata Party i Party Wise State Trends Leading In : 0 Won In : 207 Trailing In : 0,Bharatiya Janata Party,i Party Wise State Trends Leading In : 0 Won In : 207 Trailing In : 0,Leading In,:,0,Won In,:,207,Trailing In,:,0,BAG MITA,All India Trinamool Congress i Party Wise State Trends Leading In : 0 Won In : 80 Trailing In : 0,All India Trinamool Congress,i Party Wise State Trends Leading In : 0 Won In : 80 Trailing In : 0,Leading In,:,0,Won In,:,80,Trailing In,:,0,28959,24/24,Result Declared
https://results.eci.gov.in/ResultAcGenMay2026/statewiseS251.htm,Bharatiya Janata Party,i Party Wise State Trends Leading In : 0 Won In : 207 Trailing In : 0,Leading In,:,0,Won In,:,207,Trailing In,:,0,,,,,,,,,,,,,,,,,,,,
https://results.eci.gov.in/ResultAcGenMay2026/statewiseS251.htm,Leading In,:,0,,,,,,,,,,,,,,,,,,,,,,,,,,,,
https://results.eci.gov.in/ResultAcGenMay2026/statewiseS251.htm,Won In,:,207,,,,,,,,,,,,,,,,,,,,,,,,,,,,
https://results.eci.gov.in/ResultAcGenMay2026/statewiseS251.htm,Trailing In,:,0,,,,,,,,,,,,,,,,,,,,,,,,,,,,
https://results.eci.gov.in/ResultAcGenMay2026/statewiseS251.htm,All India Trinamool Congress,i Party Wise State Trends Leading In : 0 Won In : 80 Trailing In : 0,Leading In,:,0,Won In,:,80,Trailing In,:,0,,,,,,,,,,,,,,,,,,,,
https://results.eci.gov.in/ResultAcGenMay2026/statewiseS251.htm,Leading In,:,0,,,,,,,,,,,,,,,,,,,,,,,,,,,,
https://results.eci.gov.in/ResultAcGenMay2026/statewiseS251.htm,Won In,:,80,,,,,,,,,,,,,,,,,,,,,,,,,,,,
https://results.eci.gov.in/ResultAcGenMay2026/statewiseS251.htm,Trailing In,:,0,,,,,,,,,,,,,,,,,,,,,,,,,,,,
https://results.eci.gov.in/ResultAcGenMay2026/statewiseS251.htm,ASANSOL DAKSHIN,280,AGNIMITRA PAUL,Bharatiya Janata Party i Party Wise State Trends Leading In : 0 Won In : 207 Trailing In : 0,Bharatiya Janata Party,i Party Wise State Trends Leading In : 0 Won In : 207 Trailing In : 0,Leading In,:,0,Won In,:,207,Trailing In,:,0,TAPAS BANERJEE,All India Trinamool Congress i Party Wise State Trends Leading In : 0 Won In : 80 Trailing In : 0,All India Trinamool Congress,i Party Wise State Trends Leading In : 0 Won In : 80 Trailing In : 0,Leading In,:,0,Won In,:,80,Trailing In,:,0,40839,15/15,Result Declared
https://results.eci.gov.in/ResultAcGenMay2026/statewiseS251.htm,Bharatiya Janata Party,i Party Wise State Trends Leading In : 0 Won In : 207 Trailing In : 0,Leading In,:,0,Won In,:,207,Trailing In,:,0,,,,,,,,,,,,,,,,,,,,
https://results.eci.gov.in/ResultAcGenMay2026/statewiseS251.htm,Leading In,:,0,,,,,,,,,,,,,,,,,,,,,,,,,,,,
https://results.eci.gov.in/ResultAcGenMay2026/statewiseS251.htm,Won In,:,207,,,,,,,,,,,,,,,,,,,,,,,,,,,,
https://results.eci.gov.in/ResultAcGenMay2026/statewiseS251.htm,Trailing In,:,0,,,,,,,,,,,,,,,,,,,,,,,,,,,,
https://results.eci.gov.in/ResultAcGenMay2026/statewiseS251.htm,All India Trinamool Congress,i Party Wise State Trends Leading In : 0 Won In : 80 Trailing In : 0,Leading In,:,0,Won In,:,80,Trailing In,:,0,,,,,,,,,,,,,,,,,,,,
https://results.eci.gov.in/ResultAcGenMay2026/statewiseS251.htm,Leading In,:,0,,,,,,,,,,,,,,,,,,,,,,,,,,,,
https://results.eci.gov.in/ResultAcGenMay2026/statewiseS251.htm,Won In,:,80,,,,,,,,,,,,,,,,,,,,,,,,,,,,
https://results.eci.gov.in/ResultAcGenMay2026/statewiseS251.htm,Trailing In,:,0,,,,,,,,,,,,,,,,,,,,,,,,,,,,
https://results.eci.gov.in/ResultAcGenMay2026/statewiseS251.htm,ASANSOL UTTAR,281,KRISHNENDU MUKHERJEE,Bharatiya Janata Party i Party Wise State Trends Leading In : 0 Won In : 207 Trailing In : 0,Bharatiya Janata Party,i Party Wise State Trends Leading In : 0 Won In : 207 Trailing In : 0,Leading In,:,0,Won In,:,207,Trailing In,:,0,MOLOY GHATAK,All India Trinamool Congress i Party Wise State Trends Leading In : 0 Won In : 80 Trailing In : 0,All India Trinamool Congress,i Party Wise State Trends Leading In : 0 Won In : 80 Trailing In : 0,Leading In,:,0,Won In,:,80,Trailing In,:,0,11615,15/15,Result Declared
https://results.eci.gov.in/ResultAcGenMay2026/statewiseS251.htm,Bharatiya Janata Party,i Party Wise State Trends Leading In : 0 Won In : 207 Trailing In : 0,Leading In,:,0,Won In,:,207,Trailing In,:,0,,,,,,,,,,,,,,,,,,,,
https://results.eci.gov.in/ResultAcGenMay2026/statewiseS251.htm,Leading In,:,0,,,,,,,,,,,,,,,,,,,,,,,,,,,,
https://results.eci.gov.in/ResultAcGenMay2026/statewiseS251.htm,Won In,:,207,,,,,,,,,,,,,,,,,,,,,,,,,,,,
https://results.eci.gov.in/ResultAcGenMay2026/statewiseS251.htm,Trailing In,:,0,,,,,,,,,,,,,,,,,,,,,,,,,,,,
https://results.eci.gov.in/ResultAcGenMay2026/statewiseS251.htm,All India Trinamool Congress,i Party Wise State Trends Leading In : 0 Won In : 80 Trailing In : 0,Leading In,:,0,Won In,:,80,Trailing In,:,0,,,,,,,,,,,,,,,,,,,,
https://results.eci.gov.in/ResultAcGenMay2026/statewiseS251.htm,Leading In,:,0,,,,,,,,,,,,,,,,,,,,,,,,,,,,
https://results.eci.gov.in/ResultAcGenMay2026/statewiseS251.htm,Won In,:,80,,,,,,,,,,,,,,,,,,,,,,,,,,,,
https://results.eci.gov.in/ResultAcGenMay2026/statewiseS251.htm,Trailing In,:,0,,,,,,,,,,,,,,,,,,,,,,,,,,,,
https://results.eci.gov.in/ResultAcGenMay2026/statewiseS251.htm,ASHOKNAGAR,101,DR. SUMAY HIRA,Bharatiya Janata Party i Party Wise State Trends Leading In : 0 Won In : 207 Trailing In : 0,Bharatiya Janata Party,i Party Wise State Trends Leading In : 0 Won In : 207 Trailing In : 0,Leading In,:,0,Won In,:,207,Trailing In,:,0,NARAYAN GOSWAMI,All India Trinamool Congress i Party Wise State Trends Leading In : 0 Won In : 80 Trailing In : 0,All India Trinamool Congress,i Party Wise State Trends Leading In : 0 Won In : 80 Trailing In : 0,Leading In,:,0,Won In,:,80,Trailing In,:,0,9408,21/21,Result Declared
https://results.eci.gov.in/ResultAcGenMay2026/statewiseS251.htm,Bharatiya Janata Party,i Party Wise State Trends Leading In : 0 Won In : 207 Trailing In : 0,Leading In,:,0,Won In,:,207,Trailing In,:,0,,,,,,,,,,,,,,,,,,,,
https://results.eci.gov.in/ResultAcGenMay2026/statewiseS251.htm,Leading In,:,0,,,,,,,,,,,,,,,,,,,,,,,,,,,,
https://results.eci.gov.in/ResultAcGenMay2026/statewiseS251.htm,Won In,:,207,,,,,,,,,,,,,,,,,,,,,,,,,,,,
https://results.eci.gov.in/ResultAcGenMay2026/statewiseS251.htm,Trailing In,:,0,,,,,,,,,,,,,,,,,,,,,,,,,,,,
https://results.eci.gov.in/ResultAcGenMay2026/statewiseS251.htm,All India Trinamool Congress,i Party Wise State Trends Leading In : 0 Won In : 80 Trailing In : 0,Leading In,:,0,Won In,:,80,Trailing In,:,0,,,,,,,,,,,,,,,,,,,,
https://results.eci.gov.in/ResultAcGenMay2026/statewiseS251.htm,Leading In,:,0,,,,,,,,,,,,,,,,,,,,,,,,,,,,
https://results.eci.gov.in/ResultAcGenMay2026/statewiseS251.htm,Won In,:,80,,,,,,,,,,,,,,,,,,,,,,,,,,,,
https://results.eci.gov.in/ResultAcGenMay2026/statewiseS251.htm,Trailing In,:,0,,,,,,,,,,,,,,,,,,,,,,,,,,,,
https://results.eci.gov.in/ResultAcGenMay2026/statewiseS251.htm,AUSGRAM,273,KALITA MAJI,Bharatiya Janata Party i Party Wise State Trends Leading In : 0 Won In : 207 Trailing In : 0,Bharatiya Janata Party,i Party Wise State Trends Leading In : 0 Won In : 207 Trailing In : 0,Leading In,:,0,Won In,:,207,Trailing In,:,0,SHYAMA PRASANNA LOHAR,All India Trinamool Congress i Party Wise State Trends Leading In : 0 Won In : 80 Trailing In : 0,All India Trinamool Congress,i Party Wise State Trends Leading In : 0 Won In : 80 Trailing In : 0,Leading In,:,0,Won In,:,80,Trailing In,:,0,12535,16/16,Result Declared
https://results.eci.gov.in/ResultAcGenMay2026/statewiseS251.htm,Bharatiya Janata Party,i Party Wise State Trends Leading In : 0 Won In : 207 Trailing In : 0,Leading In,:,0,Won In,:,207,Trailing In,:,0,,,,,,,,,,,,,,,,,,,,
https://results.eci.gov.in/ResultAcGenMay2026/statewiseS251.htm,Leading In,:,0,,,,,,,,,,,,,,,,,,,,,,,,,,,,
https://results.eci.gov.in/ResultAcGenMay2026/statewiseS251.htm,Won In,:,207,,,,,,,,,,,,,,,,,,,,,,,,,,,,
https://results.eci.gov.in/ResultAcGenMay2026/statewiseS251.htm,Trailing In,:,0,,,,,,,,,,,,,,,,,,,,,,,,,,,,
https://results.eci.gov.in/ResultAcGenMay2026/statewiseS251.htm,All India Trinamool Congress,i Party Wise State Trends Leading In : 0 Won In : 80 Trailing In : 0,Leading In,:,0,Won In,:,80,Trailing In,:,0,,,,,,,,,,,,,,,,,,,,
https://results.eci.gov.in/ResultAcGenMay2026/statewiseS251.htm,Leading In,:,0,,,,,,,,,,,,,,,,,,,,,,,,,,,,
https://results.eci.gov.in/ResultAcGenMay2026/statewiseS251.htm,Won In,:,80,,,,,,,,,,,,,,,,,,,,,,,,,,,,
https://results.eci.gov.in/ResultAcGenMay2026/statewiseS251.htm,Trailing In,:,0,,,,,,,,,,,,,,,,,,,,,,,,,,,,
https://results.eci.gov.in/ResultAcGenMay2026/statewiseS251.htm,BADURIA,99,BURHANUL MUKADDIM (LITON),All India Trinamool Congress i Party Wise State Trends Leading In : 0 Won In : 80 Trailing In : 0,All India Trinamool Congress,i Party Wise State Trends Leading In : 0 Won In : 80 Trailing In : 0,Leading In,:,0,Won In,:,80,Trailing In,:,0,SUKRITI KUMAR SARKAR,Bharatiya Janata Party i Party Wise State Trends Leading In : 0 Won In : 207 Trailing In : 0,Bharatiya Janata Party,i Party Wise State Trends Leading In : 0 Won In : 207 Trailing In : 0,Leading In,:,0,Won In,:,207,Trailing In,:,0,40061,21/21,Result Declared
https://results.eci.gov.in/ResultAcGenMay2026/statewiseS251.htm,All India Trinamool Congress,i Party Wise State Trends Leading In : 0 Won In : 80 Trailing In : 0,Leading In,:,0,Won In,:,80,Trailing In,:,0,,,,,,,,,,,,,,,,,,,,
https://results.eci.gov.in/ResultAcGenMay2026/statewiseS251.htm,Leading In,:,0,,,,,,,,,,,,,,,,,,,,,,,,,,,,
https://results.eci.gov.in/ResultAcGenMay2026/statewiseS251.htm,Won In,:,80,,,,,,,,,,,,,,,,,,,,,,,,,,,,
https://results.eci.gov.in/ResultAcGenMay2026/statewiseS251.htm,Trailing In,:,0,,,,,,,,,,,,,,,,,,,,,,,,,,,,
https://results.eci.gov.in/ResultAcGenMay2026/statewiseS251.htm,Bharatiya Janata Party,i Party Wise State Trends Leading In : 0 Won In : 207 Trailing In : 0,Leading In,:,0,Won In,:,207,Trailing In,:,0,,,,,,,,,,,,,,,,,,,,
https://results.eci.gov.in/ResultAcGenMay2026/statewiseS251.htm,Leading In,:,0,,,,,,,,,,,,,,,,,,,,,,,,,,,,
https://results.eci.gov.in/ResultAcGenMay2026/statewiseS251.htm,Won In,:,207,,,,,,,,,,,,,,,,,,,,,,,,,,,,
https://results.eci.gov.in/ResultAcGenMay2026/statewiseS251.htm,Trailing In,:,0,,,,,,,,,,,,,,,,,,,,,,,,,,,,
https://results.eci.gov.in/ResultAcGenMay2026/statewiseS251.htm,BAGDA,94,SOMA THAKUR,Bharatiya Janata Party i Party Wise State Trends Leading In : 0 Won In : 207 Trailing In : 0,Bharatiya Janata Party,i Party Wise State Trends Leading In : 0 Won In : 207 Trailing In : 0,Leading In,:,0,Won In,:,207,Trailing In,:,0,MADHUPARNA THAKUR,All India Trinamool Congress i Party Wise State Trends Leading In : 0 Won In : 80 Trailing In : 0,All India Trinamool Congress,i Party Wise State Trends Leading In : 0 Won In : 80 Trailing In : 0,Leading In,:,0,Won In,:,80,Trailing In,:,0,34616,23/23,Result Declared
https://results.eci.gov.in/ResultAcGenMay2026/statewiseS251.htm,Bharatiya Janata Party,i Party Wise State Trends Leading In : 0 Won In : 207 Trailing In : 0,Leading In,:,0,Won In,:,207,Trailing In,:,0,,,,,,,,,,,,,,,,,,,,
https://results.eci.gov.in/ResultAcGenMay2026/statewiseS251.htm,Leading In,:,0,,,,,,,,,,,,,,,,,,,,,,,,,,,,
https://results.eci.gov.in/ResultAcGenMay2026/statewiseS251.htm,Won In,:,207,,,,,,,,,,,,,,,,,,,,,,,,,,,,
https://results.eci.gov.in/ResultAcGenMay2026/statewiseS251.htm,Trailing In,:,0,,,,,,,,,,,,,,,,,,,,,,,,,,,,
https://results.eci.gov.in/ResultAcGenMay2026/statewiseS251.htm,All India Trinamool Congress,i Party Wise State Trends Leading In : 0 Won In : 80 Trailing In : 0,Leading In,:,0,Won In,:,80,Trailing In,:,0,,,,,,,,,,,,,,,,,,,,
https://results.eci.gov.in/ResultAcGenMay2026/statewiseS251.htm,Leading In,:,0,,,,,,,,,,,,,,,,,,,,,,,,,,,,
https://results.eci.gov.in/ResultAcGenMay2026/statewiseS251.htm,Won In,:,80,,,,,,,,,,,,,,,,,,,,,,,,,,,,
https://results.eci.gov.in/ResultAcGenMay2026/statewiseS251.htm,Trailing In,:,0,,,,,,,,,,,,,,,,,,,,,,,,,,,,
https://results.eci.gov.in/ResultAcGenMay2026/statewiseS251.htm,BAGHMUNDI,240,RAHIDAS MAHATO,Bharatiya Janata Party i Party Wise State Trends Leading In : 0 Won In : 207 Trailing In : 0,Bharatiya Janata Party,i Party Wise State Trends Leading In : 0 Won In : 207 Trailing In : 0,Leading In,:,0,Won In,:,207,Trailing In,:,0,SUSHANTA MAHATO,All India Trinamool Congress i Party Wise State Trends Leading In : 0 Won In : 80 Trailing In : 0,All India Trinamool Congress,i Party Wise State Trends Leading In : 0 Won In : 80 Trailing In : 0,Leading In,:,0,Won In,:,80,Trailing In,:,0,40817,22/22,Result Declared
https://results.eci.gov.in/ResultAcGenMay2026/statewiseS251.htm,Bharatiya Janata Party,i Party Wise State Trends Leading In : 0 Won In : 207 Trailing In : 0,Leading In,:,0,Won In,:,207,Trailing In,:,0,,,,,,,,,,,,,,,,,,,,
https://results.eci.gov.in/ResultAcGenMay2026/statewiseS251.htm,Leading In,:,0,,,,,,,,,,,,,,,,,,,,,,,,,,,,
https://results.eci.gov.in/ResultAcGenMay2026/statewiseS251.htm,Won In,:,207,,,,,,,,,,,,,,,,,,,,,,,,,,,,
https://results.eci.gov.in/ResultAcGenMay2026/statewiseS251.htm,Trailing In,:,0,,,,,,,,,,,,,,,,,,,,,,,,,,,,
https://results.eci.gov.in/ResultAcGenMay2026/statewiseS251.htm,All India Trinamool Congress,i Party Wise State Trends Leading In : 0 Won In : 80 Trailing In : 0,Leading In,:,0,Won In,:,80,Trailing In,:,0,,,,,,,,,,,,,,,,,,,,
https://results.eci.gov.in/ResultAcGenMay2026/statewiseS251.htm,Leading In,:,0,,,,,,,,,,,,,,,,,,,,,,,,,,,,
https://results.eci.gov.in/ResultAcGenMay2026/statewiseS251.htm,Won In,:,80,,,,,,,,,,,,,,,,,,,,,,,,,,,,
https://results.eci.gov.in/ResultAcGenMay2026/statewiseS251.htm,Trailing In,:,0,,,,,,,,,,,,,,,,,,,,,,,,,,,,
https://results.eci.gov.in/ResultAcGenMay2026/statewiseS251.htm,BAGNAN,180,ARUNAVA SEN,All India Trinamool Congress i Party Wise State Trends Leading In : 0 Won In : 80 Trailing In : 0,All India Trinamool Congress,i Party Wise State Trends Leading In : 0 Won In : 80 Trailing In : 0,Leading In,:,0,Won In,:,80,Trailing In,:,0,PRAMANSHU RANA,Bharatiya Janata Party i Party Wise State Trends Leading In : 0 Won In : 207 Trailing In : 0,Bharatiya Janata Party,i Party Wise State Trends Leading In : 0 Won In : 207 Trailing In : 0,Leading In,:,0,Won In,:,207,Trailing In,:,0,11316,20/20,Result Declared
https://results.eci.gov.in/ResultAcGenMay2026/statewiseS251.htm,All India Trinamool Congress,i Party Wise State Trends Leading In : 0 Won In : 80 Trailing In : 0,Leading In,:,0,Won In,:,80,Trailing In,:,0,,,,,,,,,,,,,,,,,,,,
https://results.eci.gov.in/ResultAcGenMay2026/statewiseS251.htm,Leading In,:,0,,,,,,,,,,,,,,,,,,,,,,,,,,,,
https://results.eci.gov.in/ResultAcGenMay2026/statewiseS251.htm,Won In,:,80,,,,,,,,,,,,,,,,,,,,,,,,,,,,
https://results.eci.gov.in/ResultAcGenMay2026/statewiseS251.htm,Trailing In,:,0,,,,,,,,,,,,,,,,,,,,,,,,,,,,
https://results.eci.gov.in/ResultAcGenMay2026/statewiseS251.htm,Bharatiya Janata Party,i Party Wise State Trends Leading In : 0 Won In : 207 Trailing In : 0,Leading In,:,0,Won In,:,207,Trailing In,:,0,,,,,,,,,,,,,,,,,,,,
https://results.eci.gov.in/ResultAcGenMay2026/statewiseS251.htm,Leading In,:,0,,,,,,,,,,,,,,,,,,,,,,,,,,,,
https://results.eci.gov.in/ResultAcGenMay2026/statewiseS251.htm,Won In,:,207,,,,,,,,,,,,,,,,,,,,,,,,,,,,
https://results.eci.gov.in/ResultAcGenMay2026/statewiseS251.htm,Trailing In,:,0,,,,,,,,,,,,,,,,,,,,,,,,,,,,
https://results.eci.gov.in/ResultAcGenMay2026/statewiseS251.htm,BAHARAMPUR,72,SUBRATA MAITRA (KANCHAN),Bharatiya Janata Party i Party Wise State Trends Leading In : 0 Won In : 207 Trailing In : 0,Bharatiya Janata Party,i Party Wise State Trends Leading In : 0 Won In : 207 Trailing In : 0,Leading In,:,0,Won In,:,207,Trailing In,:,0,ADHIR RANJAN CHOWDHURY,Indian National Congress i Party Wise State Trends Leading In : 0 Won In : 2 Trailing In : 0,Indian National Congress,i Party Wise State Trends Leading In : 0 Won In : 2 Trailing In : 0,Leading In,:,0,Won In,:,2,Trailing In,:,0,17548,17/17,Result Declared
https://results.eci.gov.in/ResultAcGenMay2026/statewiseS251.htm,Bharatiya Janata Party,i Party Wise State Trends Leading In : 0 Won In : 207 Trailing In : 0,Leading In,:,0,Won In,:,207,Trailing In,:,0,,,,,,,,,,,,,,,,,,,,
https://results.eci.gov.in/ResultAcGenMay2026/statewiseS251.htm,Leading In,:,0,,,,,,,,,,,,,,,,,,,,,,,,,,,,
https://results.eci.gov.in/ResultAcGenMay2026/statewiseS251.htm,Won In,:,207,,,,,,,,,,,,,,,,,,,,,,,,,,,,
https://results.eci.gov.in/ResultAcGenMay2026/statewiseS251.htm,Trailing In,:,0,,,,,,,,,,,,,,,,,,,,,,,,,,,,
https://results.eci.gov.in/ResultAcGenMay2026/statewiseS251.htm,Indian National Congress,i Party Wise State Trends Leading In : 0 Won In : 2 Trailing In : 0,Leading In,:,0,Won In,:,2,Trailing In,:,0,,,,,,,,,,,,,,,,,,,,
https://results.eci.gov.in/ResultAcGenMay2026/statewiseS251.htm,Leading In,:,0,,,,,,,,,,,,,,,,,,,,,,,,,,,,
https://results.eci.gov.in/ResultAcGenMay2026/statewiseS251.htm,Won In,:,2,,,,,,,,,,,,,,,,,,,,,,,,,,,,
https://results.eci.gov.in/ResultAcGenMay2026/statewiseS251.htm,Trailing In,:,0,,,,,,,,,,,,,,,,,,,,,,,,,,,,
https://results.eci.gov.in/ResultAcGenMay2026/statewiseS251.htm,BAISNABNAGAR,54,RAJU KARMAKAR,Bharatiya Janata Party i Party Wise State Trends Leading In : 0 Won In : 207 Trailing In : 0,Bharatiya Janata Party,i Party Wise State Trends Leading In : 0 Won In : 207 Trailing In : 0,Leading In,:,0,Won In,:,207,Trailing In,:,0,CHANDANA SARKAR,All India Trinamool Congress i Party Wise State Trends Leading In : 0 Won In : 80 Trailing In : 0,All India Trinamool Congress,i Party Wise State Trends Leading In : 0 Won In : 80 Trailing In : 0,Leading In,:,0,Won In,:,80,Trailing In,:,0,46881,21/21,Result Declared
https://results.eci.gov.in/ResultAcGenMay2026/statewiseS251.htm,Bharatiya Janata Party,i Party Wise State Trends Leading In : 0 Won In : 207 Trailing In : 0,Leading In,:,0,Won In,:,207,Trailing In,:,0,,,,,,,,,,,,,,,,,,,,
https://results.eci.gov.in/ResultAcGenMay2026/statewiseS251.htm,Leading In,:,0,,,,,,,,,,,,,,,,,,,,,,,,,,,,
https://results.eci.gov.in/ResultAcGenMay2026/statewiseS251.htm,Won In,:,207,,,,,,,,,,,,,,,,,,,,,,,,,,,,
https://results.eci.gov.in/ResultAcGenMay2026/statewiseS251.htm,Trailing In,:,0,,,,,,,,,,,,,,,,,,,,,,,,,,,,
https://results.eci.gov.in/ResultAcGenMay2026/statewiseS251.htm,All India Trinamool Congress,i Party Wise State Trends Leading In : 0 Won In : 80 Trailing In : 0,Leading In,:,0,Won In,:,80,Trailing In,:,0,,,,,,,,,,,,,,,,,,,,
https://results.eci.gov.in/ResultAcGenMay2026/statewiseS251.htm,Leading In,:,0,,,,,,,,,,,,,,,,,,,,,,,,,,,,
https://results.eci.gov.in/ResultAcGenMay2026/statewiseS251.htm,Won In,:,80,,,,,,,,,,,,,,,,,,,,,,,,,,,,
https://results.eci.gov.in/ResultAcGenMay2026/statewiseS251.htm,Trailing In,:,0,,,,,,,,,,,,,,,,,,,,,,,,,,,,
https://results.eci.gov.in/ResultAcGenMay2026/statewiseS251.htm,BALAGARH,191,SUMANA SARKAR,Bharatiya Janata Party i Party Wise State Trends Leading In : 0 Won In : 207 Trailing In : 0,Bharatiya Janata Party,i Party Wise State Trends Leading In : 0 Won In : 207 Trailing In : 0,Leading In,:,0,Won In,:,207,Trailing In,:,0,RANJAN DHARA,All India Trinamool Congress i Party Wise State Trends Leading In : 0 Won In : 80 Trailing In : 0,All India Trinamool Congress,i Party Wise State Trends Leading In : 0 Won In : 80 Trailing In : 0,Leading In,:,0,Won In,:,80,Trailing In,:,0,41914,13/13,Result Declared
https://results.eci.gov.in/ResultAcGenMay2026/statewiseS251.htm,Bharatiya Janata Party,i Party Wise State Trends Leading In : 0 Won In : 207 Trailing In : 0,Leading In,:,0,Won In,:,207,Trailing In,:,0,,,,,,,,,,,,,,,,,,,,
https://results.eci.gov.in/ResultAcGenMay2026/statewiseS251.htm,Leading In,:,0,,,,,,,,,,,,,,,,,,,,,,,,,,,,
https://results.eci.gov.in/ResultAcGenMay2026/statewiseS251.htm,Won In,:,207,,,,,,,,,,,,,,,,,,,,,,,,,,,,
https://results.eci.gov.in/ResultAcGenMay2026/statewiseS251.htm,Trailing In,:,0,,,,,,,,,,,,,,,,,,,,,,,,,,,,
https://results.eci.gov.in/ResultAcGenMay2026/statewiseS251.htm,All India Trinamool Congress,i Party Wise State Trends Leading In : 0 Won In : 80 Trailing In : 0,Leading In,:,0,Won In,:,80,Trailing In,:,0,,,,,,,,,,,,,,,,,,,,
https://results.eci.gov.in/ResultAcGenMay2026/statewiseS251.htm,Leading In,:,0,,,,,,,,,,,,,,,,,,,,,,,,,,,,
https://results.eci.gov.in/ResultAcGenMay2026/statewiseS251.htm,Won In,:,80,,,,,,,,,,,,,,,,,,,,,,,,,,,,
https://results.eci.gov.in/ResultAcGenMay2026/statewiseS251.htm,Trailing In,:,0,,,,,,,,,,,,,,,,,,,,,,,,,,,,
https://results.eci.gov.in/ResultAcGenMay2026/statewiseS251.htm,BALARAMPUR,239,JALADHAR MAHATO,Bharatiya Janata Party i Party Wise State Trends Leading In : 0 Won In : 207 Trailing In : 0,Bharatiya Janata Party,i Party Wise State Trends Leading In : 0 Won In : 207 Trailing In : 0,Leading In,:,0,Won In,:,207,Trailing In,:,0,SHANTIRAM MAHATO,All India Trinamool Congress i Party Wise State Trends Leading In : 0 Won In : 80 Trailing In : 0,All India Trinamool Congress,i Party Wise State Trends Leading In : 0 Won In : 80 Trailing In : 0,Leading In,:,0,Won In,:,80,Trailing In,:,0,35051,22/22,Result Declared
https://results.eci.gov.in/ResultAcGenMay2026/statewiseS251.htm,Bharatiya Janata Party,i Party Wise State Trends Leading In : 0 Won In : 207 Trailing In : 0,Leading In,:,0,Won In,:,207,Trailing In,:,0,,,,,,,,,,,,,,,,,,,,
https://results.eci.gov.in/ResultAcGenMay2026/statewiseS251.htm,Leading In,:,0,,,,,,,,,,,,,,,,,,,,,,,,,,,,
https://results.eci.gov.in/ResultAcGenMay2026/statewiseS251.htm,Won In,:,207,,,,,,,,,,,,,,,,,,,,,,,,,,,,
https://results.eci.gov.in/ResultAcGenMay2026/statewiseS251.htm,Trailing In,:,0,,,,,,,,,,,,,,,,,,,,,,,,,,,,
https://results.eci.gov.in/ResultAcGenMay2026/statewiseS251.htm,All India Trinamool Congress,i Party Wise State Trends Leading In : 0 Won In : 80 Trailing In : 0,Leading In,:,0,Won In,:,80,Trailing In,:,0,,,,,,,,,,,,,,,,,,,,
https://results.eci.gov.in/ResultAcGenMay2026/statewiseS251.htm,Leading In,:,0,,,,,,,,,,,,,,,,,,,,,,,,,,,,
https://results.eci.gov.in/ResultAcGenMay2026/statewiseS251.htm,Won In,:,80,,,,,,,,,,,,,,,,,,,,,,,,,,,,
https://results.eci.gov.in/ResultAcGenMay2026/statewiseS251.htm,Trailing In,:,0,,,,,,,,,,,,,,,,,,,,,,,,,,,,
https://results.eci.gov.in/ResultAcGenMay2026/statewiseS251.htm,BALLY,169,SANJAY KUMAR SINGH,Bharatiya Janata Party i Party Wise State Trends Leading In : 0 Won In : 207 Trailing In : 0,Bharatiya Janata Party,i Party Wise State Trends Leading In : 0 Won In : 207 Trailing In : 0,Leading In,:,0,Won In,:,207,Trailing In,:,0,KAILASH KUMAR MISHRA,All India Trinamool Congress i Party Wise State Trends Leading In : 0 Won In : 80 Trailing In : 0,All India Trinamool Congress,i Party Wise State Trends Leading In : 0 Won In : 80 Trailing In : 0,Leading In,:,0,Won In,:,80,Trailing In,:,0,11997,15/15,Result Declared
https://results.eci.gov.in/ResultAcGenMay2026/statewiseS251.htm,Bharatiya Janata Party,i Party Wise State Trends Leading In : 0 Won In : 207 Trailing In : 0,Leading In,:,0,Won In,:,207,Trailing In,:,0,,,,,,,,,,,,,,,,,,,,
https://results.eci.gov.in/ResultAcGenMay2026/statewiseS251.htm,Leading In,:,0,,,,,,,,,,,,,,,,,,,,,,,,,,,,
https://results.eci.gov.in/ResultAcGenMay2026/statewiseS251.htm,Won In,:,207,,,,,,,,,,,,,,,,,,,,,,,,,,,,
https://results.eci.gov.in/ResultAcGenMay2026/statewiseS251.htm,Trailing In,:,0,,,,,,,,,,,,,,,,,,,,,,,,,,,,
https://results.eci.gov.in/ResultAcGenMay2026/statewiseS251.htm,All India Trinamool Congress,i Party Wise State Trends Leading In : 0 Won In : 80 Trailing In : 0,Leading In,:,0,Won In,:,80,Trailing In,:,0,,,,,,,,,,,,,,,,,,,,
https://results.eci.gov.in/ResultAcGenMay2026/statewiseS251.htm,Leading In,:,0,,,,,,,,,,,,,,,,,,,,,,,,,,,,
https://results.eci.gov.in/ResultAcGenMay2026/statewiseS251.htm,Won In,:,80,,,,,,,,,,,,,,,,,,,,,,,,,,,,
https://results.eci.gov.in/ResultAcGenMay2026/statewiseS251.htm,Trailing In,:,0,,,,,,,,,,,,,,,,,,,,,,,,,,,,
https://results.eci.gov.in/ResultAcGenMay2026/statewiseS251.htm,BALLYGUNGE,161,SOBHANDEB CHATTOPADHYAY,All India Trinamool Congress i Party Wise State Trends Leading In : 0 Won In : 80 Trailing In : 0,All India Trinamool Congress,i Party Wise State Trends Leading In : 0 Won In : 80 Trailing In : 0,Leading In,:,0,Won In,:,80,Trailing In,:,0,SHATORUPA,Bharatiya Janata Party i Party Wise State Trends Leading In : 0 Won In : 207 Trailing In : 0,Bharatiya Janata Party,i Party Wise State Trends Leading In : 0 Won In : 207 Trailing In : 0,Leading In,:,0,Won In,:,207,Trailing In,:,0,61476,16/16,Result Declared
https://results.eci.gov.in/ResultAcGenMay2026/statewiseS251.htm,All India Trinamool Congress,i Party Wise State Trends Leading In : 0 Won In : 80 Trailing In : 0,Leading In,:,0,Won In,:,80,Trailing In,:,0,,,,,,,,,,,,,,,,,,,,
https://results.eci.gov.in/ResultAcGenMay2026/statewiseS251.htm,Leading In,:,0,,,,,,,,,,,,,,,,,,,,,,,,,,,,
https://results.eci.gov.in/ResultAcGenMay2026/statewiseS251.htm,Won In,:,80,,,,,,,,,,,,,,,,,,,,,,,,,,,,
https://results.eci.gov.in/ResultAcGenMay2026/statewiseS251.htm,Trailing In,:,0,,,,,,,,,,,,,,,,,,,,,,,,,,,,
https://results.eci.gov.in/ResultAcGenMay2026/statewiseS251.htm,Bharatiya Janata Party,i Party Wise State Trends Leading In : 0 Won In : 207 Trailing In : 0,Leading In,:,0,Won In,:,207,Trailing In,:,0,,,,,,,,,,,,,,,,,,,,
https://results.eci.gov.in/ResultAcGenMay2026/statewiseS251.htm,Leading In,:,0,,,,,,,,,,,,,,,,,,,,,,,,,,,,
https://results.eci.gov.in/ResultAcGenMay2026/statewiseS251.htm,Won In,:,207,,,,,,,,,,,,,,,,,,,,,,,,,,,,
https://results.eci.gov.in/ResultAcGenMay2026/statewiseS251.htm,Trailing In,:,0,,,,,,,,,,,,,,,,,,,,,,,,,,,,
https://results.eci.gov.in/ResultAcGenMay2026/statewiseS251.htm,BALURGHAT,39,BIDYUT KUMAR ROY,Bharatiya Janata Party i Party Wise State Trends Leading In : 0 Won In : 207 Trailing In : 0,Bharatiya Janata Party,i Party Wise State Trends Leading In : 0 Won In : 207 Trailing In : 0,Leading In,:,0,Won In,:,207,Trailing In,:,0,ARPITA GHOSH,All India Trinamool Congress i Party Wise State Trends Leading In : 0 Won In : 80 Trailing In : 0,All India Trinamool Congress,i Party Wise State Trends Leading In : 0 Won In : 80 Trailing In : 0,Leading In,:,0,Won In,:,80,Trailing In,:,0,47576,16/16,Result Declared
https://results.eci.gov.in/ResultAcGenMay2026/statewiseS251.htm,Bharatiya Janata Party,i Party Wise State Trends Leading In : 0 Won In : 207 Trailing In : 0,Leading In,:,0,Won In,:,207,Trailing In,:,0,,,,,,,,,,,,,,,,,,,,
https://results.eci.gov.in/ResultAcGenMay2026/statewiseS251.htm,Leading In,:,0,,,,,,,,,,,,,,,,,,,,,,,,,,,,
https://results.eci.gov.in/ResultAcGenMay2026/statewiseS251.htm,Won In,:,207,,,,,,,,,,,,,,,,,,,,,,,,,,,,
https://results.eci.gov.in/ResultAcGenMay2026/statewiseS251.htm,Trailing In,:,0,,,,,,,,,,,,,,,,,,,,,,,,,,,,
https://results.eci.gov.in/ResultAcGenMay2026/statewiseS251.htm,All India Trinamool Congress,i Party Wise State Trends Leading In : 0 Won In : 80 Trailing In : 0,Leading In,:,0,Won In,:,80,Trailing In,:,0,,,,,,,,,,,,,,,,,,,,
https://results.eci.gov.in/ResultAcGenMay2026/statewiseS251.htm,Leading In,:,0,,,,,,,,,,,,,,,,,,,,,,,,,,,,
https://results.eci.gov.in/ResultAcGenMay2026/statewiseS251.htm,Won In,:,80,,,,,,,,,,,,,,,,,,,,,,,,,,,,
https://results.eci.gov.in/ResultAcGenMay2026/statewiseS251.htm,Trailing In,:,0,,,,,,,,,,,,,,,,,,,,,,,,,,,,
https://results.eci.gov.in/ResultAcGenMay2026/statewiseS251.htm,BANDWAN,238,LABSEN BASKEY,Bharatiya Janata Party i Party Wise State Trends Leading In : 0 Won In : 207 Trailing In : 0,Bharatiya Janata Party,i Party Wise State Trends Leading In : 0 Won In : 207 Trailing In : 0,Leading In,:,0,Won In,:,207,Trailing In,:,0,RAJIB LOCHAN SAREN,All India Trinamool Congress i Party Wise State Trends Leading In : 0 Won In : 80 Trailing In : 0,All India Trinamool Congress,i Party Wise State Trends Leading In : 0 Won In : 80 Trailing In : 0,Leading In,:,0,Won In,:,80,Trailing In,:,0,29577,20/20,Result Declared
https://results.eci.gov.in/ResultAcGenMay2026/statewiseS251.htm,Bharatiya Janata Party,i Party Wise State Trends Leading In : 0 Won In : 207 Trailing In : 0,Leading In,:,0,Won In,:,207,Trailing In,:,0,,,,,,,,,,,,,,,,,,,,
https://results.eci.gov.in/ResultAcGenMay2026/statewiseS251.htm,Leading In,:,0,,,,,,,,,,,,,,,,,,,,,,,,,,,,
https://results.eci.gov.in/ResultAcGenMay2026/statewiseS251.htm,Won In,:,207,,,,,,,,,,,,,,,,,,,,,,,,,,,,
https://results.eci.gov.in/ResultAcGenMay2026/statewiseS251.htm,Trailing In,:,0,,,,,,,,,,,,,,,,,,,,,,,,,,,,
https://results.eci.gov.in/ResultAcGenMay2026/statewiseS251.htm,All India Trinamool Congress,i Party Wise State Trends Leading In : 0 Won In : 80 Trailing In : 0,Leading In,:,0,Won In,:,80,Trailing In,:,0,,,,,,,,,,,,,,,,,,,,
https://results.eci.gov.in/ResultAcGenMay2026/statewiseS251.htm,Leading In,:,0,,,,,,,,,,,,,,,,,,,,,,,,,,,,
https://results.eci.gov.in/ResultAcGenMay2026/statewiseS251.htm,Won In,:,80,,,,,,,,,,,,,,,,,,,,,,,,,,,,
https://results.eci.gov.in/ResultAcGenMay2026/statewiseS251.htm,Trailing In,:,0,,,,,,,,,,,,,,,,,,,,,,,,,,,,
https://results.eci.gov.in/ResultAcGenMay2026/statewiseS251.htm,,,,,,,,,,,,,,,,,,,,,,,,,,,,,,,
https://results.eci.gov.in/ResultAcGenMay2026/statewiseS252.htm,Status Known For 293 out of 293 Constituencies,,,,,,,,,,,,,,,,,,,,,,,,,,,,,,
https://results.eci.gov.in/ResultAcGenMay2026/statewiseS252.htm,Constituency,Const. No.,Leading Candidate,Leading Party,Trailing Candidate,Trailing Party,Margin,Round,Status,,,,,,,,,,,,,,,,,,,,,,
https://results.eci.gov.in/ResultAcGenMay2026/statewiseS252.htm,BANGAON DAKSHIN,96,SWAPAN MAJUMDER,Bharatiya Janata Party i Party Wise State Trends Leading In : 0 Won In : 207 Trailing In : 0,Bharatiya Janata Party,i Party Wise State Trends Leading In : 0 Won In : 207 Trailing In : 0,Leading In,:,0,Won In,:,207,Trailing In,:,0,RITUPARNA ADDHYA,All India Trinamool Congress i Party Wise State Trends Leading In : 0 Won In : 80 Trailing In : 0,All India Trinamool Congress,i Party Wise State Trends Leading In : 0 Won In : 80 Trailing In : 0,Leading In,:,0,Won In,:,80,Trailing In,:,0,37814,21/21,Result Declared
https://results.eci.gov.in/ResultAcGenMay2026/statewiseS252.htm,Bharatiya Janata Party,i Party Wise State Trends Leading In : 0 Won In : 207 Trailing In : 0,Leading In,:,0,Won In,:,207,Trailing In,:,0,,,,,,,,,,,,,,,,,,,,
https://results.eci.gov.in/ResultAcGenMay2026/statewiseS252.htm,Leading In,:,0,,,,,,,,,,,,,,,,,,,,,,,,,,,,
https://results.eci.gov.in/ResultAcGenMay2026/statewiseS252.htm,Won In,:,207,,,,,,,,,,,,,,,,,,,,,,,,,,,,
https://results.eci.gov.in/ResultAcGenMay2026/statewiseS252.htm,Trailing In,:,0,,,,,,,,,,,,,,,,,,,,,,,,,,,,
https://results.eci.gov.in/ResultAcGenMay2026/statewiseS252.htm,All India Trinamool Congress,i Party Wise State Trends Leading In : 0 Won In : 80 Trailing In : 0,Leading In,:,0,Won In,:,80,Trailing In,:,0,,,,,,,,,,,,,,,,,,,,
https://results.eci.gov.in/ResultAcGenMay2026/statewiseS252.htm,Leading In,:,0,,,,,,,,,,,,,,,,,,,,,,,,,,,,
https://results.eci.gov.in/ResultAcGenMay2026/statewiseS252.htm,Won In,:,80,,,,,,,,,,,,,,,,,,,,,,,,,,,,
https://results.eci.gov.in/ResultAcGenMay2026/statewiseS252.htm,Trailing In,:,0,,,,,,,,,,,,,,,,,,,,,,,,,,,,
https://results.eci.gov.in/ResultAcGenMay2026/statewiseS252.htm,BANGAON UTTAR,95,ASHOK KIRTANIA,Bharatiya Janata Party i Party Wise State Trends Leading In : 0 Won In : 207 Trailing In : 0,Bharatiya Janata Party,i Party Wise State Trends Leading In : 0 Won In : 207 Trailing In : 0,Leading In,:,0,Won In,:,207,Trailing In,:,0,BISWAJIT DAS,All India Trinamool Congress i Party Wise State Trends Leading In : 0 Won In : 80 Trailing In : 0,All India Trinamool Congress,i Party Wise State Trends Leading In : 0 Won In : 80 Trailing In : 0,Leading In,:,0,Won In,:,80,Trailing In,:,0,40670,21/21,Result Declared
https://results.eci.gov.in/ResultAcGenMay2026/statewiseS252.htm,Bharatiya Janata Party,i Party Wise State Trends Leading In : 0 Won In : 207 Trailing In : 0,Leading In,:,0,Won In,:,207,Trailing In,:,0,,,,,,,,,,,,,,,,,,,,
https://results.eci.gov.in/ResultAcGenMay2026/statewiseS252.htm,Leading In,:,0,,,,,,,,,,,,,,,,,,,,,,,,,,,,
https://results.eci.gov.in/ResultAcGenMay2026/statewiseS252.htm,Won In,:,207,,,,,,,,,,,,,,,,,,,,,,,,,,,,
https://results.eci.gov.in/ResultAcGenMay2026/statewiseS252.htm,Trailing In,:,0,,,,,,,,,,,,,,,,,,,,,,,,,,,,
https://results.eci.gov.in/ResultAcGenMay2026/statewiseS252.htm,All India Trinamool Congress,i Party Wise State Trends Leading In : 0 Won In : 80 Trailing In : 0,Leading In,:,0,Won In,:,80,Trailing In,:,0,,,,,,,,,,,,,,,,,,,,
https://results.eci.gov.in/ResultAcGenMay2026/statewiseS252.htm,Leading In,:,0,,,,,,,,,,,,,,,,,,,,,,,,,,,,
https://results.eci.gov.in/ResultAcGenMay2026/statewiseS252.htm,Won In,:,80,,,,,,,,,,,,,,,,,,,,,,,,,,,,
https://results.eci.gov.in/ResultAcGenMay2026/statewiseS252.htm,Trailing In,:,0,,,,,,,,,,,,,,,,,,,,,,,,,,,,
https://results.eci.gov.in/ResultAcGenMay2026/statewiseS252.htm,BANKURA,252,NILADRI SEKHAR DANA,Bharatiya Janata Party i Party Wise State Trends Leading In : 0 Won In : 207 Trailing In : 0,Bharatiya Janata Party,i Party Wise State Trends Leading In : 0 Won In : 207 Trailing In : 0,Leading In,:,0,Won In,:,207,Trailing In,:,0,DR. ANUP MANDAL,All India Trinamool Congress i Party Wise State Trends Leading In : 0 Won In : 80 Trailing In : 0,All India Trinamool Congress,i Party Wise State Trends Leading In : 0 Won In : 80 Trailing In : 0,Leading In,:,0,Won In,:,80,Trailing In,:,0,54177,24/24,Result Declared
https://results.eci.gov.in/ResultAcGenMay2026/statewiseS252.htm,Bharatiya Janata Party,i Party Wise State Trends Leading In : 0 Won In : 207 Trailing In : 0,Leading In,:,0,Won In,:,207,Trailing In,:,0,,,,,,,,,,,,,,,,,,,,
https://results.eci.gov.in/ResultAcGenMay2026/statewiseS252.htm,Leading In,:,0,,,,,,,,,,,,,,,,,,,,,,,,,,,,
https://results.eci.gov.in/ResultAcGenMay2026/statewiseS252.htm,Won In,:,207,,,,,,,,,,,,,,,,,,,,,,,,,,,,
https://results.eci.gov.in/ResultAcGenMay2026/statewiseS252.htm,Trailing In,:,0,,,,,,,,,,,,,,,,,,,,,,,,,,,,
https://results.eci.gov.in/ResultAcGenMay2026/statewiseS252.htm,All India Trinamool Congress,i Party Wise State Trends Leading In : 0 Won In : 80 Trailing In : 0,Leading In,:,0,Won In,:,80,Trailing In,:,0,,,,,,,,,,,,,,,,,,,,
https://results.eci.gov.in/ResultAcGenMay2026/statewiseS252.htm,Leading In,:,0,,,,,,,,,,,,,,,,,,,,,,,,,,,,
https://results.eci.gov.in/ResultAcGenMay2026/statewiseS252.htm,Won In,:,80,,,,,,,,,,,,,,,,,,,,,,,,,,,,
https://results.eci.gov.in/ResultAcGenMay2026/statewiseS252.htm,Trailing In,:,0,,,,,,,,,,,,,,,,,,,,,,,,,,,,
https://results.eci.gov.in/ResultAcGenMay2026/statewiseS252.htm,BARABANI,283,ARIJIT ROY,Bharatiya Janata Party i Party Wise State Trends Leading In : 0 Won In : 207 Trailing In : 0,Bharatiya Janata Party,i Party Wise State Trends Leading In : 0 Won In : 207 Trailing In : 0,Leading In,:,0,Won In,:,207,Trailing In,:,0,BIDHAN UPADHYAY,All India Trinamool Congress i Party Wise State Trends Leading In : 0 Won In : 80 Trailing In : 0,All India Trinamool Congress,i Party Wise State Trends Leading In : 0 Won In : 80 Trailing In : 0,Leading In,:,0,Won In,:,80,Trailing In,:,0,11722,12/12,Result Declared
https://results.eci.gov.in/ResultAcGenMay2026/statewiseS252.htm,Bharatiya Janata Party,i Party Wise State Trends Leading In : 0 Won In : 207 Trailing In : 0,Leading In,:,0,Won In,:,207,Trailing In,:,0,,,,,,,,,,,,,,,,,,,,
https://results.eci.gov.in/ResultAcGenMay2026/statewiseS252.htm,Leading In,:,0,,,,,,,,,,,,,,,,,,,,,,,,,,,,
https://results.eci.gov.in/ResultAcGenMay2026/statewiseS252.htm,Won In,:,207,,,,,,,,,,,,,,,,,,,,,,,,,,,,
https://results.eci.gov.in/ResultAcGenMay2026/statewiseS252.htm,Trailing In,:,0,,,,,,,,,,,,,,,,,,,,,,,,,,,,
https://results.eci.gov.in/ResultAcGenMay2026/statewiseS252.htm,All India Trinamool Congress,i Party Wise State Trends Leading In : 0 Won In : 80 Trailing In : 0,Leading In,:,0,Won In,:,80,Trailing In,:,0,,,,,,,,,,,,,,,,,,,,
https://results.eci.gov.in/ResultAcGenMay2026/statewiseS252.htm,Leading In,:,0,,,,,,,,,,,,,,,,,,,,,,,,,,,,
https://results.eci.gov.in/ResultAcGenMay2026/statewiseS252.htm,Won In,:,80,,,,,,,,,,,,,,,,,,,,,,,,,,,,
https://results.eci.gov.in/ResultAcGenMay2026/statewiseS252.htm,Trailing In,:,0,,,,,,,,,,,,,,,,,,,,,,,,,,,,
https://results.eci.gov.in/ResultAcGenMay2026/statewiseS252.htm,BARANAGAR,113,SAJAL GHOSH,Bharatiya Janata Party i Party Wise State Trends Leading In : 0 Won In : 207 Trailing In : 0,Bharatiya Janata Party,i Party Wise State Trends Leading In : 0 Won In : 207 Trailing In : 0,Leading In,:,0,Won In,:,207,Trailing In,:,0,SAYANTIKA BANERJEE,All India Trinamool Congress i Party Wise State Trends Leading In : 0 Won In : 80 Trailing In : 0,All India Trinamool Congress,i Party Wise State Trends Leading In : 0 Won In : 80 Trailing In : 0,Leading In,:,0,Won In,:,80,Trailing In,:,0,16956,13/13,Result Declared
https://results.eci.gov.in/ResultAcGenMay2026/statewiseS252.htm,Bharatiya Janata Party,i Party Wise State Trends Leading In : 0 Won In : 207 Trailing In : 0,Leading In,:,0,Won In,:,207,Trailing In,:,0,,,,,,,,,,,,,,,,,,,,
https://results.eci.gov.in/ResultAcGenMay2026/statewiseS252.htm,Leading In,:,0,,,,,,,,,,,,,,,,,,,,,,,,,,,,
https://results.eci.gov.in/ResultAcGenMay2026/statewiseS252.htm,Won In,:,207,,,,,,,,,,,,,,,,,,,,,,,,,,,,
https://results.eci.gov.in/ResultAcGenMay2026/statewiseS252.htm,Trailing In,:,0,,,,,,,,,,,,,,,,,,,,,,,,,,,,
https://results.eci.gov.in/ResultAcGenMay2026/statewiseS252.htm,All India Trinamool Congress,i Party Wise State Trends Leading In : 0 Won In : 80 Trailing In : 0,Leading In,:,0,Won In,:,80,Trailing In,:,0,,,,,,,,,,,,,,,,,,,,
https://results.eci.gov.in/ResultAcGenMay2026/statewiseS252.htm,Leading In,:,0,,,,,,,,,,,,,,,,,,,,,,,,,,,,
https://results.eci.gov.in/ResultAcGenMay2026/statewiseS252.htm,Won In,:,80,,,,,,,,,,,,,,,,,,,,,,,,,,,,
https://results.eci.gov.in/ResultAcGenMay2026/statewiseS252.htm,Trailing In,:,0,,,,,,,,,,,,,,,,,,,,,,,,,,,,
https://results.eci.gov.in/ResultAcGenMay2026/statewiseS252.htm,BARASAT,119,SANKAR CHATTERJEE,Bharatiya Janata Party i Party Wise State Trends Leading In : 0 Won In : 207 Trailing In : 0,Bharatiya Janata Party,i Party Wise State Trends Leading In : 0 Won In : 207 Trailing In : 0,Leading In,:,0,Won In,:,207,Trailing In,:,0,SABYASACHI DUTTA,All India Trinamool Congress i Party Wise State Trends Leading In : 0 Won In : 80 Trailing In : 0,All India Trinamool Congress,i Party Wise State Trends Leading In : 0 Won In : 80 Trailing In : 0,Leading In,:,0,Won In,:,80,Trailing In,:,0,34558,23/23,Result Declared
https://results.eci.gov.in/ResultAcGenMay2026/statewiseS252.htm,Bharatiya Janata Party,i Party Wise State Trends Leading In : 0 Won In : 207 Trailing In : 0,Leading In,:,0,Won In,:,207,Trailing In,:,0,,,,,,,,,,,,,,,,,,,,
https://results.eci.gov.in/ResultAcGenMay2026/statewiseS252.htm,Leading In,:,0,,,,,,,,,,,,,,,,,,,,,,,,,,,,
https://results.eci.gov.in/ResultAcGenMay2026/statewiseS252.htm,Won In,:,207,,,,,,,,,,,,,,,,,,,,,,,,,,,,
https://results.eci.gov.in/ResultAcGenMay2026/statewiseS252.htm,Trailing In,:,0,,,,,,,,,,,,,,,,,,,,,,,,,,,,
https://results.eci.gov.in/ResultAcGenMay2026/statewiseS252.htm,All India Trinamool Congress,i Party Wise State Trends Leading In : 0 Won In : 80 Trailing In : 0,Leading In,:,0,Won In,:,80,Trailing In,:,0,,,,,,,,,,,,,,,,,,,,
https://results.eci.gov.in/ResultAcGenMay2026/statewiseS252.htm,Leading In,:,0,,,,,,,,,,,,,,,,,,,,,,,,,,,,
https://results.eci.gov.in/ResultAcGenMay2026/statewiseS252.htm,Won In,:,80,,,,,,,,,,,,,,,,,,,,,,,,,,,,
https://results.eci.gov.in/ResultAcGenMay2026/statewiseS252.htm,Trailing In,:,0,,,,,,,,,,,,,,,,,,,,,,,,,,,,
https://results.eci.gov.in/ResultAcGenMay2026/statewiseS252.htm,BARDHAMAN DAKSHIN,260,MOUMITA BISWAS MISRA,Bharatiya Janata Party i Party Wise State Trends Leading In : 0 Won In : 207 Trailing In : 0,Bharatiya Janata Party,i Party Wise State Trends Leading In : 0 Won In : 207 Trailing In : 0,Leading In,:,0,Won In,:,207,Trailing In,:,0,KHOKAN DAS,All India Trinamool Congress i Party Wise State Trends Leading In : 0 Won In : 80 Trailing In : 0,All India Trinamool Congress,i Party Wise State Trends Leading In : 0 Won In : 80 Trailing In : 0,Leading In,:,0,Won In,:,80,Trailing In,:,0,30470,18/18,Result Declared
https://results.eci.gov.in/ResultAcGenMay2026/statewiseS252.htm,Bharatiya Janata Party,i Party Wise State Trends Leading In : 0 Won In : 207 Trailing In : 0,Leading In,:,0,Won In,:,207,Trailing In,:,0,,,,,,,,,,,,,,,,,,,,
https://results.eci.gov.in/ResultAcGenMay2026/statewiseS252.htm,Leading In,:,0,,,,,,,,,,,,,,,,,,,,,,,,,,,,
https://results.eci.gov.in/ResultAcGenMay2026/statewiseS252.htm,Won In,:,207,,,,,,,,,,,,,,,,,,,,,,,,,,,,
https://results.eci.gov.in/ResultAcGenMay2026/statewiseS252.htm,Trailing In,:,0,,,,,,,,,,,,,,,,,,,,,,,,,,,,
https://results.eci.gov.in/ResultAcGenMay2026/statewiseS252.htm,All India Trinamool Congress,i Party Wise State Trends Leading In : 0 Won In : 80 Trailing In : 0,Leading In,:,0,Won In,:,80,Trailing In,:,0,,,,,,,,,,,,,,,,,,,,
https://results.eci.gov.in/ResultAcGenMay2026/statewiseS252.htm,Leading In,:,0,,,,,,,,,,,,,,,,,,,,,,,,,,,,
https://results.eci.gov.in/ResultAcGenMay2026/statewiseS252.htm,Won In,:,80,,,,,,,,,,,,,,,,,,,,,,,,,,,,
https://results.eci.gov.in/ResultAcGenMay2026/statewiseS252.htm,Trailing In,:,0,,,,,,,,,,,,,,,,,,,,,,,,,,,,
https://results.eci.gov.in/ResultAcGenMay2026/statewiseS252.htm,BARDHAMAN UTTAR,266,NISITH KUMAR MALIK,All India Trinamool Congress i Party Wise State Trends Leading In : 0 Won In : 80 Trailing In : 0,All India Trinamool Congress,i Party Wise State Trends Leading In : 0 Won In : 80 Trailing In : 0,Leading In,:,0,Won In,:,80,Trailing In,:,0,SANJOY DAS,Bharatiya Janata Party i Party Wise State Trends Leading In : 0 Won In : 207 Trailing In : 0,Bharatiya Janata Party,i Party Wise State Trends Leading In : 0 Won In : 207 Trailing In : 0,Leading In,:,0,Won In,:,207,Trailing In,:,0,6460,19/19,Result Declared
https://results.eci.gov.in/ResultAcGenMay2026/statewiseS252.htm,All India Trinamool Congress,i Party Wise State Trends Leading In : 0 Won In : 80 Trailing In : 0,Leading In,:,0,Won In,:,80,Trailing In,:,0,,,,,,,,,,,,,,,,,,,,
https://results.eci.gov.in/ResultAcGenMay2026/statewiseS252.htm,Leading In,:,0,,,,,,,,,,,,,,,,,,,,,,,,,,,,
https://results.eci.gov.in/ResultAcGenMay2026/statewiseS252.htm,Won In,:,80,,,,,,,,,,,,,,,,,,,,,,,,,,,,
https://results.eci.gov.in/ResultAcGenMay2026/statewiseS252.htm,Trailing In,:,0,,,,,,,,,,,,,,,,,,,,,,,,,,,,
https://results.eci.gov.in/ResultAcGenMay2026/statewiseS252.htm,Bharatiya Janata Party,i Party Wise State Trends Leading In : 0 Won In : 207 Trailing In : 0,Leading In,:,0,Won In,:,207,Trailing In,:,0,,,,,,,,,,,,,,,,,,,,
https://results.eci.gov.in/ResultAcGenMay2026/statewiseS252.htm,Leading In,:,0,,,,,,,,,,,,,,,,,,,,,,,,,,,,
https://results.eci.gov.in/ResultAcGenMay2026/statewiseS252.htm,Won In,:,207,,,,,,,,,,,,,,,,,,,,,,,,,,,,
https://results.eci.gov.in/ResultAcGenMay2026/statewiseS252.htm,Trailing In,:,0,,,,,,,,,,,,,,,,,,,,,,,,,,,,
https://results.eci.gov.in/ResultAcGenMay2026/statewiseS252.htm,BARJORA,253,BILLESWAR SINHA,Bharatiya Janata Party i Party Wise State Trends Leading In : 0 Won In : 207 Trailing In : 0,Bharatiya Janata Party,i Party Wise State Trends Leading In : 0 Won In : 207 Trailing In : 0,Leading In,:,0,Won In,:,207,Trailing In,:,0,GOUTAM MISHRA (SHYAM),All India Trinamool Congress i Party Wise State Trends Leading In : 0 Won In : 80 Trailing In : 0,All India Trinamool Congress,i Party Wise State Trends Leading In : 0 Won In : 80 Trailing In : 0,Leading In,:,0,Won In,:,80,Trailing In,:,0,41310,23/23,Result Declared
https://results.eci.gov.in/ResultAcGenMay2026/statewiseS252.htm,Bharatiya Janata Party,i Party Wise State Trends Leading In : 0 Won In : 207 Trailing In : 0,Leading In,:,0,Won In,:,207,Trailing In,:,0,,,,,,,,,,,,,,,,,,,,
https://results.eci.gov.in/ResultAcGenMay2026/statewiseS252.htm,Leading In,:,0,,,,,,,,,,,,,,,,,,,,,,,,,,,,
https://results.eci.gov.in/ResultAcGenMay2026/statewiseS252.htm,Won In,:,207,,,,,,,,,,,,,,,,,,,,,,,,,,,,
https://results.eci.gov.in/ResultAcGenMay2026/statewiseS252.htm,Trailing In,:,0,,,,,,,,,,,,,,,,,,,,,,,,,,,,
https://results.eci.gov.in/ResultAcGenMay2026/statewiseS252.htm,All India Trinamool Congress,i Party Wise State Trends Leading In : 0 Won In : 80 Trailing In : 0,Leading In,:,0,Won In,:,80,Trailing In,:,0,,,,,,,,,,,,,,,,,,,,
https://results.eci.gov.in/ResultAcGenMay2026/statewiseS252.htm,Leading In,:,0,,,,,,,,,,,,,,,,,,,,,,,,,,,,
https://results.eci.gov.in/ResultAcGenMay2026/statewiseS252.htm,Won In,:,80,,,,,,,,,,,,,,,,,,,,,,,,,,,,
https://results.eci.gov.in/ResultAcGenMay2026/statewiseS252.htm,Trailing In,:,0,,,,,,,,,,,,,,,,,,,,,,,,,,,,
https://results.eci.gov.in/ResultAcGenMay2026/statewiseS252.htm,BARRACKPUR,108,KAUSTUV BAGCHI,Bharatiya Janata Party i Party Wise State Trends Leading In : 0 Won In : 207 Trailing In : 0,Bharatiya Janata Party,i Party Wise State Trends Leading In : 0 Won In : 207 Trailing In : 0,Leading In,:,0,Won In,:,207,Trailing In,:,0,RAJ CHAKRABORTY (RAJU),All India Trinamool Congress i Party Wise State Trends Leading In : 0 Won In : 80 Trailing In : 0,All India Trinamool Congress,i Party Wise State Trends Leading In : 0 Won In : 80 Trailing In : 0,Leading In,:,0,Won In,:,80,Trailing In,:,0,15822,15/15,Result Declared
https://results.eci.gov.in/ResultAcGenMay2026/statewiseS252.htm,Bharatiya Janata Party,i Party Wise State Trends Leading In : 0 Won In : 207 Trailing In : 0,Leading In,:,0,Won In,:,207,Trailing In,:,0,,,,,,,,,,,,,,,,,,,,
https://results.eci.gov.in/ResultAcGenMay2026/statewiseS252.htm,Leading In,:,0,,,,,,,,,,,,,,,,,,,,,,,,,,,,
https://results.eci.gov.in/ResultAcGenMay2026/statewiseS252.htm,Won In,:,207,,,,,,,,,,,,,,,,,,,,,,,,,,,,
https://results.eci.gov.in/ResultAcGenMay2026/statewiseS252.htm,Trailing In,:,0,,,,,,,,,,,,,,,,,,,,,,,,,,,,
https://results.eci.gov.in/ResultAcGenMay2026/statewiseS252.htm,All India Trinamool Congress,i Party Wise State Trends Leading In : 0 Won In : 80 Trailing In : 0,Leading In,:,0,Won In,:,80,Trailing In,:,0,,,,,,,,,,,,,,,,,,,,
https://results.eci.gov.in/ResultAcGenMay2026/statewiseS252.htm,Leading In,:,0,,,,,,,,,,,,,,,,,,,,,,,,,,,,
https://results.eci.gov.in/ResultAcGenMay2026/statewiseS252.htm,Won In,:,80,,,,,,,,,,,,,,,,,,,,,,,,,,,,
https://results.eci.gov.in/ResultAcGenMay2026/statewiseS252.htm,Trailing In,:,0,,,,,,,,,,,,,,,,,,,,,,,,,,,,
https://results.eci.gov.in/ResultAcGenMay2026/statewiseS252.htm,BARUIPUR PASCHIM,140,BIMAN BANERJEE,All India Trinamool Congress i Party Wise State Trends Leading In : 0 Won In : 80 Trailing In : 0,All India Trinamool Congress,i Party Wise State Trends Leading In : 0 Won In : 80 Trailing In : 0,Leading In,:,0,Won In,:,80,Trailing In,:,0,BISWAJIT PAUL,Bharatiya Janata Party i Party Wise State Trends Leading In : 0 Won In : 207 Trailing In : 0,Bharatiya Janata Party,i Party Wise State Trends Leading In : 0 Won In : 207 Trailing In : 0,Leading In,:,0,Won In,:,207,Trailing In,:,0,17862,18/18,Result Declared
https://results.eci.gov.in/ResultAcGenMay2026/statewiseS252.htm,All India Trinamool Congress,i Party Wise State Trends Leading In : 0 Won In : 80 Trailing In : 0,Leading In,:,0,Won In,:,80,Trailing In,:,0,,,,,,,,,,,,,,,,,,,,
https://results.eci.gov.in/ResultAcGenMay2026/statewiseS252.htm,Leading In,:,0,,,,,,,,,,,,,,,,,,,,,,,,,,,,
https://results.eci.gov.in/ResultAcGenMay2026/statewiseS252.htm,Won In,:,80,,,,,,,,,,,,,,,,,,,,,,,,,,,,
https://results.eci.gov.in/ResultAcGenMay2026/statewiseS252.htm,Trailing In,:,0,,,,,,,,,,,,,,,,,,,,,,,,,,,,
https://results.eci.gov.in/ResultAcGenMay2026/statewiseS252.htm,Bharatiya Janata Party,i Party Wise State Trends Leading In : 0 Won In : 207 Trailing In : 0,Leading In,:,0,Won In,:,207,Trailing In,:,0,,,,,,,,,,,,,,,,,,,,
https://results.eci.gov.in/ResultAcGenMay2026/statewiseS252.htm,Leading In,:,0,,,,,,,,,,,,,,,,,,,,,,,,,,,,
https://results.eci.gov.in/ResultAcGenMay2026/statewiseS252.htm,Won In,:,207,,,,,,,,,,,,,,,,,,,,,,,,,,,,
https://results.eci.gov.in/ResultAcGenMay2026/statewiseS252.htm,Trailing In,:,0,,,,,,,,,,,,,,,,,,,,,,,,,,,,
https://results.eci.gov.in/ResultAcGenMay2026/statewiseS252.htm,BARUIPUR PURBA,137,BIVAS SARDAR,All India Trinamool Congress i Party Wise State Trends Leading In : 0 Won In : 80 Trailing In : 0,All India Trinamool Congress,i Party Wise State Trends Leading In : 0 Won In : 80 Trailing In : 0,Leading In,:,0,Won In,:,80,Trailing In,:,0,TUMPA SARDAR,Bharatiya Janata Party i Party Wise State Trends Leading In : 0 Won In : 207 Trailing In : 0,Bharatiya Janata Party,i Party Wise State Trends Leading In : 0 Won In : 207 Trailing In : 0,Leading In,:,0,Won In,:,207,Trailing In,:,0,31815,18/18,Result Declared
https://results.eci.gov.in/ResultAcGenMay2026/statewiseS252.htm,All India Trinamool Congress,i Party Wise State Trends Leading In : 0 Won In : 80 Trailing In : 0,Leading In,:,0,Won In,:,80,Trailing In,:,0,,,,,,,,,,,,,,,,,,,,
https://results.eci.gov.in/ResultAcGenMay2026/statewiseS252.htm,Leading In,:,0,,,,,,,,,,,,,,,,,,,,,,,,,,,,
https://results.eci.gov.in/ResultAcGenMay2026/statewiseS252.htm,Won In,:,80,,,,,,,,,,,,,,,,,,,,,,,,,,,,
https://results.eci.gov.in/ResultAcGenMay2026/statewiseS252.htm,Trailing In,:,0,,,,,,,,,,,,,,,,,,,,,,,,,,,,
https://results.eci.gov.in/ResultAcGenMay2026/statewiseS252.htm,Bharatiya Janata Party,i Party Wise State Trends Leading In : 0 Won In : 207 Trailing In : 0,Leading In,:,0,Won In,:,207,Trailing In,:,0,,,,,,,,,,,,,,,,,,,,
https://results.eci.gov.in/ResultAcGenMay2026/statewiseS252.htm,Leading In,:,0,,,,,,,,,,,,,,,,,,,,,,,,,,,,
https://results.eci.gov.in/ResultAcGenMay2026/statewiseS252.htm,Won In,:,207,,,,,,,,,,,,,,,,,,,,,,,,,,,,
https://results.eci.gov.in/ResultAcGenMay2026/statewiseS252.htm,Trailing In,:,0,,,,,,,,,,,,,,,,,,,,,,,,,,,,
https://results.eci.gov.in/ResultAcGenMay2026/statewiseS252.htm,BASANTI,128,NILIMA MISTRY BISHAL,All India Trinamool Congress i Party Wise State Trends Leading In : 0 Won In : 80 Trailing In : 0,All India Trinamool Congress,i Party Wise State Trends Leading In : 0 Won In : 80 Trailing In : 0,Leading In,:,0,Won In,:,80,Trailing In,:,0,BIKASH SARDAR,Bharatiya Janata Party i Party Wise State Trends Leading In : 0 Won In : 207 Trailing In : 0,Bharatiya Janata Party,i Party Wise State Trends Leading In : 0 Won In : 207 Trailing In : 0,Leading In,:,0,Won In,:,207,Trailing In,:,0,56181,19/19,Result Declared
https://results.eci.gov.in/ResultAcGenMay2026/statewiseS252.htm,All India Trinamool Congress,i Party Wise State Trends Leading In : 0 Won In : 80 Trailing In : 0,Leading In,:,0,Won In,:,80,Trailing In,:,0,,,,,,,,,,,,,,,,,,,,
https://results.eci.gov.in/ResultAcGenMay2026/statewiseS252.htm,Leading In,:,0,,,,,,,,,,,,,,,,,,,,,,,,,,,,
https://results.eci.gov.in/ResultAcGenMay2026/statewiseS252.htm,Won In,:,80,,,,,,,,,,,,,,,,,,,,,,,,,,,,
https://results.eci.gov.in/ResultAcGenMay2026/statewiseS252.htm,Trailing In,:,0,,,,,,,,,,,,,,,,,,,,,,,,,,,,
https://results.eci.gov.in/ResultAcGenMay2026/statewiseS252.htm,Bharatiya Janata Party,i Party Wise State Trends Leading In : 0 Won In : 207 Trailing In : 0,Leading In,:,0,Won In,:,207,Trailing In,:,0,,,,,,,,,,,,,,,,,,,,
https://results.eci.gov.in/ResultAcGenMay2026/statewiseS252.htm,Leading In,:,0,,,,,,,,,,,,,,,,,,,,,,,,,,,,
https://results.eci.gov.in/ResultAcGenMay2026/statewiseS252.htm,Won In,:,207,,,,,,,,,,,,,,,,,,,,,,,,,,,,
https://results.eci.gov.in/ResultAcGenMay2026/statewiseS252.htm,Trailing In,:,0,,,,,,,,,,,,,,,,,,,,,,,,,,,,
https://results.eci.gov.in/ResultAcGenMay2026/statewiseS252.htm,BASIRHAT DAKSHIN,124,SURAJIT MITRA (BADAL),All India Trinamool Congress i Party Wise State Trends Leading In : 0 Won In : 80 Trailing In : 0,All India Trinamool Congress,i Party Wise State Trends Leading In : 0 Won In : 80 Trailing In : 0,Leading In,:,0,Won In,:,80,Trailing In,:,0,DR. SOURYA BANERJEE,Bharatiya Janata Party i Party Wise State Trends Leading In : 0 Won In : 207 Trailing In : 0,Bharatiya Janata Party,i Party Wise State Trends Leading In : 0 Won In : 207 Trailing In : 0,Leading In,:,0,Won In,:,207,Trailing In,:,0,9544,17/17,Result Declared
https://results.eci.gov.in/ResultAcGenMay2026/statewiseS252.htm,All India Trinamool Congress,i Party Wise State Trends Leading In : 0 Won In : 80 Trailing In : 0,Leading In,:,0,Won In,:,80,Trailing In,:,0,,,,,,,,,,,,,,,,,,,,
https://results.eci.gov.in/ResultAcGenMay2026/statewiseS252.htm,Leading In,:,0,,,,,,,,,,,,,,,,,,,,,,,,,,,,
https://results.eci.gov.in/ResultAcGenMay2026/statewiseS252.htm,Won In,:,80,,,,,,,,,,,,,,,,,,,,,,,,,,,,
https://results.eci.gov.in/ResultAcGenMay2026/statewiseS252.htm,Trailing In,:,0,,,,,,,,,,,,,,,,,,,,,,,,,,,,
https://results.eci.gov.in/ResultAcGenMay2026/statewiseS252.htm,Bharatiya Janata Party,i Party Wise State Trends Leading In : 0 Won In : 207 Trailing In : 0,Leading In,:,0,Won In,:,207,Trailing In,:,0,,,,,,,,,,,,,,,,,,,,
https://results.eci.gov.in/ResultAcGenMay2026/statewiseS252.htm,Leading In,:,0,,,,,,,,,,,,,,,,,,,,,,,,,,,,
https://results.eci.gov.in/ResultAcGenMay2026/statewiseS252.htm,Won In,:,207,,,,,,,,,,,,,,,,,,,,,,,,,,,,
https://results.eci.gov.in/ResultAcGenMay2026/statewiseS252.htm,Trailing In,:,0,,,,,,,,,,,,,,,,,,,,,,,,,,,,
https://results.eci.gov.in/ResultAcGenMay2026/statewiseS252.htm,BASIRHAT UTTAR,125,MD. TAUSEFFUR RAHMAN,All India Trinamool Congress i Party Wise State Trends Leading In : 0 Won In : 80 Trailing In : 0,All India Trinamool Congress,i Party Wise State Trends Leading In : 0 Won In : 80 Trailing In : 0,Leading In,:,0,Won In,:,80,Trailing In,:,0,MD. MUSA KAREMULLA,All India Secular Front i Party Wise State Trends Leading In : 0 Won In : 1 Trailing In : 0,All India Secular Front,i Party Wise State Trends Leading In : 0 Won In : 1 Trailing In : 0,Leading In,:,0,Won In,:,1,Trailing In,:,0,57270,22/22,Result Declared
https://results.eci.gov.in/ResultAcGenMay2026/statewiseS252.htm,All India Trinamool Congress,i Party Wise State Trends Leading In : 0 Won In : 80 Trailing In : 0,Leading In,:,0,Won In,:,80,Trailing In,:,0,,,,,,,,,,,,,,,,,,,,
https://results.eci.gov.in/ResultAcGenMay2026/statewiseS252.htm,Leading In,:,0,,,,,,,,,,,,,,,,,,,,,,,,,,,,
https://results.eci.gov.in/ResultAcGenMay2026/statewiseS252.htm,Won In,:,80,,,,,,,,,,,,,,,,,,,,,,,,,,,,
https://results.eci.gov.in/ResultAcGenMay2026/statewiseS252.htm,Trailing In,:,0,,,,,,,,,,,,,,,,,,,,,,,,,,,,
https://results.eci.gov.in/ResultAcGenMay2026/statewiseS252.htm,All India Secular Front,i Party Wise State Trends Leading In : 0 Won In : 1 Trailing In : 0,Leading In,:,0,Won In,:,1,Trailing In,:,0,,,,,,,,,,,,,,,,,,,,
https://results.eci.gov.in/ResultAcGenMay2026/statewiseS252.htm,Leading In,:,0,,,,,,,,,,,,,,,,,,,,,,,,,,,,
https://results.eci.gov.in/ResultAcGenMay2026/statewiseS252.htm,Won In,:,1,,,,,,,,,,,,,,,,,,,,,,,,,,,,
https://results.eci.gov.in/ResultAcGenMay2026/statewiseS252.htm,Trailing In,:,0,,,,,,,,,,,,,,,,,,,,,,,,,,,,
https://results.eci.gov.in/ResultAcGenMay2026/statewiseS252.htm,BEHALA PASCHIM,154,DR. INDRANIL KHAN,Bharatiya Janata Party i Party Wise State Trends Leading In : 0 Won In : 207 Trailing In : 0,Bharatiya Janata Party,i Party Wise State Trends Leading In : 0 Won In : 207 Trailing In : 0,Leading In,:,0,Won In,:,207,Trailing In,:,0,RATNA CHATTERJEE,All India Trinamool Congress i Party Wise State Trends Leading In : 0 Won In : 80 Trailing In : 0,All India Trinamool Congress,i Party Wise State Trends Leading In : 0 Won In : 80 Trailing In : 0,Leading In,:,0,Won In,:,80,Trailing In,:,0,24699,26/26,Result Declared
https://results.eci.gov.in/ResultAcGenMay2026/statewiseS252.htm,Bharatiya Janata Party,i Party Wise State Trends Leading In : 0 Won In : 207 Trailing In : 0,Leading In,:,0,Won In,:,207,Trailing In,:,0,,,,,,,,,,,,,,,,,,,,
https://results.eci.gov.in/ResultAcGenMay2026/statewiseS252.htm,Leading In,:,0,,,,,,,,,,,,,,,,,,,,,,,,,,,,
https://results.eci.gov.in/ResultAcGenMay2026/statewiseS252.htm,Won In,:,207,,,,,,,,,,,,,,,,,,,,,,,,,,,,
https://results.eci.gov.in/ResultAcGenMay2026/statewiseS252.htm,Trailing In,:,0,,,,,,,,,,,,,,,,,,,,,,,,,,,,
https://results.eci.gov.in/ResultAcGenMay2026/statewiseS252.htm,All India Trinamool Congress,i Party Wise State Trends Leading In : 0 Won In : 80 Trailing In : 0,Leading In,:,0,Won In,:,80,Trailing In,:,0,,,,,,,,,,,,,,,,,,,,
https://results.eci.gov.in/ResultAcGenMay2026/statewiseS252.htm,Leading In,:,0,,,,,,,,,,,,,,,,,,,,,,,,,,,,
https://results.eci.gov.in/ResultAcGenMay2026/statewiseS252.htm,Won In,:,80,,,,,,,,,,,,,,,,,,,,,,,,,,,,
https://results.eci.gov.in/ResultAcGenMay2026/statewiseS252.htm,Trailing In,:,0,,,,,,,,,,,,,,,,,,,,,,,,,,,,
https://results.eci.gov.in/ResultAcGenMay2026/statewiseS252.htm,BEHALA PURBA,153,SANKAR SIKDER,Bharatiya Janata Party i Party Wise State Trends Leading In : 0 Won In : 207 Trailing In : 0,Bharatiya Janata Party,i Party Wise State Trends Leading In : 0 Won In : 207 Trailing In : 0,Leading In,:,0,Won In,:,207,Trailing In,:,0,SUBHASISH CHAKRABORTY,All India Trinamool Congress i Party Wise State Trends Leading In : 0 Won In : 80 Trailing In : 0,All India Trinamool Congress,i Party Wise State Trends Leading In : 0 Won In : 80 Trailing In : 0,Leading In,:,0,Won In,:,80,Trailing In,:,0,25137,23/23,Result Declared
https://results.eci.gov.in/ResultAcGenMay2026/statewiseS252.htm,Bharatiya Janata Party,i Party Wise State Trends Leading In : 0 Won In : 207 Trailing In : 0,Leading In,:,0,Won In,:,207,Trailing In,:,0,,,,,,,,,,,,,,,,,,,,
https://results.eci.gov.in/ResultAcGenMay2026/statewiseS252.htm,Leading In,:,0,,,,,,,,,,,,,,,,,,,,,,,,,,,,
https://results.eci.gov.in/ResultAcGenMay2026/statewiseS252.htm,Won In,:,207,,,,,,,,,,,,,,,,,,,,,,,,,,,,
https://results.eci.gov.in/ResultAcGenMay2026/statewiseS252.htm,Trailing In,:,0,,,,,,,,,,,,,,,,,,,,,,,,,,,,
https://results.eci.gov.in/ResultAcGenMay2026/statewiseS252.htm,All India Trinamool Congress,i Party Wise State Trends Leading In : 0 Won In : 80 Trailing In : 0,Leading In,:,0,Won In,:,80,Trailing In,:,0,,,,,,,,,,,,,,,,,,,,
https://results.eci.gov.in/ResultAcGenMay2026/statewiseS252.htm,Leading In,:,0,,,,,,,,,,,,,,,,,,,,,,,,,,,,
https://results.eci.gov.in/ResultAcGenMay2026/statewiseS252.htm,Won In,:,80,,,,,,,,,,,,,,,,,,,,,,,,,,,,
https://results.eci.gov.in/ResultAcGenMay2026/statewiseS252.htm,Trailing In,:,0,,,,,,,,,,,,,,,,,,,,,,,,,,,,
https://results.eci.gov.in/ResultAcGenMay2026/statewiseS252.htm,BELDANGA,71,BHARAT KUMAR JHAWAR,Bharatiya Janata Party i Party Wise State Trends Leading In : 0 Won In : 207 Trailing In : 0,Bharatiya Janata Party,i Party Wise State Trends Leading In : 0 Won In : 207 Trailing In : 0,Leading In,:,0,Won In,:,207,Trailing In,:,0,RABIUL ALAM CHOWDHURY,All India Trinamool Congress i Party Wise State Trends Leading In : 0 Won In : 80 Trailing In : 0,All India Trinamool Congress,i Party Wise State Trends Leading In : 0 Won In : 80 Trailing In : 0,Leading In,:,0,Won In,:,80,Trailing In,:,0,13208,16/16,Result Declared
https://results.eci.gov.in/ResultAcGenMay2026/statewiseS252.htm,Bharatiya Janata Party,i Party Wise State Trends Leading In : 0 Won In : 207 Trailing In : 0,Leading In,:,0,Won In,:,207,Trailing In,:,0,,,,,,,,,,,,,,,,,,,,
https://results.eci.gov.in/ResultAcGenMay2026/statewiseS252.htm,Leading In,:,0,,,,,,,,,,,,,,,,,,,,,,,,,,,,
https://results.eci.gov.in/ResultAcGenMay2026/statewiseS252.htm,Won In,:,207,,,,,,,,,,,,,,,,,,,,,,,,,,,,
https://results.eci.gov.in/ResultAcGenMay2026/statewiseS252.htm,Trailing In,:,0,,,,,,,,,,,,,,,,,,,,,,,,,,,,
https://results.eci.gov.in/ResultAcGenMay2026/statewiseS252.htm,All India Trinamool Congress,i Party Wise State Trends Leading In : 0 Won In : 80 Trailing In : 0,Leading In,:,0,Won In,:,80,Trailing In,:,0,,,,,,,,,,,,,,,,,,,,
https://results.eci.gov.in/ResultAcGenMay2026/statewiseS252.htm,Leading In,:,0,,,,,,,,,,,,,,,,,,,,,,,,,,,,
https://results.eci.gov.in/ResultAcGenMay2026/statewiseS252.htm,Won In,:,80,,,,,,,,,,,,,,,,,,,,,,,,,,,,
https://results.eci.gov.in/ResultAcGenMay2026/statewiseS252.htm,Trailing In,:,0,,,,,,,,,,,,,,,,,,,,,,,,,,,,
https://results.eci.gov.in/ResultAcGenMay2026/statewiseS252.htm,BELEGHATA,164,KUNAL KUMAR GHOSH,All India Trinamool Congress i Party Wise State Trends Leading In : 0 Won In : 80 Trailing In : 0,All India Trinamool Congress,i Party Wise State Trends Leading In : 0 Won In : 80 Trailing In : 0,Leading In,:,0,Won In,:,80,Trailing In,:,0,PARTHA CHAUDHURY,Bharatiya Janata Party i Party Wise State Trends Leading In : 0 Won In : 207 Trailing In : 0,Bharatiya Janata Party,i Party Wise State Trends Leading In : 0 Won In : 207 Trailing In : 0,Leading In,:,0,Won In,:,207,Trailing In,:,0,28576,23/23,Result Declared
https://results.eci.gov.in/ResultAcGenMay2026/statewiseS252.htm,All India Trinamool Congress,i Party Wise State Trends Leading In : 0 Won In : 80 Trailing In : 0,Leading In,:,0,Won In,:,80,Trailing In,:,0,,,,,,,,,,,,,,,,,,,,
https://results.eci.gov.in/ResultAcGenMay2026/statewiseS252.htm,Leading In,:,0,,,,,,,,,,,,,,,,,,,,,,,,,,,,
https://results.eci.gov.in/ResultAcGenMay2026/statewiseS252.htm,Won In,:,80,,,,,,,,,,,,,,,,,,,,,,,,,,,,
https://results.eci.gov.in/ResultAcGenMay2026/statewiseS252.htm,Trailing In,:,0,,,,,,,,,,,,,,,,,,,,,,,,,,,,
https://results.eci.gov.in/ResultAcGenMay2026/statewiseS252.htm,Bharatiya Janata Party,i Party Wise State Trends Leading In : 0 Won In : 207 Trailing In : 0,Leading In,:,0,Won In,:,207,Trailing In,:,0,,,,,,,,,,,,,,,,,,,,
https://results.eci.gov.in/ResultAcGenMay2026/statewiseS252.htm,Leading In,:,0,,,,,,,,,,,,,,,,,,,,,,,,,,,,
https://results.eci.gov.in/ResultAcGenMay2026/statewiseS252.htm,Won In,:,207,,,,,,,,,,,,,,,,,,,,,,,,,,,,
https://results.eci.gov.in/ResultAcGenMay2026/statewiseS252.htm,Trailing In,:,0,,,,,,,,,,,,,,,,,,,,,,,,,,,,
https://results.eci.gov.in/ResultAcGenMay2026/statewiseS252.htm,BHABANIPUR,159,ADHIKARI SUVENDU,Bharatiya Janata Party i Party Wise State Trends Leading In : 0 Won In : 207 Trailing In : 0,Bharatiya Janata Party,i Party Wise State Trends Leading In : 0 Won In : 207 Trailing In : 0,Leading In,:,0,Won In,:,207,Trailing In,:,0,MAMATA BANERJEE,All India Trinamool Congress i Party Wise State Trends Leading In : 0 Won In : 80 Trailing In : 0,All India Trinamool Congress,i Party Wise State Trends Leading In : 0 Won In : 80 Trailing In : 0,Leading In,:,0,Won In,:,80,Trailing In,:,0,15105,20/20,Result Declared
https://results.eci.gov.in/ResultAcGenMay2026/statewiseS252.htm,Bharatiya Janata Party,i Party Wise State Trends Leading In : 0 Won In : 207 Trailing In : 0,Leading In,:,0,Won In,:,207,Trailing In,:,0,,,,,,,,,,,,,,,,,,,,
https://results.eci.gov.in/ResultAcGenMay2026/statewiseS252.htm,Leading In,:,0,,,,,,,,,,,,,,,,,,,,,,,,,,,,
https://results.eci.gov.in/ResultAcGenMay2026/statewiseS252.htm,Won In,:,207,,,,,,,,,,,,,,,,,,,,,,,,,,,,
https://results.eci.gov.in/ResultAcGenMay2026/statewiseS252.htm,Trailing In,:,0,,,,,,,,,,,,,,,,,,,,,,,,,,,,
https://results.eci.gov.in/ResultAcGenMay2026/statewiseS252.htm,All India Trinamool Congress,i Party Wise State Trends Leading In : 0 Won In : 80 Trailing In : 0,Leading In,:,0,Won In,:,80,Trailing In,:,0,,,,,,,,,,,,,,,,,,,,
https://results.eci.gov.in/ResultAcGenMay2026/statewiseS252.htm,Leading In,:,0,,,,,,,,,,,,,,,,,,,,,,,,,,,,
https://results.eci.gov.in/ResultAcGenMay2026/statewiseS252.htm,Won In,:,80,,,,,,,,,,,,,,,,,,,,,,,,,,,,
https://results.eci.gov.in/ResultAcGenMay2026/statewiseS252.htm,Trailing In,:,0,,,,,,,,,,,,,,,,,,,,,,,,,,,,
https://results.eci.gov.in/ResultAcGenMay2026/statewiseS252.htm,,,,,,,,,,,,,,,,,,,,,,,,,,,,,,,
https://results.eci.gov.in/ResultAcGenMay2026/statewiseS253.htm,Status Known For 293 out of 293 Constituencies,,,,,,,,,,,,,,,,,,,,,,,,,,,,,,
https://results.eci.gov.in/ResultAcGenMay2026/statewiseS253.htm,Constituency,Const. No.,Leading Candidate,Leading Party,Trailing Candidate,Trailing Party,Margin,Round,Status,,,,,,,,,,,,,,,,,,,,,,
https://results.eci.gov.in/ResultAcGenMay2026/statewiseS253.htm,BHAGABANPUR,214,SANTANU PRAMANIK,Bharatiya Janata Party i Party Wise State Trends Leading In : 0 Won In : 207 Trailing In : 0,Bharatiya Janata Party,i Party Wise State Trends Leading In : 0 Won In : 207 Trailing In : 0,Leading In,:,0,Won In,:,207,Trailing In,:,0,MANAB KUMAR PARUA,All India Trinamool Congress i Party Wise State Trends Leading In : 0 Won In : 80 Trailing In : 0,All India Trinamool Congress,i Party Wise State Trends Leading In : 0 Won In : 80 Trailing In : 0,Leading In,:,0,Won In,:,80,Trailing In,:,0,20878,24/24,Result Declared
https://results.eci.gov.in/ResultAcGenMay2026/statewiseS253.htm,Bharatiya Janata Party,i Party Wise State Trends Leading In : 0 Won In : 207 Trailing In : 0,Leading In,:,0,Won In,:,207,Trailing In,:,0,,,,,,,,,,,,,,,,,,,,
https://results.eci.gov.in/ResultAcGenMay2026/statewiseS253.htm,Leading In,:,0,,,,,,,,,,,,,,,,,,,,,,,,,,,,
https://results.eci.gov.in/ResultAcGenMay2026/statewiseS253.htm,Won In,:,207,,,,,,,,,,,,,,,,,,,,,,,,,,,,
https://results.eci.gov.in/ResultAcGenMay2026/statewiseS253.htm,Trailing In,:,0,,,,,,,,,,,,,,,,,,,,,,,,,,,,
https://results.eci.gov.in/ResultAcGenMay2026/statewiseS253.htm,All India Trinamool Congress,i Party Wise State Trends Leading In : 0 Won In : 80 Trailing In : 0,Leading In,:,0,Won In,:,80,Trailing In,:,0,,,,,,,,,,,,,,,,,,,,
https://results.eci.gov.in/ResultAcGenMay2026/statewiseS253.htm,Leading In,:,0,,,,,,,,,,,,,,,,,,,,,,,,,,,,
https://results.eci.gov.in/ResultAcGenMay2026/statewiseS253.htm,Won In,:,80,,,,,,,,,,,,,,,,,,,,,,,,,,,,
https://results.eci.gov.in/ResultAcGenMay2026/statewiseS253.htm,Trailing In,:,0,,,,,,,,,,,,,,,,,,,,,,,,,,,,
https://results.eci.gov.in/ResultAcGenMay2026/statewiseS253.htm,BHAGAWANGOLA,62,REYAT HOSSAIN SARKAR,All India Trinamool Congress i Party Wise State Trends Leading In : 0 Won In : 80 Trailing In : 0,All India Trinamool Congress,i Party Wise State Trends Leading In : 0 Won In : 80 Trailing In : 0,Leading In,:,0,Won In,:,80,Trailing In,:,0,MAHAMUDAL HASAN,Communist Party of India (Marxist) i Party Wise State Trends Leading In : 0 Won In : 1 Trailing In : 0,Communist Party of India (Marxist),i Party Wise State Trends Leading In : 0 Won In : 1 Trailing In : 0,Leading In,:,0,Won In,:,1,Trailing In,:,0,56407,21/21,Result Declared
https://results.eci.gov.in/ResultAcGenMay2026/statewiseS253.htm,All India Trinamool Congress,i Party Wise State Trends Leading In : 0 Won In : 80 Trailing In : 0,Leading In,:,0,Won In,:,80,Trailing In,:,0,,,,,,,,,,,,,,,,,,,,
https://results.eci.gov.in/ResultAcGenMay2026/statewiseS253.htm,Leading In,:,0,,,,,,,,,,,,,,,,,,,,,,,,,,,,
https://results.eci.gov.in/ResultAcGenMay2026/statewiseS253.htm,Won In,:,80,,,,,,,,,,,,,,,,,,,,,,,,,,,,
https://results.eci.gov.in/ResultAcGenMay2026/statewiseS253.htm,Trailing In,:,0,,,,,,,,,,,,,,,,,,,,,,,,,,,,
https://results.eci.gov.in/ResultAcGenMay2026/statewiseS253.htm,Communist Party of India (Marxist),i Party Wise State Trends Leading In : 0 Won In : 1 Trailing In : 0,Leading In,:,0,Won In,:,1,Trailing In,:,0,,,,,,,,,,,,,,,,,,,,
https://results.eci.gov.in/ResultAcGenMay2026/statewiseS253.htm,Leading In,:,0,,,,,,,,,,,,,,,,,,,,,,,,,,,,
https://results.eci.gov.in/ResultAcGenMay2026/statewiseS253.htm,Won In,:,1,,,,,,,,,,,,,,,,,,,,,,,,,,,,
https://results.eci.gov.in/ResultAcGenMay2026/statewiseS253.htm,Trailing In,:,0,,,,,,,,,,,,,,,,,,,,,,,,,,,,
https://results.eci.gov.in/ResultAcGenMay2026/statewiseS253.htm,BHANGAR,148,MD NAWSAD SIDDIQUE,All India Secular Front i Party Wise State Trends Leading In : 0 Won In : 1 Trailing In : 0,All India Secular Front,i Party Wise State Trends Leading In : 0 Won In : 1 Trailing In : 0,Leading In,:,0,Won In,:,1,Trailing In,:,0,SAOKAT MOLLA,All India Trinamool Congress i Party Wise State Trends Leading In : 0 Won In : 80 Trailing In : 0,All India Trinamool Congress,i Party Wise State Trends Leading In : 0 Won In : 80 Trailing In : 0,Leading In,:,0,Won In,:,80,Trailing In,:,0,32088,18/18,Result Declared
https://results.eci.gov.in/ResultAcGenMay2026/statewiseS253.htm,All India Secular Front,i Party Wise State Trends Leading In : 0 Won In : 1 Trailing In : 0,Leading In,:,0,Won In,:,1,Trailing In,:,0,,,,,,,,,,,,,,,,,,,,
https://results.eci.gov.in/ResultAcGenMay2026/statewiseS253.htm,Leading In,:,0,,,,,,,,,,,,,,,,,,,,,,,,,,,,
https://results.eci.gov.in/ResultAcGenMay2026/statewiseS253.htm,Won In,:,1,,,,,,,,,,,,,,,,,,,,,,,,,,,,
https://results.eci.gov.in/ResultAcGenMay2026/statewiseS253.htm,Trailing In,:,0,,,,,,,,,,,,,,,,,,,,,,,,,,,,
https://results.eci.gov.in/ResultAcGenMay2026/statewiseS253.htm,All India Trinamool Congress,i Party Wise State Trends Leading In : 0 Won In : 80 Trailing In : 0,Leading In,:,0,Won In,:,80,Trailing In,:,0,,,,,,,,,,,,,,,,,,,,
https://results.eci.gov.in/ResultAcGenMay2026/statewiseS253.htm,Leading In,:,0,,,,,,,,,,,,,,,,,,,,,,,,,,,,
https://results.eci.gov.in/ResultAcGenMay2026/statewiseS253.htm,Won In,:,80,,,,,,,,,,,,,,,,,,,,,,,,,,,,
https://results.eci.gov.in/ResultAcGenMay2026/statewiseS253.htm,Trailing In,:,0,,,,,,,,,,,,,,,,,,,,,,,,,,,,
https://results.eci.gov.in/ResultAcGenMay2026/statewiseS253.htm,BHARATPUR,69,MUSTAFIJUR RAHAMAN (SUMAN),All India Trinamool Congress i Party Wise State Trends Leading In : 0 Won In : 80 Trailing In : 0,All India Trinamool Congress,i Party Wise State Trends Leading In : 0 Won In : 80 Trailing In : 0,Leading In,:,0,Won In,:,80,Trailing In,:,0,ANAMIKA GHOSH,Bharatiya Janata Party i Party Wise State Trends Leading In : 0 Won In : 207 Trailing In : 0,Bharatiya Janata Party,i Party Wise State Trends Leading In : 0 Won In : 207 Trailing In : 0,Leading In,:,0,Won In,:,207,Trailing In,:,0,30753,14/14,Result Declared
https://results.eci.gov.in/ResultAcGenMay2026/statewiseS253.htm,All India Trinamool Congress,i Party Wise State Trends Leading In : 0 Won In : 80 Trailing In : 0,Leading In,:,0,Won In,:,80,Trailing In,:,0,,,,,,,,,,,,,,,,,,,,
https://results.eci.gov.in/ResultAcGenMay2026/statewiseS253.htm,Leading In,:,0,,,,,,,,,,,,,,,,,,,,,,,,,,,,
https://results.eci.gov.in/ResultAcGenMay2026/statewiseS253.htm,Won In,:,80,,,,,,,,,,,,,,,,,,,,,,,,,,,,
https://results.eci.gov.in/ResultAcGenMay2026/statewiseS253.htm,Trailing In,:,0,,,,,,,,,,,,,,,,,,,,,,,,,,,,
https://results.eci.gov.in/ResultAcGenMay2026/statewiseS253.htm,Bharatiya Janata Party,i Party Wise State Trends Leading In : 0 Won In : 207 Trailing In : 0,Leading In,:,0,Won In,:,207,Trailing In,:,0,,,,,,,,,,,,,,,,,,,,
https://results.eci.gov.in/ResultAcGenMay2026/statewiseS253.htm,Leading In,:,0,,,,,,,,,,,,,,,,,,,,,,,,,,,,
https://results.eci.gov.in/ResultAcGenMay2026/statewiseS253.htm,Won In,:,207,,,,,,,,,,,,,,,,,,,,,,,,,,,,
https://results.eci.gov.in/ResultAcGenMay2026/statewiseS253.htm,Trailing In,:,0,,,,,,,,,,,,,,,,,,,,,,,,,,,,
https://results.eci.gov.in/ResultAcGenMay2026/statewiseS253.htm,BHATAR,267,KARFA SOUMEN,Bharatiya Janata Party i Party Wise State Trends Leading In : 0 Won In : 207 Trailing In : 0,Bharatiya Janata Party,i Party Wise State Trends Leading In : 0 Won In : 207 Trailing In : 0,Leading In,:,0,Won In,:,207,Trailing In,:,0,KONER SHANTANU,All India Trinamool Congress i Party Wise State Trends Leading In : 0 Won In : 80 Trailing In : 0,All India Trinamool Congress,i Party Wise State Trends Leading In : 0 Won In : 80 Trailing In : 0,Leading In,:,0,Won In,:,80,Trailing In,:,0,6528,14/14,Result Declared
https://results.eci.gov.in/ResultAcGenMay2026/statewiseS253.htm,Bharatiya Janata Party,i Party Wise State Trends Leading In : 0 Won In : 207 Trailing In : 0,Leading In,:,0,Won In,:,207,Trailing In,:,0,,,,,,,,,,,,,,,,,,,,
https://results.eci.gov.in/ResultAcGenMay2026/statewiseS253.htm,Leading In,:,0,,,,,,,,,,,,,,,,,,,,,,,,,,,,
https://results.eci.gov.in/ResultAcGenMay2026/statewiseS253.htm,Won In,:,207,,,,,,,,,,,,,,,,,,,,,,,,,,,,
https://results.eci.gov.in/ResultAcGenMay2026/statewiseS253.htm,Trailing In,:,0,,,,,,,,,,,,,,,,,,,,,,,,,,,,
https://results.eci.gov.in/ResultAcGenMay2026/statewiseS253.htm,All India Trinamool Congress,i Party Wise State Trends Leading In : 0 Won In : 80 Trailing In : 0,Leading In,:,0,Won In,:,80,Trailing In,:,0,,,,,,,,,,,,,,,,,,,,
https://results.eci.gov.in/ResultAcGenMay2026/statewiseS253.htm,Leading In,:,0,,,,,,,,,,,,,,,,,,,,,,,,,,,,
https://results.eci.gov.in/ResultAcGenMay2026/statewiseS253.htm,Won In,:,80,,,,,,,,,,,,,,,,,,,,,,,,,,,,
https://results.eci.gov.in/ResultAcGenMay2026/statewiseS253.htm,Trailing In,:,0,,,,,,,,,,,,,,,,,,,,,,,,,,,,
https://results.eci.gov.in/ResultAcGenMay2026/statewiseS253.htm,BHATPARA,105,PAWAN KUMAR SINGH,Bharatiya Janata Party i Party Wise State Trends Leading In : 0 Won In : 207 Trailing In : 0,Bharatiya Janata Party,i Party Wise State Trends Leading In : 0 Won In : 207 Trailing In : 0,Leading In,:,0,Won In,:,207,Trailing In,:,0,AMIT GUPTA,All India Trinamool Congress i Party Wise State Trends Leading In : 0 Won In : 80 Trailing In : 0,All India Trinamool Congress,i Party Wise State Trends Leading In : 0 Won In : 80 Trailing In : 0,Leading In,:,0,Won In,:,80,Trailing In,:,0,22807,12/12,Result Declared
https://results.eci.gov.in/ResultAcGenMay2026/statewiseS253.htm,Bharatiya Janata Party,i Party Wise State Trends Leading In : 0 Won In : 207 Trailing In : 0,Leading In,:,0,Won In,:,207,Trailing In,:,0,,,,,,,,,,,,,,,,,,,,
https://results.eci.gov.in/ResultAcGenMay2026/statewiseS253.htm,Leading In,:,0,,,,,,,,,,,,,,,,,,,,,,,,,,,,
https://results.eci.gov.in/ResultAcGenMay2026/statewiseS253.htm,Won In,:,207,,,,,,,,,,,,,,,,,,,,,,,,,,,,
https://results.eci.gov.in/ResultAcGenMay2026/statewiseS253.htm,Trailing In,:,0,,,,,,,,,,,,,,,,,,,,,,,,,,,,
https://results.eci.gov.in/ResultAcGenMay2026/statewiseS253.htm,All India Trinamool Congress,i Party Wise State Trends Leading In : 0 Won In : 80 Trailing In : 0,Leading In,:,0,Won In,:,80,Trailing In,:,0,,,,,,,,,,,,,,,,,,,,
https://results.eci.gov.in/ResultAcGenMay2026/statewiseS253.htm,Leading In,:,0,,,,,,,,,,,,,,,,,,,,,,,,,,,,
https://results.eci.gov.in/ResultAcGenMay2026/statewiseS253.htm,Won In,:,80,,,,,,,,,,,,,,,,,,,,,,,,,,,,
https://results.eci.gov.in/ResultAcGenMay2026/statewiseS253.htm,Trailing In,:,0,,,,,,,,,,,,,,,,,,,,,,,,,,,,
https://results.eci.gov.in/ResultAcGenMay2026/statewiseS253.htm,BIDHANNAGAR,116,SHARADWAT MUKHERJEE,Bharatiya Janata Party i Party Wise State Trends Leading In : 0 Won In : 207 Trailing In : 0,Bharatiya Janata Party,i Party Wise State Trends Leading In : 0 Won In : 207 Trailing In : 0,Leading In,:,0,Won In,:,207,Trailing In,:,0,SUJIT BOSE,All India Trinamool Congress i Party Wise State Trends Leading In : 0 Won In : 80 Trailing In : 0,All India Trinamool Congress,i Party Wise State Trends Leading In : 0 Won In : 80 Trailing In : 0,Leading In,:,0,Won In,:,80,Trailing In,:,0,37330,16/16,Result Declared
https://results.eci.gov.in/ResultAcGenMay2026/statewiseS253.htm,Bharatiya Janata Party,i Party Wise State Trends Leading In : 0 Won In : 207 Trailing In : 0,Leading In,:,0,Won In,:,207,Trailing In,:,0,,,,,,,,,,,,,,,,,,,,
https://results.eci.gov.in/ResultAcGenMay2026/statewiseS253.htm,Leading In,:,0,,,,,,,,,,,,,,,,,,,,,,,,,,,,
https://results.eci.gov.in/ResultAcGenMay2026/statewiseS253.htm,Won In,:,207,,,,,,,,,,,,,,,,,,,,,,,,,,,,
https://results.eci.gov.in/ResultAcGenMay2026/statewiseS253.htm,Trailing In,:,0,,,,,,,,,,,,,,,,,,,,,,,,,,,,
https://results.eci.gov.in/ResultAcGenMay2026/statewiseS253.htm,All India Trinamool Congress,i Party Wise State Trends Leading In : 0 Won In : 80 Trailing In : 0,Leading In,:,0,Won In,:,80,Trailing In,:,0,,,,,,,,,,,,,,,,,,,,
https://results.eci.gov.in/ResultAcGenMay2026/statewiseS253.htm,Leading In,:,0,,,,,,,,,,,,,,,,,,,,,,,,,,,,
https://results.eci.gov.in/ResultAcGenMay2026/statewiseS253.htm,Won In,:,80,,,,,,,,,,,,,,,,,,,,,,,,,,,,
https://results.eci.gov.in/ResultAcGenMay2026/statewiseS253.htm,Trailing In,:,0,,,,,,,,,,,,,,,,,,,,,,,,,,,,
https://results.eci.gov.in/ResultAcGenMay2026/statewiseS253.htm,BIJPUR,103,SUDIPTA DAS,Bharatiya Janata Party i Party Wise State Trends Leading In : 0 Won In : 207 Trailing In : 0,Bharatiya Janata Party,i Party Wise State Trends Leading In : 0 Won In : 207 Trailing In : 0,Leading In,:,0,Won In,:,207,Trailing In,:,0,SUBODH ADHIKARY,All India Trinamool Congress i Party Wise State Trends Leading In : 0 Won In : 80 Trailing In : 0,All India Trinamool Congress,i Party Wise State Trends Leading In : 0 Won In : 80 Trailing In : 0,Leading In,:,0,Won In,:,80,Trailing In,:,0,13343,10/10,Result Declared
https://results.eci.gov.in/ResultAcGenMay2026/statewiseS253.htm,Bharatiya Janata Party,i Party Wise State Trends Leading In : 0 Won In : 207 Trailing In : 0,Leading In,:,0,Won In,:,207,Trailing In,:,0,,,,,,,,,,,,,,,,,,,,
https://results.eci.gov.in/ResultAcGenMay2026/statewiseS253.htm,Leading In,:,0,,,,,,,,,,,,,,,,,,,,,,,,,,,,
https://results.eci.gov.in/ResultAcGenMay2026/statewiseS253.htm,Won In,:,207,,,,,,,,,,,,,,,,,,,,,,,,,,,,
https://results.eci.gov.in/ResultAcGenMay2026/statewiseS253.htm,Trailing In,:,0,,,,,,,,,,,,,,,,,,,,,,,,,,,,
https://results.eci.gov.in/ResultAcGenMay2026/statewiseS253.htm,All India Trinamool Congress,i Party Wise State Trends Leading In : 0 Won In : 80 Trailing In : 0,Leading In,:,0,Won In,:,80,Trailing In,:,0,,,,,,,,,,,,,,,,,,,,
https://results.eci.gov.in/ResultAcGenMay2026/statewiseS253.htm,Leading In,:,0,,,,,,,,,,,,,,,,,,,,,,,,,,,,
https://results.eci.gov.in/ResultAcGenMay2026/statewiseS253.htm,Won In,:,80,,,,,,,,,,,,,,,,,,,,,,,,,,,,
https://results.eci.gov.in/ResultAcGenMay2026/statewiseS253.htm,Trailing In,:,0,,,,,,,,,,,,,,,,,,,,,,,,,,,,
https://results.eci.gov.in/ResultAcGenMay2026/statewiseS253.htm,BINPUR,237,DR. PRANAT TUDU,Bharatiya Janata Party i Party Wise State Trends Leading In : 0 Won In : 207 Trailing In : 0,Bharatiya Janata Party,i Party Wise State Trends Leading In : 0 Won In : 207 Trailing In : 0,Leading In,:,0,Won In,:,207,Trailing In,:,0,BIRBAHA HANSDA,All India Trinamool Congress i Party Wise State Trends Leading In : 0 Won In : 80 Trailing In : 0,All India Trinamool Congress,i Party Wise State Trends Leading In : 0 Won In : 80 Trailing In : 0,Leading In,:,0,Won In,:,80,Trailing In,:,0,22977,22/22,Result Declared
https://results.eci.gov.in/ResultAcGenMay2026/statewiseS253.htm,Bharatiya Janata Party,i Party Wise State Trends Leading In : 0 Won In : 207 Trailing In : 0,Leading In,:,0,Won In,:,207,Trailing In,:,0,,,,,,,,,,,,,,,,,,,,
https://results.eci.gov.in/ResultAcGenMay2026/statewiseS253.htm,Leading In,:,0,,,,,,,,,,,,,,,,,,,,,,,,,,,,
https://results.eci.gov.in/ResultAcGenMay2026/statewiseS253.htm,Won In,:,207,,,,,,,,,,,,,,,,,,,,,,,,,,,,
https://results.eci.gov.in/ResultAcGenMay2026/statewiseS253.htm,Trailing In,:,0,,,,,,,,,,,,,,,,,,,,,,,,,,,,
https://results.eci.gov.in/ResultAcGenMay2026/statewiseS253.htm,All India Trinamool Congress,i Party Wise State Trends Leading In : 0 Won In : 80 Trailing In : 0,Leading In,:,0,Won In,:,80,Trailing In,:,0,,,,,,,,,,,,,,,,,,,,
https://results.eci.gov.in/ResultAcGenMay2026/statewiseS253.htm,Leading In,:,0,,,,,,,,,,,,,,,,,,,,,,,,,,,,
https://results.eci.gov.in/ResultAcGenMay2026/statewiseS253.htm,Won In,:,80,,,,,,,,,,,,,,,,,,,,,,,,,,,,
https://results.eci.gov.in/ResultAcGenMay2026/statewiseS253.htm,Trailing In,:,0,,,,,,,,,,,,,,,,,,,,,,,,,,,,
https://results.eci.gov.in/ResultAcGenMay2026/statewiseS253.htm,BISHNUPUR,146,DILIP MONDAL,All India Trinamool Congress i Party Wise State Trends Leading In : 0 Won In : 80 Trailing In : 0,All India Trinamool Congress,i Party Wise State Trends Leading In : 0 Won In : 80 Trailing In : 0,Leading In,:,0,Won In,:,80,Trailing In,:,0,ABHIJIT SARDAR,Bharatiya Janata Party i Party Wise State Trends Leading In : 0 Won In : 207 Trailing In : 0,Bharatiya Janata Party,i Party Wise State Trends Leading In : 0 Won In : 207 Trailing In : 0,Leading In,:,0,Won In,:,207,Trailing In,:,0,36925,24/24,Result Declared
https://results.eci.gov.in/ResultAcGenMay2026/statewiseS253.htm,All India Trinamool Congress,i Party Wise State Trends Leading In : 0 Won In : 80 Trailing In : 0,Leading In,:,0,Won In,:,80,Trailing In,:,0,,,,,,,,,,,,,,,,,,,,
https://results.eci.gov.in/ResultAcGenMay2026/statewiseS253.htm,Leading In,:,0,,,,,,,,,,,,,,,,,,,,,,,,,,,,
https://results.eci.gov.in/ResultAcGenMay2026/statewiseS253.htm,Won In,:,80,,,,,,,,,,,,,,,,,,,,,,,,,,,,
https://results.eci.gov.in/ResultAcGenMay2026/statewiseS253.htm,Trailing In,:,0,,,,,,,,,,,,,,,,,,,,,,,,,,,,
https://results.eci.gov.in/ResultAcGenMay2026/statewiseS253.htm,Bharatiya Janata Party,i Party Wise State Trends Leading In : 0 Won In : 207 Trailing In : 0,Leading In,:,0,Won In,:,207,Trailing In,:,0,,,,,,,,,,,,,,,,,,,,
https://results.eci.gov.in/ResultAcGenMay2026/statewiseS253.htm,Leading In,:,0,,,,,,,,,,,,,,,,,,,,,,,,,,,,
https://results.eci.gov.in/ResultAcGenMay2026/statewiseS253.htm,Won In,:,207,,,,,,,,,,,,,,,,,,,,,,,,,,,,
https://results.eci.gov.in/ResultAcGenMay2026/statewiseS253.htm,Trailing In,:,0,,,,,,,,,,,,,,,,,,,,,,,,,,,,
https://results.eci.gov.in/ResultAcGenMay2026/statewiseS253.htm,BISHNUPUR,255,SHUKLA CHATTERJEE,Bharatiya Janata Party i Party Wise State Trends Leading In : 0 Won In : 207 Trailing In : 0,Bharatiya Janata Party,i Party Wise State Trends Leading In : 0 Won In : 207 Trailing In : 0,Leading In,:,0,Won In,:,207,Trailing In,:,0,TANMAY GHOSH (BUMBA),All India Trinamool Congress i Party Wise State Trends Leading In : 0 Won In : 80 Trailing In : 0,All India Trinamool Congress,i Party Wise State Trends Leading In : 0 Won In : 80 Trailing In : 0,Leading In,:,0,Won In,:,80,Trailing In,:,0,30605,19/19,Result Declared
https://results.eci.gov.in/ResultAcGenMay2026/statewiseS253.htm,Bharatiya Janata Party,i Party Wise State Trends Leading In : 0 Won In : 207 Trailing In : 0,Leading In,:,0,Won In,:,207,Trailing In,:,0,,,,,,,,,,,,,,,,,,,,
https://results.eci.gov.in/ResultAcGenMay2026/statewiseS253.htm,Leading In,:,0,,,,,,,,,,,,,,,,,,,,,,,,,,,,
https://results.eci.gov.in/ResultAcGenMay2026/statewiseS253.htm,Won In,:,207,,,,,,,,,,,,,,,,,,,,,,,,,,,,
https://results.eci.gov.in/ResultAcGenMay2026/statewiseS253.htm,Trailing In,:,0,,,,,,,,,,,,,,,,,,,,,,,,,,,,
https://results.eci.gov.in/ResultAcGenMay2026/statewiseS253.htm,All India Trinamool Congress,i Party Wise State Trends Leading In : 0 Won In : 80 Trailing In : 0,Leading In,:,0,Won In,:,80,Trailing In,:,0,,,,,,,,,,,,,,,,,,,,
https://results.eci.gov.in/ResultAcGenMay2026/statewiseS253.htm,Leading In,:,0,,,,,,,,,,,,,,,,,,,,,,,,,,,,
https://results.eci.gov.in/ResultAcGenMay2026/statewiseS253.htm,Won In,:,80,,,,,,,,,,,,,,,,,,,,,,,,,,,,
https://results.eci.gov.in/ResultAcGenMay2026/statewiseS253.htm,Trailing In,:,0,,,,,,,,,,,,,,,,,,,,,,,,,,,,
https://results.eci.gov.in/ResultAcGenMay2026/statewiseS253.htm,BOLPUR,286,CHANDRANATH SINHA,All India Trinamool Congress i Party Wise State Trends Leading In : 0 Won In : 80 Trailing In : 0,All India Trinamool Congress,i Party Wise State Trends Leading In : 0 Won In : 80 Trailing In : 0,Leading In,:,0,Won In,:,80,Trailing In,:,0,DILIP GHOSH,Bharatiya Janata Party i Party Wise State Trends Leading In : 0 Won In : 207 Trailing In : 0,Bharatiya Janata Party,i Party Wise State Trends Leading In : 0 Won In : 207 Trailing In : 0,Leading In,:,0,Won In,:,207,Trailing In,:,0,13188,23/23,Result Declared
https://results.eci.gov.in/ResultAcGenMay2026/statewiseS253.htm,All India Trinamool Congress,i Party Wise State Trends Leading In : 0 Won In : 80 Trailing In : 0,Leading In,:,0,Won In,:,80,Trailing In,:,0,,,,,,,,,,,,,,,,,,,,
https://results.eci.gov.in/ResultAcGenMay2026/statewiseS253.htm,Leading In,:,0,,,,,,,,,,,,,,,,,,,,,,,,,,,,
https://results.eci.gov.in/ResultAcGenMay2026/statewiseS253.htm,Won In,:,80,,,,,,,,,,,,,,,,,,,,,,,,,,,,
https://results.eci.gov.in/ResultAcGenMay2026/statewiseS253.htm,Trailing In,:,0,,,,,,,,,,,,,,,,,,,,,,,,,,,,
https://results.eci.gov.in/ResultAcGenMay2026/statewiseS253.htm,Bharatiya Janata Party,i Party Wise State Trends Leading In : 0 Won In : 207 Trailing In : 0,Leading In,:,0,Won In,:,207,Trailing In,:,0,,,,,,,,,,,,,,,,,,,,
https://results.eci.gov.in/ResultAcGenMay2026/statewiseS253.htm,Leading In,:,0,,,,,,,,,,,,,,,,,,,,,,,,,,,,
https://results.eci.gov.in/ResultAcGenMay2026/statewiseS253.htm,Won In,:,207,,,,,,,,,,,,,,,,,,,,,,,,,,,,
https://results.eci.gov.in/ResultAcGenMay2026/statewiseS253.htm,Trailing In,:,0,,,,,,,,,,,,,,,,,,,,,,,,,,,,
https://results.eci.gov.in/ResultAcGenMay2026/statewiseS253.htm,BUDGE BUDGE,156,ASHOK KUMAR DEB,All India Trinamool Congress i Party Wise State Trends Leading In : 0 Won In : 80 Trailing In : 0,All India Trinamool Congress,i Party Wise State Trends Leading In : 0 Won In : 80 Trailing In : 0,Leading In,:,0,Won In,:,80,Trailing In,:,0,DR TARUN KUMAR ADAK,Bharatiya Janata Party i Party Wise State Trends Leading In : 0 Won In : 207 Trailing In : 0,Bharatiya Janata Party,i Party Wise State Trends Leading In : 0 Won In : 207 Trailing In : 0,Leading In,:,0,Won In,:,207,Trailing In,:,0,46850,12/12,Result Declared
https://results.eci.gov.in/ResultAcGenMay2026/statewiseS253.htm,All India Trinamool Congress,i Party Wise State Trends Leading In : 0 Won In : 80 Trailing In : 0,Leading In,:,0,Won In,:,80,Trailing In,:,0,,,,,,,,,,,,,,,,,,,,
https://results.eci.gov.in/ResultAcGenMay2026/statewiseS253.htm,Leading In,:,0,,,,,,,,,,,,,,,,,,,,,,,,,,,,
https://results.eci.gov.in/ResultAcGenMay2026/statewiseS253.htm,Won In,:,80,,,,,,,,,,,,,,,,,,,,,,,,,,,,
https://results.eci.gov.in/ResultAcGenMay2026/statewiseS253.htm,Trailing In,:,0,,,,,,,,,,,,,,,,,,,,,,,,,,,,
https://results.eci.gov.in/ResultAcGenMay2026/statewiseS253.htm,Bharatiya Janata Party,i Party Wise State Trends Leading In : 0 Won In : 207 Trailing In : 0,Leading In,:,0,Won In,:,207,Trailing In,:,0,,,,,,,,,,,,,,,,,,,,
https://results.eci.gov.in/ResultAcGenMay2026/statewiseS253.htm,Leading In,:,0,,,,,,,,,,,,,,,,,,,,,,,,,,,,
https://results.eci.gov.in/ResultAcGenMay2026/statewiseS253.htm,Won In,:,207,,,,,,,,,,,,,,,,,,,,,,,,,,,,
https://results.eci.gov.in/ResultAcGenMay2026/statewiseS253.htm,Trailing In,:,0,,,,,,,,,,,,,,,,,,,,,,,,,,,,
https://results.eci.gov.in/ResultAcGenMay2026/statewiseS253.htm,BURWAN,67,SUKHEN KUMAR BAGDI,Bharatiya Janata Party i Party Wise State Trends Leading In : 0 Won In : 207 Trailing In : 0,Bharatiya Janata Party,i Party Wise State Trends Leading In : 0 Won In : 207 Trailing In : 0,Leading In,:,0,Won In,:,207,Trailing In,:,0,PROTIMA RAJAK,All India Trinamool Congress i Party Wise State Trends Leading In : 0 Won In : 80 Trailing In : 0,All India Trinamool Congress,i Party Wise State Trends Leading In : 0 Won In : 80 Trailing In : 0,Leading In,:,0,Won In,:,80,Trailing In,:,0,22300,13/13,Result Declared
https://results.eci.gov.in/ResultAcGenMay2026/statewiseS253.htm,Bharatiya Janata Party,i Party Wise State Trends Leading In : 0 Won In : 207 Trailing In : 0,Leading In,:,0,Won In,:,207,Trailing In,:,0,,,,,,,,,,,,,,,,,,,,
https://results.eci.gov.in/ResultAcGenMay2026/statewiseS253.htm,Leading In,:,0,,,,,,,,,,,,,,,,,,,,,,,,,,,,
https://results.eci.gov.in/ResultAcGenMay2026/statewiseS253.htm,Won In,:,207,,,,,,,,,,,,,,,,,,,,,,,,,,,,
https://results.eci.gov.in/ResultAcGenMay2026/statewiseS253.htm,Trailing In,:,0,,,,,,,,,,,,,,,,,,,,,,,,,,,,
https://results.eci.gov.in/ResultAcGenMay2026/statewiseS253.htm,All India Trinamool Congress,i Party Wise State Trends Leading In : 0 Won In : 80 Trailing In : 0,Leading In,:,0,Won In,:,80,Trailing In,:,0,,,,,,,,,,,,,,,,,,,,
https://results.eci.gov.in/ResultAcGenMay2026/statewiseS253.htm,Leading In,:,0,,,,,,,,,,,,,,,,,,,,,,,,,,,,
https://results.eci.gov.in/ResultAcGenMay2026/statewiseS253.htm,Won In,:,80,,,,,,,,,,,,,,,,,,,,,,,,,,,,
https://results.eci.gov.in/ResultAcGenMay2026/statewiseS253.htm,Trailing In,:,0,,,,,,,,,,,,,,,,,,,,,,,,,,,,
https://results.eci.gov.in/ResultAcGenMay2026/statewiseS253.htm,CANNING PASCHIM,138,PARESH RAM DAS,All India Trinamool Congress i Party Wise State Trends Leading In : 0 Won In : 80 Trailing In : 0,All India Trinamool Congress,i Party Wise State Trends Leading In : 0 Won In : 80 Trailing In : 0,Leading In,:,0,Won In,:,80,Trailing In,:,0,Prasanta Bayen,Bharatiya Janata Party i Party Wise State Trends Leading In : 0 Won In : 207 Trailing In : 0,Bharatiya Janata Party,i Party Wise State Trends Leading In : 0 Won In : 207 Trailing In : 0,Leading In,:,0,Won In,:,207,Trailing In,:,0,40665,23/23,Result Declared
https://results.eci.gov.in/ResultAcGenMay2026/statewiseS253.htm,All India Trinamool Congress,i Party Wise State Trends Leading In : 0 Won In : 80 Trailing In : 0,Leading In,:,0,Won In,:,80,Trailing In,:,0,,,,,,,,,,,,,,,,,,,,
https://results.eci.gov.in/ResultAcGenMay2026/statewiseS253.htm,Leading In,:,0,,,,,,,,,,,,,,,,,,,,,,,,,,,,
https://results.eci.gov.in/ResultAcGenMay2026/statewiseS253.htm,Won In,:,80,,,,,,,,,,,,,,,,,,,,,,,,,,,,
https://results.eci.gov.in/ResultAcGenMay2026/statewiseS253.htm,Trailing In,:,0,,,,,,,,,,,,,,,,,,,,,,,,,,,,
https://results.eci.gov.in/ResultAcGenMay2026/statewiseS253.htm,Bharatiya Janata Party,i Party Wise State Trends Leading In : 0 Won In : 207 Trailing In : 0,Leading In,:,0,Won In,:,207,Trailing In,:,0,,,,,,,,,,,,,,,,,,,,
https://results.eci.gov.in/ResultAcGenMay2026/statewiseS253.htm,Leading In,:,0,,,,,,,,,,,,,,,,,,,,,,,,,,,,
https://results.eci.gov.in/ResultAcGenMay2026/statewiseS253.htm,Won In,:,207,,,,,,,,,,,,,,,,,,,,,,,,,,,,
https://results.eci.gov.in/ResultAcGenMay2026/statewiseS253.htm,Trailing In,:,0,,,,,,,,,,,,,,,,,,,,,,,,,,,,
https://results.eci.gov.in/ResultAcGenMay2026/statewiseS253.htm,CANNING PURBA,139,MD BAHARUL ISLAM,All India Trinamool Congress i Party Wise State Trends Leading In : 0 Won In : 80 Trailing In : 0,All India Trinamool Congress,i Party Wise State Trends Leading In : 0 Won In : 80 Trailing In : 0,Leading In,:,0,Won In,:,80,Trailing In,:,0,ARABUL ISLAM,All India Secular Front i Party Wise State Trends Leading In : 0 Won In : 1 Trailing In : 0,All India Secular Front,i Party Wise State Trends Leading In : 0 Won In : 1 Trailing In : 0,Leading In,:,0,Won In,:,1,Trailing In,:,0,91954,22/22,Result Declared
https://results.eci.gov.in/ResultAcGenMay2026/statewiseS253.htm,All India Trinamool Congress,i Party Wise State Trends Leading In : 0 Won In : 80 Trailing In : 0,Leading In,:,0,Won In,:,80,Trailing In,:,0,,,,,,,,,,,,,,,,,,,,
https://results.eci.gov.in/ResultAcGenMay2026/statewiseS253.htm,Leading In,:,0,,,,,,,,,,,,,,,,,,,,,,,,,,,,
https://results.eci.gov.in/ResultAcGenMay2026/statewiseS253.htm,Won In,:,80,,,,,,,,,,,,,,,,,,,,,,,,,,,,
https://results.eci.gov.in/ResultAcGenMay2026/statewiseS253.htm,Trailing In,:,0,,,,,,,,,,,,,,,,,,,,,,,,,,,,
https://results.eci.gov.in/ResultAcGenMay2026/statewiseS253.htm,All India Secular Front,i Party Wise State Trends Leading In : 0 Won In : 1 Trailing In : 0,Leading In,:,0,Won In,:,1,Trailing In,:,0,,,,,,,,,,,,,,,,,,,,
https://results.eci.gov.in/ResultAcGenMay2026/statewiseS253.htm,Leading In,:,0,,,,,,,,,,,,,,,,,,,,,,,,,,,,
https://results.eci.gov.in/ResultAcGenMay2026/statewiseS253.htm,Won In,:,1,,,,,,,,,,,,,,,,,,,,,,,,,,,,
https://results.eci.gov.in/ResultAcGenMay2026/statewiseS253.htm,Trailing In,:,0,,,,,,,,,,,,,,,,,,,,,,,,,,,,
https://results.eci.gov.in/ResultAcGenMay2026/statewiseS253.htm,CHAKDAHA,91,BANKIM CHANDRA GHOSH,Bharatiya Janata Party i Party Wise State Trends Leading In : 0 Won In : 207 Trailing In : 0,Bharatiya Janata Party,i Party Wise State Trends Leading In : 0 Won In : 207 Trailing In : 0,Leading In,:,0,Won In,:,207,Trailing In,:,0,SUBHANKAR SINGHA (JISHU),All India Trinamool Congress i Party Wise State Trends Leading In : 0 Won In : 80 Trailing In : 0,All India Trinamool Congress,i Party Wise State Trends Leading In : 0 Won In : 80 Trailing In : 0,Leading In,:,0,Won In,:,80,Trailing In,:,0,36945,22/22,Result Declared
https://results.eci.gov.in/ResultAcGenMay2026/statewiseS253.htm,Bharatiya Janata Party,i Party Wise State Trends Leading In : 0 Won In : 207 Trailing In : 0,Leading In,:,0,Won In,:,207,Trailing In,:,0,,,,,,,,,,,,,,,,,,,,
https://results.eci.gov.in/ResultAcGenMay2026/statewiseS253.htm,Leading In,:,0,,,,,,,,,,,,,,,,,,,,,,,,,,,,
https://results.eci.gov.in/ResultAcGenMay2026/statewiseS253.htm,Won In,:,207,,,,,,,,,,,,,,,,,,,,,,,,,,,,
https://results.eci.gov.in/ResultAcGenMay2026/statewiseS253.htm,Trailing In,:,0,,,,,,,,,,,,,,,,,,,,,,,,,,,,
https://results.eci.gov.in/ResultAcGenMay2026/statewiseS253.htm,All India Trinamool Congress,i Party Wise State Trends Leading In : 0 Won In : 80 Trailing In : 0,Leading In,:,0,Won In,:,80,Trailing In,:,0,,,,,,,,,,,,,,,,,,,,
https://results.eci.gov.in/ResultAcGenMay2026/statewiseS253.htm,Leading In,:,0,,,,,,,,,,,,,,,,,,,,,,,,,,,,
https://results.eci.gov.in/ResultAcGenMay2026/statewiseS253.htm,Won In,:,80,,,,,,,,,,,,,,,,,,,,,,,,,,,,
https://results.eci.gov.in/ResultAcGenMay2026/statewiseS253.htm,Trailing In,:,0,,,,,,,,,,,,,,,,,,,,,,,,,,,,
https://results.eci.gov.in/ResultAcGenMay2026/statewiseS253.htm,CHAKULIA,31,AZAD MINHAJUL ARFIN,All India Trinamool Congress i Party Wise State Trends Leading In : 0 Won In : 80 Trailing In : 0,All India Trinamool Congress,i Party Wise State Trends Leading In : 0 Won In : 80 Trailing In : 0,Leading In,:,0,Won In,:,80,Trailing In,:,0,MANOJ KUMAR JAIN,Bharatiya Janata Party i Party Wise State Trends Leading In : 0 Won In : 207 Trailing In : 0,Bharatiya Janata Party,i Party Wise State Trends Leading In : 0 Won In : 207 Trailing In : 0,Leading In,:,0,Won In,:,207,Trailing In,:,0,28011,21/21,Result Declared
https://results.eci.gov.in/ResultAcGenMay2026/statewiseS253.htm,All India Trinamool Congress,i Party Wise State Trends Leading In : 0 Won In : 80 Trailing In : 0,Leading In,:,0,Won In,:,80,Trailing In,:,0,,,,,,,,,,,,,,,,,,,,
https://results.eci.gov.in/ResultAcGenMay2026/statewiseS253.htm,Leading In,:,0,,,,,,,,,,,,,,,,,,,,,,,,,,,,
https://results.eci.gov.in/ResultAcGenMay2026/statewiseS253.htm,Won In,:,80,,,,,,,,,,,,,,,,,,,,,,,,,,,,
https://results.eci.gov.in/ResultAcGenMay2026/statewiseS253.htm,Trailing In,:,0,,,,,,,,,,,,,,,,,,,,,,,,,,,,
https://results.eci.gov.in/ResultAcGenMay2026/statewiseS253.htm,Bharatiya Janata Party,i Party Wise State Trends Leading In : 0 Won In : 207 Trailing In : 0,Leading In,:,0,Won In,:,207,Trailing In,:,0,,,,,,,,,,,,,,,,,,,,
https://results.eci.gov.in/ResultAcGenMay2026/statewiseS253.htm,Leading In,:,0,,,,,,,,,,,,,,,,,,,,,,,,,,,,
https://results.eci.gov.in/ResultAcGenMay2026/statewiseS253.htm,Won In,:,207,,,,,,,,,,,,,,,,,,,,,,,,,,,,
https://results.eci.gov.in/ResultAcGenMay2026/statewiseS253.htm,Trailing In,:,0,,,,,,,,,,,,,,,,,,,,,,,,,,,,
https://results.eci.gov.in/ResultAcGenMay2026/statewiseS253.htm,CHAMPDANI,187,DILIP SINGH,Bharatiya Janata Party i Party Wise State Trends Leading In : 0 Won In : 207 Trailing In : 0,Bharatiya Janata Party,i Party Wise State Trends Leading In : 0 Won In : 207 Trailing In : 0,Leading In,:,0,Won In,:,207,Trailing In,:,0,ARINDAM GUIN (BUBAI),All India Trinamool Congress i Party Wise State Trends Leading In : 0 Won In : 80 Trailing In : 0,All India Trinamool Congress,i Party Wise State Trends Leading In : 0 Won In : 80 Trailing In : 0,Leading In,:,0,Won In,:,80,Trailing In,:,0,3026,26/26,Result Declared
https://results.eci.gov.in/ResultAcGenMay2026/statewiseS253.htm,Bharatiya Janata Party,i Party Wise State Trends Leading In : 0 Won In : 207 Trailing In : 0,Leading In,:,0,Won In,:,207,Trailing In,:,0,,,,,,,,,,,,,,,,,,,,
https://results.eci.gov.in/ResultAcGenMay2026/statewiseS253.htm,Leading In,:,0,,,,,,,,,,,,,,,,,,,,,,,,,,,,
https://results.eci.gov.in/ResultAcGenMay2026/statewiseS253.htm,Won In,:,207,,,,,,,,,,,,,,,,,,,,,,,,,,,,
https://results.eci.gov.in/ResultAcGenMay2026/statewiseS253.htm,Trailing In,:,0,,,,,,,,,,,,,,,,,,,,,,,,,,,,
https://results.eci.gov.in/ResultAcGenMay2026/statewiseS253.htm,All India Trinamool Congress,i Party Wise State Trends Leading In : 0 Won In : 80 Trailing In : 0,Leading In,:,0,Won In,:,80,Trailing In,:,0,,,,,,,,,,,,,,,,,,,,
https://results.eci.gov.in/ResultAcGenMay2026/statewiseS253.htm,Leading In,:,0,,,,,,,,,,,,,,,,,,,,,,,,,,,,
https://results.eci.gov.in/ResultAcGenMay2026/statewiseS253.htm,Won In,:,80,,,,,,,,,,,,,,,,,,,,,,,,,,,,
https://results.eci.gov.in/ResultAcGenMay2026/statewiseS253.htm,Trailing In,:,0,,,,,,,,,,,,,,,,,,,,,,,,,,,,
https://results.eci.gov.in/ResultAcGenMay2026/statewiseS253.htm,CHANCHAL,45,PRASUN BANERJEE,All India Trinamool Congress i Party Wise State Trends Leading In : 0 Won In : 80 Trailing In : 0,All India Trinamool Congress,i Party Wise State Trends Leading In : 0 Won In : 80 Trailing In : 0,Leading In,:,0,Won In,:,80,Trailing In,:,0,RATAN DAS,Bharatiya Janata Party i Party Wise State Trends Leading In : 0 Won In : 207 Trailing In : 0,Bharatiya Janata Party,i Party Wise State Trends Leading In : 0 Won In : 207 Trailing In : 0,Leading In,:,0,Won In,:,207,Trailing In,:,0,63874,22/22,Result Declared
https://results.eci.gov.in/ResultAcGenMay2026/statewiseS253.htm,All India Trinamool Congress,i Party Wise State Trends Leading In : 0 Won In : 80 Trailing In : 0,Leading In,:,0,Won In,:,80,Trailing In,:,0,,,,,,,,,,,,,,,,,,,,
https://results.eci.gov.in/ResultAcGenMay2026/statewiseS253.htm,Leading In,:,0,,,,,,,,,,,,,,,,,,,,,,,,,,,,
https://results.eci.gov.in/ResultAcGenMay2026/statewiseS253.htm,Won In,:,80,,,,,,,,,,,,,,,,,,,,,,,,,,,,
https://results.eci.gov.in/ResultAcGenMay2026/statewiseS253.htm,Trailing In,:,0,,,,,,,,,,,,,,,,,,,,,,,,,,,,
https://results.eci.gov.in/ResultAcGenMay2026/statewiseS253.htm,Bharatiya Janata Party,i Party Wise State Trends Leading In : 0 Won In : 207 Trailing In : 0,Leading In,:,0,Won In,:,207,Trailing In,:,0,,,,,,,,,,,,,,,,,,,,
https://results.eci.gov.in/ResultAcGenMay2026/statewiseS253.htm,Leading In,:,0,,,,,,,,,,,,,,,,,,,,,,,,,,,,
https://results.eci.gov.in/ResultAcGenMay2026/statewiseS253.htm,Won In,:,207,,,,,,,,,,,,,,,,,,,,,,,,,,,,
https://results.eci.gov.in/ResultAcGenMay2026/statewiseS253.htm,Trailing In,:,0,,,,,,,,,,,,,,,,,,,,,,,,,,,,
https://results.eci.gov.in/ResultAcGenMay2026/statewiseS253.htm,,,,,,,,,,,,,,,,,,,,,,,,,,,,,,,
https://results.eci.gov.in/ResultAcGenMay2026/statewiseS254.htm,Status Known For 293 out of 293 Constituencies,,,,,,,,,,,,,,,,,,,,,,,,,,,,,,
https://results.eci.gov.in/ResultAcGenMay2026/statewiseS254.htm,Constituency,Const. No.,Leading Candidate,Leading Party,Trailing Candidate,Trailing Party,Margin,Round,Status,,,,,,,,,,,,,,,,,,,,,,
https://results.eci.gov.in/ResultAcGenMay2026/statewiseS254.htm,CHANDANNAGAR,189,Deepanjan Kumar Guha,Bharatiya Janata Party i Party Wise State Trends Leading In : 0 Won In : 207 Trailing In : 0,Bharatiya Janata Party,i Party Wise State Trends Leading In : 0 Won In : 207 Trailing In : 0,Leading In,:,0,Won In,:,207,Trailing In,:,0,Indranil Sen,All India Trinamool Congress i Party Wise State Trends Leading In : 0 Won In : 80 Trailing In : 0,All India Trinamool Congress,i Party Wise State Trends Leading In : 0 Won In : 80 Trailing In : 0,Leading In,:,0,Won In,:,80,Trailing In,:,0,13441,23/23,Result Declared
https://results.eci.gov.in/ResultAcGenMay2026/statewiseS254.htm,Bharatiya Janata Party,i Party Wise State Trends Leading In : 0 Won In : 207 Trailing In : 0,Leading In,:,0,Won In,:,207,Trailing In,:,0,,,,,,,,,,,,,,,,,,,,
https://results.eci.gov.in/ResultAcGenMay2026/statewiseS254.htm,Leading In,:,0,,,,,,,,,,,,,,,,,,,,,,,,,,,,
https://results.eci.gov.in/ResultAcGenMay2026/statewiseS254.htm,Won In,:,207,,,,,,,,,,,,,,,,,,,,,,,,,,,,
https://results.eci.gov.in/ResultAcGenMay2026/statewiseS254.htm,Trailing In,:,0,,,,,,,,,,,,,,,,,,,,,,,,,,,,
https://results.eci.gov.in/ResultAcGenMay2026/statewiseS254.htm,All India Trinamool Congress,i Party Wise State Trends Leading In : 0 Won In : 80 Trailing In : 0,Leading In,:,0,Won In,:,80,Trailing In,:,0,,,,,,,,,,,,,,,,,,,,
https://results.eci.gov.in/ResultAcGenMay2026/statewiseS254.htm,Leading In,:,0,,,,,,,,,,,,,,,,,,,,,,,,,,,,
https://results.eci.gov.in/ResultAcGenMay2026/statewiseS254.htm,Won In,:,80,,,,,,,,,,,,,,,,,,,,,,,,,,,,
https://results.eci.gov.in/ResultAcGenMay2026/statewiseS254.htm,Trailing In,:,0,,,,,,,,,,,,,,,,,,,,,,,,,,,,
https://results.eci.gov.in/ResultAcGenMay2026/statewiseS254.htm,CHANDIPUR,211,PIJUSH KANTI DAS,Bharatiya Janata Party i Party Wise State Trends Leading In : 0 Won In : 207 Trailing In : 0,Bharatiya Janata Party,i Party Wise State Trends Leading In : 0 Won In : 207 Trailing In : 0,Leading In,:,0,Won In,:,207,Trailing In,:,0,UTTAM BARIK,All India Trinamool Congress i Party Wise State Trends Leading In : 0 Won In : 80 Trailing In : 0,All India Trinamool Congress,i Party Wise State Trends Leading In : 0 Won In : 80 Trailing In : 0,Leading In,:,0,Won In,:,80,Trailing In,:,0,20270,13/13,Result Declared
https://results.eci.gov.in/ResultAcGenMay2026/statewiseS254.htm,Bharatiya Janata Party,i Party Wise State Trends Leading In : 0 Won In : 207 Trailing In : 0,Leading In,:,0,Won In,:,207,Trailing In,:,0,,,,,,,,,,,,,,,,,,,,
https://results.eci.gov.in/ResultAcGenMay2026/statewiseS254.htm,Leading In,:,0,,,,,,,,,,,,,,,,,,,,,,,,,,,,
https://results.eci.gov.in/ResultAcGenMay2026/statewiseS254.htm,Won In,:,207,,,,,,,,,,,,,,,,,,,,,,,,,,,,
https://results.eci.gov.in/ResultAcGenMay2026/statewiseS254.htm,Trailing In,:,0,,,,,,,,,,,,,,,,,,,,,,,,,,,,
https://results.eci.gov.in/ResultAcGenMay2026/statewiseS254.htm,All India Trinamool Congress,i Party Wise State Trends Leading In : 0 Won In : 80 Trailing In : 0,Leading In,:,0,Won In,:,80,Trailing In,:,0,,,,,,,,,,,,,,,,,,,,
https://results.eci.gov.in/ResultAcGenMay2026/statewiseS254.htm,Leading In,:,0,,,,,,,,,,,,,,,,,,,,,,,,,,,,
https://results.eci.gov.in/ResultAcGenMay2026/statewiseS254.htm,Won In,:,80,,,,,,,,,,,,,,,,,,,,,,,,,,,,
https://results.eci.gov.in/ResultAcGenMay2026/statewiseS254.htm,Trailing In,:,0,,,,,,,,,,,,,,,,,,,,,,,,,,,,
https://results.eci.gov.in/ResultAcGenMay2026/statewiseS254.htm,CHANDITALA,194,SWATI KHANDOKER,All India Trinamool Congress i Party Wise State Trends Leading In : 0 Won In : 80 Trailing In : 0,All India Trinamool Congress,i Party Wise State Trends Leading In : 0 Won In : 80 Trailing In : 0,Leading In,:,0,Won In,:,80,Trailing In,:,0,DEBASISH MUKHERJEE,Bharatiya Janata Party i Party Wise State Trends Leading In : 0 Won In : 207 Trailing In : 0,Bharatiya Janata Party,i Party Wise State Trends Leading In : 0 Won In : 207 Trailing In : 0,Leading In,:,0,Won In,:,207,Trailing In,:,0,19663,24/24,Result Declared
https://results.eci.gov.in/ResultAcGenMay2026/statewiseS254.htm,All India Trinamool Congress,i Party Wise State Trends Leading In : 0 Won In : 80 Trailing In : 0,Leading In,:,0,Won In,:,80,Trailing In,:,0,,,,,,,,,,,,,,,,,,,,
https://results.eci.gov.in/ResultAcGenMay2026/statewiseS254.htm,Leading In,:,0,,,,,,,,,,,,,,,,,,,,,,,,,,,,
https://results.eci.gov.in/ResultAcGenMay2026/statewiseS254.htm,Won In,:,80,,,,,,,,,,,,,,,,,,,,,,,,,,,,
https://results.eci.gov.in/ResultAcGenMay2026/statewiseS254.htm,Trailing In,:,0,,,,,,,,,,,,,,,,,,,,,,,,,,,,
https://results.eci.gov.in/ResultAcGenMay2026/statewiseS254.htm,Bharatiya Janata Party,i Party Wise State Trends Leading In : 0 Won In : 207 Trailing In : 0,Leading In,:,0,Won In,:,207,Trailing In,:,0,,,,,,,,,,,,,,,,,,,,
https://results.eci.gov.in/ResultAcGenMay2026/statewiseS254.htm,Leading In,:,0,,,,,,,,,,,,,,,,,,,,,,,,,,,,
https://results.eci.gov.in/ResultAcGenMay2026/statewiseS254.htm,Won In,:,207,,,,,,,,,,,,,,,,,,,,,,,,,,,,
https://results.eci.gov.in/ResultAcGenMay2026/statewiseS254.htm,Trailing In,:,0,,,,,,,,,,,,,,,,,,,,,,,,,,,,
https://results.eci.gov.in/ResultAcGenMay2026/statewiseS254.htm,CHANDRAKONA,232,SUKANTA DOLUI,Bharatiya Janata Party i Party Wise State Trends Leading In : 0 Won In : 207 Trailing In : 0,Bharatiya Janata Party,i Party Wise State Trends Leading In : 0 Won In : 207 Trailing In : 0,Leading In,:,0,Won In,:,207,Trailing In,:,0,DOLOI SURJYA KANTA,All India Trinamool Congress i Party Wise State Trends Leading In : 0 Won In : 80 Trailing In : 0,All India Trinamool Congress,i Party Wise State Trends Leading In : 0 Won In : 80 Trailing In : 0,Leading In,:,0,Won In,:,80,Trailing In,:,0,33481,19/19,Result Declared
https://results.eci.gov.in/ResultAcGenMay2026/statewiseS254.htm,Bharatiya Janata Party,i Party Wise State Trends Leading In : 0 Won In : 207 Trailing In : 0,Leading In,:,0,Won In,:,207,Trailing In,:,0,,,,,,,,,,,,,,,,,,,,
https://results.eci.gov.in/ResultAcGenMay2026/statewiseS254.htm,Leading In,:,0,,,,,,,,,,,,,,,,,,,,,,,,,,,,
https://results.eci.gov.in/ResultAcGenMay2026/statewiseS254.htm,Won In,:,207,,,,,,,,,,,,,,,,,,,,,,,,,,,,
https://results.eci.gov.in/ResultAcGenMay2026/statewiseS254.htm,Trailing In,:,0,,,,,,,,,,,,,,,,,,,,,,,,,,,,
https://results.eci.gov.in/ResultAcGenMay2026/statewiseS254.htm,All India Trinamool Congress,i Party Wise State Trends Leading In : 0 Won In : 80 Trailing In : 0,Leading In,:,0,Won In,:,80,Trailing In,:,0,,,,,,,,,,,,,,,,,,,,
https://results.eci.gov.in/ResultAcGenMay2026/statewiseS254.htm,Leading In,:,0,,,,,,,,,,,,,,,,,,,,,,,,,,,,
https://results.eci.gov.in/ResultAcGenMay2026/statewiseS254.htm,Won In,:,80,,,,,,,,,,,,,,,,,,,,,,,,,,,,
https://results.eci.gov.in/ResultAcGenMay2026/statewiseS254.htm,Trailing In,:,0,,,,,,,,,,,,,,,,,,,,,,,,,,,,
https://results.eci.gov.in/ResultAcGenMay2026/statewiseS254.htm,CHAPRA,82,JEBER SEKH,All India Trinamool Congress i Party Wise State Trends Leading In : 0 Won In : 80 Trailing In : 0,All India Trinamool Congress,i Party Wise State Trends Leading In : 0 Won In : 80 Trailing In : 0,Leading In,:,0,Won In,:,80,Trailing In,:,0,SAIKAT SARKAR,Bharatiya Janata Party i Party Wise State Trends Leading In : 0 Won In : 207 Trailing In : 0,Bharatiya Janata Party,i Party Wise State Trends Leading In : 0 Won In : 207 Trailing In : 0,Leading In,:,0,Won In,:,207,Trailing In,:,0,30780,14/14,Result Declared
https://results.eci.gov.in/ResultAcGenMay2026/statewiseS254.htm,All India Trinamool Congress,i Party Wise State Trends Leading In : 0 Won In : 80 Trailing In : 0,Leading In,:,0,Won In,:,80,Trailing In,:,0,,,,,,,,,,,,,,,,,,,,
https://results.eci.gov.in/ResultAcGenMay2026/statewiseS254.htm,Leading In,:,0,,,,,,,,,,,,,,,,,,,,,,,,,,,,
https://results.eci.gov.in/ResultAcGenMay2026/statewiseS254.htm,Won In,:,80,,,,,,,,,,,,,,,,,,,,,,,,,,,,
https://results.eci.gov.in/ResultAcGenMay2026/statewiseS254.htm,Trailing In,:,0,,,,,,,,,,,,,,,,,,,,,,,,,,,,
https://results.eci.gov.in/ResultAcGenMay2026/statewiseS254.htm,Bharatiya Janata Party,i Party Wise State Trends Leading In : 0 Won In : 207 Trailing In : 0,Leading In,:,0,Won In,:,207,Trailing In,:,0,,,,,,,,,,,,,,,,,,,,
https://results.eci.gov.in/ResultAcGenMay2026/statewiseS254.htm,Leading In,:,0,,,,,,,,,,,,,,,,,,,,,,,,,,,,
https://results.eci.gov.in/ResultAcGenMay2026/statewiseS254.htm,Won In,:,207,,,,,,,,,,,,,,,,,,,,,,,,,,,,
https://results.eci.gov.in/ResultAcGenMay2026/statewiseS254.htm,Trailing In,:,0,,,,,,,,,,,,,,,,,,,,,,,,,,,,
https://results.eci.gov.in/ResultAcGenMay2026/statewiseS254.htm,CHHATNA,248,SATYANARAYAN MUKHOPADHYAY,Bharatiya Janata Party i Party Wise State Trends Leading In : 0 Won In : 207 Trailing In : 0,Bharatiya Janata Party,i Party Wise State Trends Leading In : 0 Won In : 207 Trailing In : 0,Leading In,:,0,Won In,:,207,Trailing In,:,0,SWAPAN KUMAR MONDAL,All India Trinamool Congress i Party Wise State Trends Leading In : 0 Won In : 80 Trailing In : 0,All India Trinamool Congress,i Party Wise State Trends Leading In : 0 Won In : 80 Trailing In : 0,Leading In,:,0,Won In,:,80,Trailing In,:,0,47174,23/23,Result Declared
https://results.eci.gov.in/ResultAcGenMay2026/statewiseS254.htm,Bharatiya Janata Party,i Party Wise State Trends Leading In : 0 Won In : 207 Trailing In : 0,Leading In,:,0,Won In,:,207,Trailing In,:,0,,,,,,,,,,,,,,,,,,,,
https://results.eci.gov.in/ResultAcGenMay2026/statewiseS254.htm,Leading In,:,0,,,,,,,,,,,,,,,,,,,,,,,,,,,,
https://results.eci.gov.in/ResultAcGenMay2026/statewiseS254.htm,Won In,:,207,,,,,,,,,,,,,,,,,,,,,,,,,,,,
https://results.eci.gov.in/ResultAcGenMay2026/statewiseS254.htm,Trailing In,:,0,,,,,,,,,,,,,,,,,,,,,,,,,,,,
https://results.eci.gov.in/ResultAcGenMay2026/statewiseS254.htm,All India Trinamool Congress,i Party Wise State Trends Leading In : 0 Won In : 80 Trailing In : 0,Leading In,:,0,Won In,:,80,Trailing In,:,0,,,,,,,,,,,,,,,,,,,,
https://results.eci.gov.in/ResultAcGenMay2026/statewiseS254.htm,Leading In,:,0,,,,,,,,,,,,,,,,,,,,,,,,,,,,
https://results.eci.gov.in/ResultAcGenMay2026/statewiseS254.htm,Won In,:,80,,,,,,,,,,,,,,,,,,,,,,,,,,,,
https://results.eci.gov.in/ResultAcGenMay2026/statewiseS254.htm,Trailing In,:,0,,,,,,,,,,,,,,,,,,,,,,,,,,,,
https://results.eci.gov.in/ResultAcGenMay2026/statewiseS254.htm,CHOPRA,28,HAMIDUL RAHAMAN,All India Trinamool Congress i Party Wise State Trends Leading In : 0 Won In : 80 Trailing In : 0,All India Trinamool Congress,i Party Wise State Trends Leading In : 0 Won In : 80 Trailing In : 0,Leading In,:,0,Won In,:,80,Trailing In,:,0,SANKAR ADHIKARI,Bharatiya Janata Party i Party Wise State Trends Leading In : 0 Won In : 207 Trailing In : 0,Bharatiya Janata Party,i Party Wise State Trends Leading In : 0 Won In : 207 Trailing In : 0,Leading In,:,0,Won In,:,207,Trailing In,:,0,69124,20/20,Result Declared
https://results.eci.gov.in/ResultAcGenMay2026/statewiseS254.htm,All India Trinamool Congress,i Party Wise State Trends Leading In : 0 Won In : 80 Trailing In : 0,Leading In,:,0,Won In,:,80,Trailing In,:,0,,,,,,,,,,,,,,,,,,,,
https://results.eci.gov.in/ResultAcGenMay2026/statewiseS254.htm,Leading In,:,0,,,,,,,,,,,,,,,,,,,,,,,,,,,,
https://results.eci.gov.in/ResultAcGenMay2026/statewiseS254.htm,Won In,:,80,,,,,,,,,,,,,,,,,,,,,,,,,,,,
https://results.eci.gov.in/ResultAcGenMay2026/statewiseS254.htm,Trailing In,:,0,,,,,,,,,,,,,,,,,,,,,,,,,,,,
https://results.eci.gov.in/ResultAcGenMay2026/statewiseS254.htm,Bharatiya Janata Party,i Party Wise State Trends Leading In : 0 Won In : 207 Trailing In : 0,Leading In,:,0,Won In,:,207,Trailing In,:,0,,,,,,,,,,,,,,,,,,,,
https://results.eci.gov.in/ResultAcGenMay2026/statewiseS254.htm,Leading In,:,0,,,,,,,,,,,,,,,,,,,,,,,,,,,,
https://results.eci.gov.in/ResultAcGenMay2026/statewiseS254.htm,Won In,:,207,,,,,,,,,,,,,,,,,,,,,,,,,,,,
https://results.eci.gov.in/ResultAcGenMay2026/statewiseS254.htm,Trailing In,:,0,,,,,,,,,,,,,,,,,,,,,,,,,,,,
https://results.eci.gov.in/ResultAcGenMay2026/statewiseS254.htm,CHOWRANGEE,162,BANDYOPADHYAY NAYNA,All India Trinamool Congress i Party Wise State Trends Leading In : 0 Won In : 80 Trailing In : 0,All India Trinamool Congress,i Party Wise State Trends Leading In : 0 Won In : 80 Trailing In : 0,Leading In,:,0,Won In,:,80,Trailing In,:,0,SANTOSH KUMAR PATHAK,Bharatiya Janata Party i Party Wise State Trends Leading In : 0 Won In : 207 Trailing In : 0,Bharatiya Janata Party,i Party Wise State Trends Leading In : 0 Won In : 207 Trailing In : 0,Leading In,:,0,Won In,:,207,Trailing In,:,0,22002,21/21,Result Declared
https://results.eci.gov.in/ResultAcGenMay2026/statewiseS254.htm,All India Trinamool Congress,i Party Wise State Trends Leading In : 0 Won In : 80 Trailing In : 0,Leading In,:,0,Won In,:,80,Trailing In,:,0,,,,,,,,,,,,,,,,,,,,
https://results.eci.gov.in/ResultAcGenMay2026/statewiseS254.htm,Leading In,:,0,,,,,,,,,,,,,,,,,,,,,,,,,,,,
https://results.eci.gov.in/ResultAcGenMay2026/statewiseS254.htm,Won In,:,80,,,,,,,,,,,,,,,,,,,,,,,,,,,,
https://results.eci.gov.in/ResultAcGenMay2026/statewiseS254.htm,Trailing In,:,0,,,,,,,,,,,,,,,,,,,,,,,,,,,,
https://results.eci.gov.in/ResultAcGenMay2026/statewiseS254.htm,Bharatiya Janata Party,i Party Wise State Trends Leading In : 0 Won In : 207 Trailing In : 0,Leading In,:,0,Won In,:,207,Trailing In,:,0,,,,,,,,,,,,,,,,,,,,
https://results.eci.gov.in/ResultAcGenMay2026/statewiseS254.htm,Leading In,:,0,,,,,,,,,,,,,,,,,,,,,,,,,,,,
https://results.eci.gov.in/ResultAcGenMay2026/statewiseS254.htm,Won In,:,207,,,,,,,,,,,,,,,,,,,,,,,,,,,,
https://results.eci.gov.in/ResultAcGenMay2026/statewiseS254.htm,Trailing In,:,0,,,,,,,,,,,,,,,,,,,,,,,,,,,,
https://results.eci.gov.in/ResultAcGenMay2026/statewiseS254.htm,CHUNCHURA,190,SUBIR NAG,Bharatiya Janata Party i Party Wise State Trends Leading In : 0 Won In : 207 Trailing In : 0,Bharatiya Janata Party,i Party Wise State Trends Leading In : 0 Won In : 207 Trailing In : 0,Leading In,:,0,Won In,:,207,Trailing In,:,0,DEBANGSHU BHATTACHARYA,All India Trinamool Congress i Party Wise State Trends Leading In : 0 Won In : 80 Trailing In : 0,All India Trinamool Congress,i Party Wise State Trends Leading In : 0 Won In : 80 Trailing In : 0,Leading In,:,0,Won In,:,80,Trailing In,:,0,43435,28/28,Result Declared
https://results.eci.gov.in/ResultAcGenMay2026/statewiseS254.htm,Bharatiya Janata Party,i Party Wise State Trends Leading In : 0 Won In : 207 Trailing In : 0,Leading In,:,0,Won In,:,207,Trailing In,:,0,,,,,,,,,,,,,,,,,,,,
https://results.eci.gov.in/ResultAcGenMay2026/statewiseS254.htm,Leading In,:,0,,,,,,,,,,,,,,,,,,,,,,,,,,,,
https://results.eci.gov.in/ResultAcGenMay2026/statewiseS254.htm,Won In,:,207,,,,,,,,,,,,,,,,,,,,,,,,,,,,
https://results.eci.gov.in/ResultAcGenMay2026/statewiseS254.htm,Trailing In,:,0,,,,,,,,,,,,,,,,,,,,,,,,,,,,
https://results.eci.gov.in/ResultAcGenMay2026/statewiseS254.htm,All India Trinamool Congress,i Party Wise State Trends Leading In : 0 Won In : 80 Trailing In : 0,Leading In,:,0,Won In,:,80,Trailing In,:,0,,,,,,,,,,,,,,,,,,,,
https://results.eci.gov.in/ResultAcGenMay2026/statewiseS254.htm,Leading In,:,0,,,,,,,,,,,,,,,,,,,,,,,,,,,,
https://results.eci.gov.in/ResultAcGenMay2026/statewiseS254.htm,Won In,:,80,,,,,,,,,,,,,,,,,,,,,,,,,,,,
https://results.eci.gov.in/ResultAcGenMay2026/statewiseS254.htm,Trailing In,:,0,,,,,,,,,,,,,,,,,,,,,,,,,,,,
https://results.eci.gov.in/ResultAcGenMay2026/statewiseS254.htm,COOCHBEHAR DAKSHIN,4,RATHINDRA BOSE,Bharatiya Janata Party i Party Wise State Trends Leading In : 0 Won In : 207 Trailing In : 0,Bharatiya Janata Party,i Party Wise State Trends Leading In : 0 Won In : 207 Trailing In : 0,Leading In,:,0,Won In,:,207,Trailing In,:,0,AVIJIT DE BHOWMIK,All India Trinamool Congress i Party Wise State Trends Leading In : 0 Won In : 80 Trailing In : 0,All India Trinamool Congress,i Party Wise State Trends Leading In : 0 Won In : 80 Trailing In : 0,Leading In,:,0,Won In,:,80,Trailing In,:,0,23284,23/23,Result Declared
https://results.eci.gov.in/ResultAcGenMay2026/statewiseS254.htm,Bharatiya Janata Party,i Party Wise State Trends Leading In : 0 Won In : 207 Trailing In : 0,Leading In,:,0,Won In,:,207,Trailing In,:,0,,,,,,,,,,,,,,,,,,,,
https://results.eci.gov.in/ResultAcGenMay2026/statewiseS254.htm,Leading In,:,0,,,,,,,,,,,,,,,,,,,,,,,,,,,,
https://results.eci.gov.in/ResultAcGenMay2026/statewiseS254.htm,Won In,:,207,,,,,,,,,,,,,,,,,,,,,,,,,,,,
https://results.eci.gov.in/ResultAcGenMay2026/statewiseS254.htm,Trailing In,:,0,,,,,,,,,,,,,,,,,,,,,,,,,,,,
https://results.eci.gov.in/ResultAcGenMay2026/statewiseS254.htm,All India Trinamool Congress,i Party Wise State Trends Leading In : 0 Won In : 80 Trailing In : 0,Leading In,:,0,Won In,:,80,Trailing In,:,0,,,,,,,,,,,,,,,,,,,,
https://results.eci.gov.in/ResultAcGenMay2026/statewiseS254.htm,Leading In,:,0,,,,,,,,,,,,,,,,,,,,,,,,,,,,
https://results.eci.gov.in/ResultAcGenMay2026/statewiseS254.htm,Won In,:,80,,,,,,,,,,,,,,,,,,,,,,,,,,,,
https://results.eci.gov.in/ResultAcGenMay2026/statewiseS254.htm,Trailing In,:,0,,,,,,,,,,,,,,,,,,,,,,,,,,,,
https://results.eci.gov.in/ResultAcGenMay2026/statewiseS254.htm,COOCHBEHAR UTTAR,3,SUKUMAR RAY,Bharatiya Janata Party i Party Wise State Trends Leading In : 0 Won In : 207 Trailing In : 0,Bharatiya Janata Party,i Party Wise State Trends Leading In : 0 Won In : 207 Trailing In : 0,Leading In,:,0,Won In,:,207,Trailing In,:,0,PARTHA PRATIM RAY,All India Trinamool Congress i Party Wise State Trends Leading In : 0 Won In : 80 Trailing In : 0,All India Trinamool Congress,i Party Wise State Trends Leading In : 0 Won In : 80 Trailing In : 0,Leading In,:,0,Won In,:,80,Trailing In,:,0,70384,23/23,Result Declared
https://results.eci.gov.in/ResultAcGenMay2026/statewiseS254.htm,Bharatiya Janata Party,i Party Wise State Trends Leading In : 0 Won In : 207 Trailing In : 0,Leading In,:,0,Won In,:,207,Trailing In,:,0,,,,,,,,,,,,,,,,,,,,
https://results.eci.gov.in/ResultAcGenMay2026/statewiseS254.htm,Leading In,:,0,,,,,,,,,,,,,,,,,,,,,,,,,,,,
https://results.eci.gov.in/ResultAcGenMay2026/statewiseS254.htm,Won In,:,207,,,,,,,,,,,,,,,,,,,,,,,,,,,,
https://results.eci.gov.in/ResultAcGenMay2026/statewiseS254.htm,Trailing In,:,0,,,,,,,,,,,,,,,,,,,,,,,,,,,,
https://results.eci.gov.in/ResultAcGenMay2026/statewiseS254.htm,All India Trinamool Congress,i Party Wise State Trends Leading In : 0 Won In : 80 Trailing In : 0,Leading In,:,0,Won In,:,80,Trailing In,:,0,,,,,,,,,,,,,,,,,,,,
https://results.eci.gov.in/ResultAcGenMay2026/statewiseS254.htm,Leading In,:,0,,,,,,,,,,,,,,,,,,,,,,,,,,,,
https://results.eci.gov.in/ResultAcGenMay2026/statewiseS254.htm,Won In,:,80,,,,,,,,,,,,,,,,,,,,,,,,,,,,
https://results.eci.gov.in/ResultAcGenMay2026/statewiseS254.htm,Trailing In,:,0,,,,,,,,,,,,,,,,,,,,,,,,,,,,
https://results.eci.gov.in/ResultAcGenMay2026/statewiseS254.htm,DABGRAM-FULBARI,19,SIKHA CHATTERJEE,Bharatiya Janata Party i Party Wise State Trends Leading In : 0 Won In : 207 Trailing In : 0,Bharatiya Janata Party,i Party Wise State Trends Leading In : 0 Won In : 207 Trailing In : 0,Leading In,:,0,Won In,:,207,Trailing In,:,0,RANJAN SIL SHARMA,All India Trinamool Congress i Party Wise State Trends Leading In : 0 Won In : 80 Trailing In : 0,All India Trinamool Congress,i Party Wise State Trends Leading In : 0 Won In : 80 Trailing In : 0,Leading In,:,0,Won In,:,80,Trailing In,:,0,97715,18/18,Result Declared
https://results.eci.gov.in/ResultAcGenMay2026/statewiseS254.htm,Bharatiya Janata Party,i Party Wise State Trends Leading In : 0 Won In : 207 Trailing In : 0,Leading In,:,0,Won In,:,207,Trailing In,:,0,,,,,,,,,,,,,,,,,,,,
https://results.eci.gov.in/ResultAcGenMay2026/statewiseS254.htm,Leading In,:,0,,,,,,,,,,,,,,,,,,,,,,,,,,,,
https://results.eci.gov.in/ResultAcGenMay2026/statewiseS254.htm,Won In,:,207,,,,,,,,,,,,,,,,,,,,,,,,,,,,
https://results.eci.gov.in/ResultAcGenMay2026/statewiseS254.htm,Trailing In,:,0,,,,,,,,,,,,,,,,,,,,,,,,,,,,
https://results.eci.gov.in/ResultAcGenMay2026/statewiseS254.htm,All India Trinamool Congress,i Party Wise State Trends Leading In : 0 Won In : 80 Trailing In : 0,Leading In,:,0,Won In,:,80,Trailing In,:,0,,,,,,,,,,,,,,,,,,,,
https://results.eci.gov.in/ResultAcGenMay2026/statewiseS254.htm,Leading In,:,0,,,,,,,,,,,,,,,,,,,,,,,,,,,,
https://results.eci.gov.in/ResultAcGenMay2026/statewiseS254.htm,Won In,:,80,,,,,,,,,,,,,,,,,,,,,,,,,,,,
https://results.eci.gov.in/ResultAcGenMay2026/statewiseS254.htm,Trailing In,:,0,,,,,,,,,,,,,,,,,,,,,,,,,,,,
https://results.eci.gov.in/ResultAcGenMay2026/statewiseS254.htm,DANTAN,219,AJIT KUMAR JANA,Bharatiya Janata Party i Party Wise State Trends Leading In : 0 Won In : 207 Trailing In : 0,Bharatiya Janata Party,i Party Wise State Trends Leading In : 0 Won In : 207 Trailing In : 0,Leading In,:,0,Won In,:,207,Trailing In,:,0,MANIK MAITI,All India Trinamool Congress i Party Wise State Trends Leading In : 0 Won In : 80 Trailing In : 0,All India Trinamool Congress,i Party Wise State Trends Leading In : 0 Won In : 80 Trailing In : 0,Leading In,:,0,Won In,:,80,Trailing In,:,0,10376,19/19,Result Declared
https://results.eci.gov.in/ResultAcGenMay2026/statewiseS254.htm,Bharatiya Janata Party,i Party Wise State Trends Leading In : 0 Won In : 207 Trailing In : 0,Leading In,:,0,Won In,:,207,Trailing In,:,0,,,,,,,,,,,,,,,,,,,,
https://results.eci.gov.in/ResultAcGenMay2026/statewiseS254.htm,Leading In,:,0,,,,,,,,,,,,,,,,,,,,,,,,,,,,
https://results.eci.gov.in/ResultAcGenMay2026/statewiseS254.htm,Won In,:,207,,,,,,,,,,,,,,,,,,,,,,,,,,,,
https://results.eci.gov.in/ResultAcGenMay2026/statewiseS254.htm,Trailing In,:,0,,,,,,,,,,,,,,,,,,,,,,,,,,,,
https://results.eci.gov.in/ResultAcGenMay2026/statewiseS254.htm,All India Trinamool Congress,i Party Wise State Trends Leading In : 0 Won In : 80 Trailing In : 0,Leading In,:,0,Won In,:,80,Trailing In,:,0,,,,,,,,,,,,,,,,,,,,
https://results.eci.gov.in/ResultAcGenMay2026/statewiseS254.htm,Leading In,:,0,,,,,,,,,,,,,,,,,,,,,,,,,,,,
https://results.eci.gov.in/ResultAcGenMay2026/statewiseS254.htm,Won In,:,80,,,,,,,,,,,,,,,,,,,,,,,,,,,,
https://results.eci.gov.in/ResultAcGenMay2026/statewiseS254.htm,Trailing In,:,0,,,,,,,,,,,,,,,,,,,,,,,,,,,,
https://results.eci.gov.in/ResultAcGenMay2026/statewiseS254.htm,DARJEELING,23,NOMAN RAI,Bharatiya Janata Party i Party Wise State Trends Leading In : 0 Won In : 207 Trailing In : 0,Bharatiya Janata Party,i Party Wise State Trends Leading In : 0 Won In : 207 Trailing In : 0,Leading In,:,0,Won In,:,207,Trailing In,:,0,BIJOY KUMAR RAI,Bharatiya Gorkha Prajatantrik Morcha i Party Wise State Trends Leading In : 0 Won In : 0 Trailing In : 0,Bharatiya Gorkha Prajatantrik Morcha,i Party Wise State Trends Leading In : 0 Won In : 0 Trailing In : 0,Leading In,:,0,Won In,:,0,Trailing In,:,0,6057,17/17,Result Declared
https://results.eci.gov.in/ResultAcGenMay2026/statewiseS254.htm,Bharatiya Janata Party,i Party Wise State Trends Leading In : 0 Won In : 207 Trailing In : 0,Leading In,:,0,Won In,:,207,Trailing In,:,0,,,,,,,,,,,,,,,,,,,,
https://results.eci.gov.in/ResultAcGenMay2026/statewiseS254.htm,Leading In,:,0,,,,,,,,,,,,,,,,,,,,,,,,,,,,
https://results.eci.gov.in/ResultAcGenMay2026/statewiseS254.htm,Won In,:,207,,,,,,,,,,,,,,,,,,,,,,,,,,,,
https://results.eci.gov.in/ResultAcGenMay2026/statewiseS254.htm,Trailing In,:,0,,,,,,,,,,,,,,,,,,,,,,,,,,,,
https://results.eci.gov.in/ResultAcGenMay2026/statewiseS254.htm,Bharatiya Gorkha Prajatantrik Morcha,i Party Wise State Trends Leading In : 0 Won In : 0 Trailing In : 0,Leading In,:,0,Won In,:,0,Trailing In,:,0,,,,,,,,,,,,,,,,,,,,
https://results.eci.gov.in/ResultAcGenMay2026/statewiseS254.htm,Leading In,:,0,,,,,,,,,,,,,,,,,,,,,,,,,,,,
https://results.eci.gov.in/ResultAcGenMay2026/statewiseS254.htm,Won In,:,0,,,,,,,,,,,,,,,,,,,,,,,,,,,,
https://results.eci.gov.in/ResultAcGenMay2026/statewiseS254.htm,Trailing In,:,0,,,,,,,,,,,,,,,,,,,,,,,,,,,,
https://results.eci.gov.in/ResultAcGenMay2026/statewiseS254.htm,DASPUR,230,TAPAN KUMAR DUTTA,Bharatiya Janata Party i Party Wise State Trends Leading In : 0 Won In : 207 Trailing In : 0,Bharatiya Janata Party,i Party Wise State Trends Leading In : 0 Won In : 207 Trailing In : 0,Leading In,:,0,Won In,:,207,Trailing In,:,0,ASHIS HUDAIT,All India Trinamool Congress i Party Wise State Trends Leading In : 0 Won In : 80 Trailing In : 0,All India Trinamool Congress,i Party Wise State Trends Leading In : 0 Won In : 80 Trailing In : 0,Leading In,:,0,Won In,:,80,Trailing In,:,0,32134,20/20,Result Declared
https://results.eci.gov.in/ResultAcGenMay2026/statewiseS254.htm,Bharatiya Janata Party,i Party Wise State Trends Leading In : 0 Won In : 207 Trailing In : 0,Leading In,:,0,Won In,:,207,Trailing In,:,0,,,,,,,,,,,,,,,,,,,,
https://results.eci.gov.in/ResultAcGenMay2026/statewiseS254.htm,Leading In,:,0,,,,,,,,,,,,,,,,,,,,,,,,,,,,
https://results.eci.gov.in/ResultAcGenMay2026/statewiseS254.htm,Won In,:,207,,,,,,,,,,,,,,,,,,,,,,,,,,,,
https://results.eci.gov.in/ResultAcGenMay2026/statewiseS254.htm,Trailing In,:,0,,,,,,,,,,,,,,,,,,,,,,,,,,,,
https://results.eci.gov.in/ResultAcGenMay2026/statewiseS254.htm,All India Trinamool Congress,i Party Wise State Trends Leading In : 0 Won In : 80 Trailing In : 0,Leading In,:,0,Won In,:,80,Trailing In,:,0,,,,,,,,,,,,,,,,,,,,
https://results.eci.gov.in/ResultAcGenMay2026/statewiseS254.htm,Leading In,:,0,,,,,,,,,,,,,,,,,,,,,,,,,,,,
https://results.eci.gov.in/ResultAcGenMay2026/statewiseS254.htm,Won In,:,80,,,,,,,,,,,,,,,,,,,,,,,,,,,,
https://results.eci.gov.in/ResultAcGenMay2026/statewiseS254.htm,Trailing In,:,0,,,,,,,,,,,,,,,,,,,,,,,,,,,,
https://results.eci.gov.in/ResultAcGenMay2026/statewiseS254.htm,DEBRA,229,SUBHASHIS OM,Bharatiya Janata Party i Party Wise State Trends Leading In : 0 Won In : 207 Trailing In : 0,Bharatiya Janata Party,i Party Wise State Trends Leading In : 0 Won In : 207 Trailing In : 0,Leading In,:,0,Won In,:,207,Trailing In,:,0,RAJIB BANERJEE,All India Trinamool Congress i Party Wise State Trends Leading In : 0 Won In : 80 Trailing In : 0,All India Trinamool Congress,i Party Wise State Trends Leading In : 0 Won In : 80 Trailing In : 0,Leading In,:,0,Won In,:,80,Trailing In,:,0,28801,18/18,Result Declared
https://results.eci.gov.in/ResultAcGenMay2026/statewiseS254.htm,Bharatiya Janata Party,i Party Wise State Trends Leading In : 0 Won In : 207 Trailing In : 0,Leading In,:,0,Won In,:,207,Trailing In,:,0,,,,,,,,,,,,,,,,,,,,
https://results.eci.gov.in/ResultAcGenMay2026/statewiseS254.htm,Leading In,:,0,,,,,,,,,,,,,,,,,,,,,,,,,,,,
https://results.eci.gov.in/ResultAcGenMay2026/statewiseS254.htm,Won In,:,207,,,,,,,,,,,,,,,,,,,,,,,,,,,,
https://results.eci.gov.in/ResultAcGenMay2026/statewiseS254.htm,Trailing In,:,0,,,,,,,,,,,,,,,,,,,,,,,,,,,,
https://results.eci.gov.in/ResultAcGenMay2026/statewiseS254.htm,All India Trinamool Congress,i Party Wise State Trends Leading In : 0 Won In : 80 Trailing In : 0,Leading In,:,0,Won In,:,80,Trailing In,:,0,,,,,,,,,,,,,,,,,,,,
https://results.eci.gov.in/ResultAcGenMay2026/statewiseS254.htm,Leading In,:,0,,,,,,,,,,,,,,,,,,,,,,,,,,,,
https://results.eci.gov.in/ResultAcGenMay2026/statewiseS254.htm,Won In,:,80,,,,,,,,,,,,,,,,,,,,,,,,,,,,
https://results.eci.gov.in/ResultAcGenMay2026/statewiseS254.htm,Trailing In,:,0,,,,,,,,,,,,,,,,,,,,,,,,,,,,
https://results.eci.gov.in/ResultAcGenMay2026/statewiseS254.htm,DEGANGA,120,ANISUR RAHAMAN BIDESH,All India Trinamool Congress i Party Wise State Trends Leading In : 0 Won In : 80 Trailing In : 0,All India Trinamool Congress,i Party Wise State Trends Leading In : 0 Won In : 80 Trailing In : 0,Leading In,:,0,Won In,:,80,Trailing In,:,0,MD MOFIDUL HOQUE SAHAJI MINTU,All India Secular Front i Party Wise State Trends Leading In : 0 Won In : 1 Trailing In : 0,All India Secular Front,i Party Wise State Trends Leading In : 0 Won In : 1 Trailing In : 0,Leading In,:,0,Won In,:,1,Trailing In,:,0,17818,20/20,Result Declared
https://results.eci.gov.in/ResultAcGenMay2026/statewiseS254.htm,All India Trinamool Congress,i Party Wise State Trends Leading In : 0 Won In : 80 Trailing In : 0,Leading In,:,0,Won In,:,80,Trailing In,:,0,,,,,,,,,,,,,,,,,,,,
https://results.eci.gov.in/ResultAcGenMay2026/statewiseS254.htm,Leading In,:,0,,,,,,,,,,,,,,,,,,,,,,,,,,,,
https://results.eci.gov.in/ResultAcGenMay2026/statewiseS254.htm,Won In,:,80,,,,,,,,,,,,,,,,,,,,,,,,,,,,
https://results.eci.gov.in/ResultAcGenMay2026/statewiseS254.htm,Trailing In,:,0,,,,,,,,,,,,,,,,,,,,,,,,,,,,
https://results.eci.gov.in/ResultAcGenMay2026/statewiseS254.htm,All India Secular Front,i Party Wise State Trends Leading In : 0 Won In : 1 Trailing In : 0,Leading In,:,0,Won In,:,1,Trailing In,:,0,,,,,,,,,,,,,,,,,,,,
https://results.eci.gov.in/ResultAcGenMay2026/statewiseS254.htm,Leading In,:,0,,,,,,,,,,,,,,,,,,,,,,,,,,,,
https://results.eci.gov.in/ResultAcGenMay2026/statewiseS254.htm,Won In,:,1,,,,,,,,,,,,,,,,,,,,,,,,,,,,
https://results.eci.gov.in/ResultAcGenMay2026/statewiseS254.htm,Trailing In,:,0,,,,,,,,,,,,,,,,,,,,,,,,,,,,
https://results.eci.gov.in/ResultAcGenMay2026/statewiseS254.htm,DHANEKHALI,197,ASIMA PATRA,All India Trinamool Congress i Party Wise State Trends Leading In : 0 Won In : 80 Trailing In : 0,All India Trinamool Congress,i Party Wise State Trends Leading In : 0 Won In : 80 Trailing In : 0,Leading In,:,0,Won In,:,80,Trailing In,:,0,BARNALI DAS,Bharatiya Janata Party i Party Wise State Trends Leading In : 0 Won In : 207 Trailing In : 0,Bharatiya Janata Party,i Party Wise State Trends Leading In : 0 Won In : 207 Trailing In : 0,Leading In,:,0,Won In,:,207,Trailing In,:,0,13057,14/14,Result Declared
https://results.eci.gov.in/ResultAcGenMay2026/statewiseS254.htm,All India Trinamool Congress,i Party Wise State Trends Leading In : 0 Won In : 80 Trailing In : 0,Leading In,:,0,Won In,:,80,Trailing In,:,0,,,,,,,,,,,,,,,,,,,,
https://results.eci.gov.in/ResultAcGenMay2026/statewiseS254.htm,Leading In,:,0,,,,,,,,,,,,,,,,,,,,,,,,,,,,
https://results.eci.gov.in/ResultAcGenMay2026/statewiseS254.htm,Won In,:,80,,,,,,,,,,,,,,,,,,,,,,,,,,,,
https://results.eci.gov.in/ResultAcGenMay2026/statewiseS254.htm,Trailing In,:,0,,,,,,,,,,,,,,,,,,,,,,,,,,,,
https://results.eci.gov.in/ResultAcGenMay2026/statewiseS254.htm,Bharatiya Janata Party,i Party Wise State Trends Leading In : 0 Won In : 207 Trailing In : 0,Leading In,:,0,Won In,:,207,Trailing In,:,0,,,,,,,,,,,,,,,,,,,,
https://results.eci.gov.in/ResultAcGenMay2026/statewiseS254.htm,Leading In,:,0,,,,,,,,,,,,,,,,,,,,,,,,,,,,
https://results.eci.gov.in/ResultAcGenMay2026/statewiseS254.htm,Won In,:,207,,,,,,,,,,,,,,,,,,,,,,,,,,,,
https://results.eci.gov.in/ResultAcGenMay2026/statewiseS254.htm,Trailing In,:,0,,,,,,,,,,,,,,,,,,,,,,,,,,,,
https://results.eci.gov.in/ResultAcGenMay2026/statewiseS254.htm,DHUPGURI,15,NARESH ROY,Bharatiya Janata Party i Party Wise State Trends Leading In : 0 Won In : 207 Trailing In : 0,Bharatiya Janata Party,i Party Wise State Trends Leading In : 0 Won In : 207 Trailing In : 0,Leading In,:,0,Won In,:,207,Trailing In,:,0,NIRMAL CHANDRA ROY,All India Trinamool Congress i Party Wise State Trends Leading In : 0 Won In : 80 Trailing In : 0,All India Trinamool Congress,i Party Wise State Trends Leading In : 0 Won In : 80 Trailing In : 0,Leading In,:,0,Won In,:,80,Trailing In,:,0,38550,15/15,Result Declared
https://results.eci.gov.in/ResultAcGenMay2026/statewiseS254.htm,Bharatiya Janata Party,i Party Wise State Trends Leading In : 0 Won In : 207 Trailing In : 0,Leading In,:,0,Won In,:,207,Trailing In,:,0,,,,,,,,,,,,,,,,,,,,
https://results.eci.gov.in/ResultAcGenMay2026/statewiseS254.htm,Leading In,:,0,,,,,,,,,,,,,,,,,,,,,,,,,,,,
https://results.eci.gov.in/ResultAcGenMay2026/statewiseS254.htm,Won In,:,207,,,,,,,,,,,,,,,,,,,,,,,,,,,,
https://results.eci.gov.in/ResultAcGenMay2026/statewiseS254.htm,Trailing In,:,0,,,,,,,,,,,,,,,,,,,,,,,,,,,,
https://results.eci.gov.in/ResultAcGenMay2026/statewiseS254.htm,All India Trinamool Congress,i Party Wise State Trends Leading In : 0 Won In : 80 Trailing In : 0,Leading In,:,0,Won In,:,80,Trailing In,:,0,,,,,,,,,,,,,,,,,,,,
https://results.eci.gov.in/ResultAcGenMay2026/statewiseS254.htm,Leading In,:,0,,,,,,,,,,,,,,,,,,,,,,,,,,,,
https://results.eci.gov.in/ResultAcGenMay2026/statewiseS254.htm,Won In,:,80,,,,,,,,,,,,,,,,,,,,,,,,,,,,
https://results.eci.gov.in/ResultAcGenMay2026/statewiseS254.htm,Trailing In,:,0,,,,,,,,,,,,,,,,,,,,,,,,,,,,
https://results.eci.gov.in/ResultAcGenMay2026/statewiseS254.htm,DIAMOND HARBOUR,143,PANNA LAL HALDER,All India Trinamool Congress i Party Wise State Trends Leading In : 0 Won In : 80 Trailing In : 0,All India Trinamool Congress,i Party Wise State Trends Leading In : 0 Won In : 80 Trailing In : 0,Leading In,:,0,Won In,:,80,Trailing In,:,0,DIPAK KUMAR HALDER,Bharatiya Janata Party i Party Wise State Trends Leading In : 0 Won In : 207 Trailing In : 0,Bharatiya Janata Party,i Party Wise State Trends Leading In : 0 Won In : 207 Trailing In : 0,Leading In,:,0,Won In,:,207,Trailing In,:,0,31266,24/24,Result Declared
https://results.eci.gov.in/ResultAcGenMay2026/statewiseS254.htm,All India Trinamool Congress,i Party Wise State Trends Leading In : 0 Won In : 80 Trailing In : 0,Leading In,:,0,Won In,:,80,Trailing In,:,0,,,,,,,,,,,,,,,,,,,,
https://results.eci.gov.in/ResultAcGenMay2026/statewiseS254.htm,Leading In,:,0,,,,,,,,,,,,,,,,,,,,,,,,,,,,
https://results.eci.gov.in/ResultAcGenMay2026/statewiseS254.htm,Won In,:,80,,,,,,,,,,,,,,,,,,,,,,,,,,,,
https://results.eci.gov.in/ResultAcGenMay2026/statewiseS254.htm,Trailing In,:,0,,,,,,,,,,,,,,,,,,,,,,,,,,,,
https://results.eci.gov.in/ResultAcGenMay2026/statewiseS254.htm,Bharatiya Janata Party,i Party Wise State Trends Leading In : 0 Won In : 207 Trailing In : 0,Leading In,:,0,Won In,:,207,Trailing In,:,0,,,,,,,,,,,,,,,,,,,,
https://results.eci.gov.in/ResultAcGenMay2026/statewiseS254.htm,Leading In,:,0,,,,,,,,,,,,,,,,,,,,,,,,,,,,
https://results.eci.gov.in/ResultAcGenMay2026/statewiseS254.htm,Won In,:,207,,,,,,,,,,,,,,,,,,,,,,,,,,,,
https://results.eci.gov.in/ResultAcGenMay2026/statewiseS254.htm,Trailing In,:,0,,,,,,,,,,,,,,,,,,,,,,,,,,,,
https://results.eci.gov.in/ResultAcGenMay2026/statewiseS254.htm,,,,,,,,,,,,,,,,,,,,,,,,,,,,,,,
https://results.eci.gov.in/ResultAcGenMay2026/statewiseS255.htm,Status Known For 293 out of 293 Constituencies,,,,,,,,,,,,,,,,,,,,,,,,,,,,,,
https://results.eci.gov.in/ResultAcGenMay2026/statewiseS255.htm,Constituency,Const. No.,Leading Candidate,Leading Party,Trailing Candidate,Trailing Party,Margin,Round,Status,,,,,,,,,,,,,,,,,,,,,,
https://results.eci.gov.in/ResultAcGenMay2026/statewiseS255.htm,DINHATA,7,AJAY RAY,Bharatiya Janata Party i Party Wise State Trends Leading In : 0 Won In : 207 Trailing In : 0,Bharatiya Janata Party,i Party Wise State Trends Leading In : 0 Won In : 207 Trailing In : 0,Leading In,:,0,Won In,:,207,Trailing In,:,0,UDAYAN GUHA,All India Trinamool Congress i Party Wise State Trends Leading In : 0 Won In : 80 Trailing In : 0,All India Trinamool Congress,i Party Wise State Trends Leading In : 0 Won In : 80 Trailing In : 0,Leading In,:,0,Won In,:,80,Trailing In,:,0,17447,25/25,Result Declared
https://results.eci.gov.in/ResultAcGenMay2026/statewiseS255.htm,Bharatiya Janata Party,i Party Wise State Trends Leading In : 0 Won In : 207 Trailing In : 0,Leading In,:,0,Won In,:,207,Trailing In,:,0,,,,,,,,,,,,,,,,,,,,
https://results.eci.gov.in/ResultAcGenMay2026/statewiseS255.htm,Leading In,:,0,,,,,,,,,,,,,,,,,,,,,,,,,,,,
https://results.eci.gov.in/ResultAcGenMay2026/statewiseS255.htm,Won In,:,207,,,,,,,,,,,,,,,,,,,,,,,,,,,,
https://results.eci.gov.in/ResultAcGenMay2026/statewiseS255.htm,Trailing In,:,0,,,,,,,,,,,,,,,,,,,,,,,,,,,,
https://results.eci.gov.in/ResultAcGenMay2026/statewiseS255.htm,All India Trinamool Congress,i Party Wise State Trends Leading In : 0 Won In : 80 Trailing In : 0,Leading In,:,0,Won In,:,80,Trailing In,:,0,,,,,,,,,,,,,,,,,,,,
https://results.eci.gov.in/ResultAcGenMay2026/statewiseS255.htm,Leading In,:,0,,,,,,,,,,,,,,,,,,,,,,,,,,,,
https://results.eci.gov.in/ResultAcGenMay2026/statewiseS255.htm,Won In,:,80,,,,,,,,,,,,,,,,,,,,,,,,,,,,
https://results.eci.gov.in/ResultAcGenMay2026/statewiseS255.htm,Trailing In,:,0,,,,,,,,,,,,,,,,,,,,,,,,,,,,
https://results.eci.gov.in/ResultAcGenMay2026/statewiseS255.htm,DOMJUR,184,TAPAS MAITY,All India Trinamool Congress i Party Wise State Trends Leading In : 0 Won In : 80 Trailing In : 0,All India Trinamool Congress,i Party Wise State Trends Leading In : 0 Won In : 80 Trailing In : 0,Leading In,:,0,Won In,:,80,Trailing In,:,0,GOBINDA HAZRA,Bharatiya Janata Party i Party Wise State Trends Leading In : 0 Won In : 207 Trailing In : 0,Bharatiya Janata Party,i Party Wise State Trends Leading In : 0 Won In : 207 Trailing In : 0,Leading In,:,0,Won In,:,207,Trailing In,:,0,42177,22/22,Result Declared
https://results.eci.gov.in/ResultAcGenMay2026/statewiseS255.htm,All India Trinamool Congress,i Party Wise State Trends Leading In : 0 Won In : 80 Trailing In : 0,Leading In,:,0,Won In,:,80,Trailing In,:,0,,,,,,,,,,,,,,,,,,,,
https://results.eci.gov.in/ResultAcGenMay2026/statewiseS255.htm,Leading In,:,0,,,,,,,,,,,,,,,,,,,,,,,,,,,,
https://results.eci.gov.in/ResultAcGenMay2026/statewiseS255.htm,Won In,:,80,,,,,,,,,,,,,,,,,,,,,,,,,,,,
https://results.eci.gov.in/ResultAcGenMay2026/statewiseS255.htm,Trailing In,:,0,,,,,,,,,,,,,,,,,,,,,,,,,,,,
https://results.eci.gov.in/ResultAcGenMay2026/statewiseS255.htm,Bharatiya Janata Party,i Party Wise State Trends Leading In : 0 Won In : 207 Trailing In : 0,Leading In,:,0,Won In,:,207,Trailing In,:,0,,,,,,,,,,,,,,,,,,,,
https://results.eci.gov.in/ResultAcGenMay2026/statewiseS255.htm,Leading In,:,0,,,,,,,,,,,,,,,,,,,,,,,,,,,,
https://results.eci.gov.in/ResultAcGenMay2026/statewiseS255.htm,Won In,:,207,,,,,,,,,,,,,,,,,,,,,,,,,,,,
https://results.eci.gov.in/ResultAcGenMay2026/statewiseS255.htm,Trailing In,:,0,,,,,,,,,,,,,,,,,,,,,,,,,,,,
https://results.eci.gov.in/ResultAcGenMay2026/statewiseS255.htm,DOMKAL,75,MD. MOSTAFIJUR RAHAMAN,Communist Party of India (Marxist) i Party Wise State Trends Leading In : 0 Won In : 1 Trailing In : 0,Communist Party of India (Marxist),i Party Wise State Trends Leading In : 0 Won In : 1 Trailing In : 0,Leading In,:,0,Won In,:,1,Trailing In,:,0,HUMAYUN KABIR,All India Trinamool Congress i Party Wise State Trends Leading In : 0 Won In : 80 Trailing In : 0,All India Trinamool Congress,i Party Wise State Trends Leading In : 0 Won In : 80 Trailing In : 0,Leading In,:,0,Won In,:,80,Trailing In,:,0,16296,18/18,Result Declared
https://results.eci.gov.in/ResultAcGenMay2026/statewiseS255.htm,Communist Party of India (Marxist),i Party Wise State Trends Leading In : 0 Won In : 1 Trailing In : 0,Leading In,:,0,Won In,:,1,Trailing In,:,0,,,,,,,,,,,,,,,,,,,,
https://results.eci.gov.in/ResultAcGenMay2026/statewiseS255.htm,Leading In,:,0,,,,,,,,,,,,,,,,,,,,,,,,,,,,
https://results.eci.gov.in/ResultAcGenMay2026/statewiseS255.htm,Won In,:,1,,,,,,,,,,,,,,,,,,,,,,,,,,,,
https://results.eci.gov.in/ResultAcGenMay2026/statewiseS255.htm,Trailing In,:,0,,,,,,,,,,,,,,,,,,,,,,,,,,,,
https://results.eci.gov.in/ResultAcGenMay2026/statewiseS255.htm,All India Trinamool Congress,i Party Wise State Trends Leading In : 0 Won In : 80 Trailing In : 0,Leading In,:,0,Won In,:,80,Trailing In,:,0,,,,,,,,,,,,,,,,,,,,
https://results.eci.gov.in/ResultAcGenMay2026/statewiseS255.htm,Leading In,:,0,,,,,,,,,,,,,,,,,,,,,,,,,,,,
https://results.eci.gov.in/ResultAcGenMay2026/statewiseS255.htm,Won In,:,80,,,,,,,,,,,,,,,,,,,,,,,,,,,,
https://results.eci.gov.in/ResultAcGenMay2026/statewiseS255.htm,Trailing In,:,0,,,,,,,,,,,,,,,,,,,,,,,,,,,,
https://results.eci.gov.in/ResultAcGenMay2026/statewiseS255.htm,DUBRAJPUR,284,ANUP KUMAR SAHA,Bharatiya Janata Party i Party Wise State Trends Leading In : 0 Won In : 207 Trailing In : 0,Bharatiya Janata Party,i Party Wise State Trends Leading In : 0 Won In : 207 Trailing In : 0,Leading In,:,0,Won In,:,207,Trailing In,:,0,NARESH CHANDRA BAURI,All India Trinamool Congress i Party Wise State Trends Leading In : 0 Won In : 80 Trailing In : 0,All India Trinamool Congress,i Party Wise State Trends Leading In : 0 Won In : 80 Trailing In : 0,Leading In,:,0,Won In,:,80,Trailing In,:,0,27647,21/21,Result Declared
https://results.eci.gov.in/ResultAcGenMay2026/statewiseS255.htm,Bharatiya Janata Party,i Party Wise State Trends Leading In : 0 Won In : 207 Trailing In : 0,Leading In,:,0,Won In,:,207,Trailing In,:,0,,,,,,,,,,,,,,,,,,,,
https://results.eci.gov.in/ResultAcGenMay2026/statewiseS255.htm,Leading In,:,0,,,,,,,,,,,,,,,,,,,,,,,,,,,,
https://results.eci.gov.in/ResultAcGenMay2026/statewiseS255.htm,Won In,:,207,,,,,,,,,,,,,,,,,,,,,,,,,,,,
https://results.eci.gov.in/ResultAcGenMay2026/statewiseS255.htm,Trailing In,:,0,,,,,,,,,,,,,,,,,,,,,,,,,,,,
https://results.eci.gov.in/ResultAcGenMay2026/statewiseS255.htm,All India Trinamool Congress,i Party Wise State Trends Leading In : 0 Won In : 80 Trailing In : 0,Leading In,:,0,Won In,:,80,Trailing In,:,0,,,,,,,,,,,,,,,,,,,,
https://results.eci.gov.in/ResultAcGenMay2026/statewiseS255.htm,Leading In,:,0,,,,,,,,,,,,,,,,,,,,,,,,,,,,
https://results.eci.gov.in/ResultAcGenMay2026/statewiseS255.htm,Won In,:,80,,,,,,,,,,,,,,,,,,,,,,,,,,,,
https://results.eci.gov.in/ResultAcGenMay2026/statewiseS255.htm,Trailing In,:,0,,,,,,,,,,,,,,,,,,,,,,,,,,,,
https://results.eci.gov.in/ResultAcGenMay2026/statewiseS255.htm,DUM DUM,114,ARIJIT BAKSHI,Bharatiya Janata Party i Party Wise State Trends Leading In : 0 Won In : 207 Trailing In : 0,Bharatiya Janata Party,i Party Wise State Trends Leading In : 0 Won In : 207 Trailing In : 0,Leading In,:,0,Won In,:,207,Trailing In,:,0,BRATYABRATA BASU,All India Trinamool Congress i Party Wise State Trends Leading In : 0 Won In : 80 Trailing In : 0,All India Trinamool Congress,i Party Wise State Trends Leading In : 0 Won In : 80 Trailing In : 0,Leading In,:,0,Won In,:,80,Trailing In,:,0,25273,15/15,Result Declared
https://results.eci.gov.in/ResultAcGenMay2026/statewiseS255.htm,Bharatiya Janata Party,i Party Wise State Trends Leading In : 0 Won In : 207 Trailing In : 0,Leading In,:,0,Won In,:,207,Trailing In,:,0,,,,,,,,,,,,,,,,,,,,
https://results.eci.gov.in/ResultAcGenMay2026/statewiseS255.htm,Leading In,:,0,,,,,,,,,,,,,,,,,,,,,,,,,,,,
https://results.eci.gov.in/ResultAcGenMay2026/statewiseS255.htm,Won In,:,207,,,,,,,,,,,,,,,,,,,,,,,,,,,,
https://results.eci.gov.in/ResultAcGenMay2026/statewiseS255.htm,Trailing In,:,0,,,,,,,,,,,,,,,,,,,,,,,,,,,,
https://results.eci.gov.in/ResultAcGenMay2026/statewiseS255.htm,All India Trinamool Congress,i Party Wise State Trends Leading In : 0 Won In : 80 Trailing In : 0,Leading In,:,0,Won In,:,80,Trailing In,:,0,,,,,,,,,,,,,,,,,,,,
https://results.eci.gov.in/ResultAcGenMay2026/statewiseS255.htm,Leading In,:,0,,,,,,,,,,,,,,,,,,,,,,,,,,,,
https://results.eci.gov.in/ResultAcGenMay2026/statewiseS255.htm,Won In,:,80,,,,,,,,,,,,,,,,,,,,,,,,,,,,
https://results.eci.gov.in/ResultAcGenMay2026/statewiseS255.htm,Trailing In,:,0,,,,,,,,,,,,,,,,,,,,,,,,,,,,
https://results.eci.gov.in/ResultAcGenMay2026/statewiseS255.htm,DUM DUM UTTAR,110,SOURAV SIKDAR,Bharatiya Janata Party i Party Wise State Trends Leading In : 0 Won In : 207 Trailing In : 0,Bharatiya Janata Party,i Party Wise State Trends Leading In : 0 Won In : 207 Trailing In : 0,Leading In,:,0,Won In,:,207,Trailing In,:,0,CHANDRIMA BHATTACHARYA,All India Trinamool Congress i Party Wise State Trends Leading In : 0 Won In : 80 Trailing In : 0,All India Trinamool Congress,i Party Wise State Trends Leading In : 0 Won In : 80 Trailing In : 0,Leading In,:,0,Won In,:,80,Trailing In,:,0,26404,16/16,Result Declared
https://results.eci.gov.in/ResultAcGenMay2026/statewiseS255.htm,Bharatiya Janata Party,i Party Wise State Trends Leading In : 0 Won In : 207 Trailing In : 0,Leading In,:,0,Won In,:,207,Trailing In,:,0,,,,,,,,,,,,,,,,,,,,
https://results.eci.gov.in/ResultAcGenMay2026/statewiseS255.htm,Leading In,:,0,,,,,,,,,,,,,,,,,,,,,,,,,,,,
https://results.eci.gov.in/ResultAcGenMay2026/statewiseS255.htm,Won In,:,207,,,,,,,,,,,,,,,,,,,,,,,,,,,,
https://results.eci.gov.in/ResultAcGenMay2026/statewiseS255.htm,Trailing In,:,0,,,,,,,,,,,,,,,,,,,,,,,,,,,,
https://results.eci.gov.in/ResultAcGenMay2026/statewiseS255.htm,All India Trinamool Congress,i Party Wise State Trends Leading In : 0 Won In : 80 Trailing In : 0,Leading In,:,0,Won In,:,80,Trailing In,:,0,,,,,,,,,,,,,,,,,,,,
https://results.eci.gov.in/ResultAcGenMay2026/statewiseS255.htm,Leading In,:,0,,,,,,,,,,,,,,,,,,,,,,,,,,,,
https://results.eci.gov.in/ResultAcGenMay2026/statewiseS255.htm,Won In,:,80,,,,,,,,,,,,,,,,,,,,,,,,,,,,
https://results.eci.gov.in/ResultAcGenMay2026/statewiseS255.htm,Trailing In,:,0,,,,,,,,,,,,,,,,,,,,,,,,,,,,
https://results.eci.gov.in/ResultAcGenMay2026/statewiseS255.htm,DURGAPUR PASCHIM,277,LAKSHMAN CHANDRA GHORUI,Bharatiya Janata Party i Party Wise State Trends Leading In : 0 Won In : 207 Trailing In : 0,Bharatiya Janata Party,i Party Wise State Trends Leading In : 0 Won In : 207 Trailing In : 0,Leading In,:,0,Won In,:,207,Trailing In,:,0,KABI DUTTA,All India Trinamool Congress i Party Wise State Trends Leading In : 0 Won In : 80 Trailing In : 0,All India Trinamool Congress,i Party Wise State Trends Leading In : 0 Won In : 80 Trailing In : 0,Leading In,:,0,Won In,:,80,Trailing In,:,0,37598,21/21,Result Declared
https://results.eci.gov.in/ResultAcGenMay2026/statewiseS255.htm,Bharatiya Janata Party,i Party Wise State Trends Leading In : 0 Won In : 207 Trailing In : 0,Leading In,:,0,Won In,:,207,Trailing In,:,0,,,,,,,,,,,,,,,,,,,,
https://results.eci.gov.in/ResultAcGenMay2026/statewiseS255.htm,Leading In,:,0,,,,,,,,,,,,,,,,,,,,,,,,,,,,
https://results.eci.gov.in/ResultAcGenMay2026/statewiseS255.htm,Won In,:,207,,,,,,,,,,,,,,,,,,,,,,,,,,,,
https://results.eci.gov.in/ResultAcGenMay2026/statewiseS255.htm,Trailing In,:,0,,,,,,,,,,,,,,,,,,,,,,,,,,,,
https://results.eci.gov.in/ResultAcGenMay2026/statewiseS255.htm,All India Trinamool Congress,i Party Wise State Trends Leading In : 0 Won In : 80 Trailing In : 0,Leading In,:,0,Won In,:,80,Trailing In,:,0,,,,,,,,,,,,,,,,,,,,
https://results.eci.gov.in/ResultAcGenMay2026/statewiseS255.htm,Leading In,:,0,,,,,,,,,,,,,,,,,,,,,,,,,,,,
https://results.eci.gov.in/ResultAcGenMay2026/statewiseS255.htm,Won In,:,80,,,,,,,,,,,,,,,,,,,,,,,,,,,,
https://results.eci.gov.in/ResultAcGenMay2026/statewiseS255.htm,Trailing In,:,0,,,,,,,,,,,,,,,,,,,,,,,,,,,,
https://results.eci.gov.in/ResultAcGenMay2026/statewiseS255.htm,DURGAPUR PURBA,276,CHANDRA SEKHAR BANERJEE,Bharatiya Janata Party i Party Wise State Trends Leading In : 0 Won In : 207 Trailing In : 0,Bharatiya Janata Party,i Party Wise State Trends Leading In : 0 Won In : 207 Trailing In : 0,Leading In,:,0,Won In,:,207,Trailing In,:,0,PRADIP MAZUMDAR,All India Trinamool Congress i Party Wise State Trends Leading In : 0 Won In : 80 Trailing In : 0,All India Trinamool Congress,i Party Wise State Trends Leading In : 0 Won In : 80 Trailing In : 0,Leading In,:,0,Won In,:,80,Trailing In,:,0,30934,19/19,Result Declared
https://results.eci.gov.in/ResultAcGenMay2026/statewiseS255.htm,Bharatiya Janata Party,i Party Wise State Trends Leading In : 0 Won In : 207 Trailing In : 0,Leading In,:,0,Won In,:,207,Trailing In,:,0,,,,,,,,,,,,,,,,,,,,
https://results.eci.gov.in/ResultAcGenMay2026/statewiseS255.htm,Leading In,:,0,,,,,,,,,,,,,,,,,,,,,,,,,,,,
https://results.eci.gov.in/ResultAcGenMay2026/statewiseS255.htm,Won In,:,207,,,,,,,,,,,,,,,,,,,,,,,,,,,,
https://results.eci.gov.in/ResultAcGenMay2026/statewiseS255.htm,Trailing In,:,0,,,,,,,,,,,,,,,,,,,,,,,,,,,,
https://results.eci.gov.in/ResultAcGenMay2026/statewiseS255.htm,All India Trinamool Congress,i Party Wise State Trends Leading In : 0 Won In : 80 Trailing In : 0,Leading In,:,0,Won In,:,80,Trailing In,:,0,,,,,,,,,,,,,,,,,,,,
https://results.eci.gov.in/ResultAcGenMay2026/statewiseS255.htm,Leading In,:,0,,,,,,,,,,,,,,,,,,,,,,,,,,,,
https://results.eci.gov.in/ResultAcGenMay2026/statewiseS255.htm,Won In,:,80,,,,,,,,,,,,,,,,,,,,,,,,,,,,
https://results.eci.gov.in/ResultAcGenMay2026/statewiseS255.htm,Trailing In,:,0,,,,,,,,,,,,,,,,,,,,,,,,,,,,
https://results.eci.gov.in/ResultAcGenMay2026/statewiseS255.htm,EGRA,218,ADHIKARI DIBYENDU,Bharatiya Janata Party i Party Wise State Trends Leading In : 0 Won In : 207 Trailing In : 0,Bharatiya Janata Party,i Party Wise State Trends Leading In : 0 Won In : 207 Trailing In : 0,Leading In,:,0,Won In,:,207,Trailing In,:,0,TARUN KUMAR MAITY,All India Trinamool Congress i Party Wise State Trends Leading In : 0 Won In : 80 Trailing In : 0,All India Trinamool Congress,i Party Wise State Trends Leading In : 0 Won In : 80 Trailing In : 0,Leading In,:,0,Won In,:,80,Trailing In,:,0,25692,18/18,Result Declared
https://results.eci.gov.in/ResultAcGenMay2026/statewiseS255.htm,Bharatiya Janata Party,i Party Wise State Trends Leading In : 0 Won In : 207 Trailing In : 0,Leading In,:,0,Won In,:,207,Trailing In,:,0,,,,,,,,,,,,,,,,,,,,
https://results.eci.gov.in/ResultAcGenMay2026/statewiseS255.htm,Leading In,:,0,,,,,,,,,,,,,,,,,,,,,,,,,,,,
https://results.eci.gov.in/ResultAcGenMay2026/statewiseS255.htm,Won In,:,207,,,,,,,,,,,,,,,,,,,,,,,,,,,,
https://results.eci.gov.in/ResultAcGenMay2026/statewiseS255.htm,Trailing In,:,0,,,,,,,,,,,,,,,,,,,,,,,,,,,,
https://results.eci.gov.in/ResultAcGenMay2026/statewiseS255.htm,All India Trinamool Congress,i Party Wise State Trends Leading In : 0 Won In : 80 Trailing In : 0,Leading In,:,0,Won In,:,80,Trailing In,:,0,,,,,,,,,,,,,,,,,,,,
https://results.eci.gov.in/ResultAcGenMay2026/statewiseS255.htm,Leading In,:,0,,,,,,,,,,,,,,,,,,,,,,,,,,,,
https://results.eci.gov.in/ResultAcGenMay2026/statewiseS255.htm,Won In,:,80,,,,,,,,,,,,,,,,,,,,,,,,,,,,
https://results.eci.gov.in/ResultAcGenMay2026/statewiseS255.htm,Trailing In,:,0,,,,,,,,,,,,,,,,,,,,,,,,,,,,
https://results.eci.gov.in/ResultAcGenMay2026/statewiseS255.htm,ENGLISH BAZAR,51,AMLAN BHADURI (BURO),Bharatiya Janata Party i Party Wise State Trends Leading In : 0 Won In : 207 Trailing In : 0,Bharatiya Janata Party,i Party Wise State Trends Leading In : 0 Won In : 207 Trailing In : 0,Leading In,:,0,Won In,:,207,Trailing In,:,0,ASIS KUNDU (PATA),All India Trinamool Congress i Party Wise State Trends Leading In : 0 Won In : 80 Trailing In : 0,All India Trinamool Congress,i Party Wise State Trends Leading In : 0 Won In : 80 Trailing In : 0,Leading In,:,0,Won In,:,80,Trailing In,:,0,93784,22/22,Result Declared
https://results.eci.gov.in/ResultAcGenMay2026/statewiseS255.htm,Bharatiya Janata Party,i Party Wise State Trends Leading In : 0 Won In : 207 Trailing In : 0,Leading In,:,0,Won In,:,207,Trailing In,:,0,,,,,,,,,,,,,,,,,,,,
https://results.eci.gov.in/ResultAcGenMay2026/statewiseS255.htm,Leading In,:,0,,,,,,,,,,,,,,,,,,,,,,,,,,,,
https://results.eci.gov.in/ResultAcGenMay2026/statewiseS255.htm,Won In,:,207,,,,,,,,,,,,,,,,,,,,,,,,,,,,
https://results.eci.gov.in/ResultAcGenMay2026/statewiseS255.htm,Trailing In,:,0,,,,,,,,,,,,,,,,,,,,,,,,,,,,
https://results.eci.gov.in/ResultAcGenMay2026/statewiseS255.htm,All India Trinamool Congress,i Party Wise State Trends Leading In : 0 Won In : 80 Trailing In : 0,Leading In,:,0,Won In,:,80,Trailing In,:,0,,,,,,,,,,,,,,,,,,,,
https://results.eci.gov.in/ResultAcGenMay2026/statewiseS255.htm,Leading In,:,0,,,,,,,,,,,,,,,,,,,,,,,,,,,,
https://results.eci.gov.in/ResultAcGenMay2026/statewiseS255.htm,Won In,:,80,,,,,,,,,,,,,,,,,,,,,,,,,,,,
https://results.eci.gov.in/ResultAcGenMay2026/statewiseS255.htm,Trailing In,:,0,,,,,,,,,,,,,,,,,,,,,,,,,,,,
https://results.eci.gov.in/ResultAcGenMay2026/statewiseS255.htm,ENTALLY,163,SANDIPAN SAHA,All India Trinamool Congress i Party Wise State Trends Leading In : 0 Won In : 80 Trailing In : 0,All India Trinamool Congress,i Party Wise State Trends Leading In : 0 Won In : 80 Trailing In : 0,Leading In,:,0,Won In,:,80,Trailing In,:,0,DR. PRIYANKA TIBREWAL,Bharatiya Janata Party i Party Wise State Trends Leading In : 0 Won In : 207 Trailing In : 0,Bharatiya Janata Party,i Party Wise State Trends Leading In : 0 Won In : 207 Trailing In : 0,Leading In,:,0,Won In,:,207,Trailing In,:,0,34006,21/21,Result Declared
https://results.eci.gov.in/ResultAcGenMay2026/statewiseS255.htm,All India Trinamool Congress,i Party Wise State Trends Leading In : 0 Won In : 80 Trailing In : 0,Leading In,:,0,Won In,:,80,Trailing In,:,0,,,,,,,,,,,,,,,,,,,,
https://results.eci.gov.in/ResultAcGenMay2026/statewiseS255.htm,Leading In,:,0,,,,,,,,,,,,,,,,,,,,,,,,,,,,
https://results.eci.gov.in/ResultAcGenMay2026/statewiseS255.htm,Won In,:,80,,,,,,,,,,,,,,,,,,,,,,,,,,,,
https://results.eci.gov.in/ResultAcGenMay2026/statewiseS255.htm,Trailing In,:,0,,,,,,,,,,,,,,,,,,,,,,,,,,,,
https://results.eci.gov.in/ResultAcGenMay2026/statewiseS255.htm,Bharatiya Janata Party,i Party Wise State Trends Leading In : 0 Won In : 207 Trailing In : 0,Leading In,:,0,Won In,:,207,Trailing In,:,0,,,,,,,,,,,,,,,,,,,,
https://results.eci.gov.in/ResultAcGenMay2026/statewiseS255.htm,Leading In,:,0,,,,,,,,,,,,,,,,,,,,,,,,,,,,
https://results.eci.gov.in/ResultAcGenMay2026/statewiseS255.htm,Won In,:,207,,,,,,,,,,,,,,,,,,,,,,,,,,,,
https://results.eci.gov.in/ResultAcGenMay2026/statewiseS255.htm,Trailing In,:,0,,,,,,,,,,,,,,,,,,,,,,,,,,,,
https://results.eci.gov.in/ResultAcGenMay2026/statewiseS255.htm,FALAKATA,13,DIPAK BARMAN,Bharatiya Janata Party i Party Wise State Trends Leading In : 0 Won In : 207 Trailing In : 0,Bharatiya Janata Party,i Party Wise State Trends Leading In : 0 Won In : 207 Trailing In : 0,Leading In,:,0,Won In,:,207,Trailing In,:,0,SUBHASH CHANDRA ROY,All India Trinamool Congress i Party Wise State Trends Leading In : 0 Won In : 80 Trailing In : 0,All India Trinamool Congress,i Party Wise State Trends Leading In : 0 Won In : 80 Trailing In : 0,Leading In,:,0,Won In,:,80,Trailing In,:,0,45999,24/24,Result Declared
https://results.eci.gov.in/ResultAcGenMay2026/statewiseS255.htm,Bharatiya Janata Party,i Party Wise State Trends Leading In : 0 Won In : 207 Trailing In : 0,Leading In,:,0,Won In,:,207,Trailing In,:,0,,,,,,,,,,,,,,,,,,,,
https://results.eci.gov.in/ResultAcGenMay2026/statewiseS255.htm,Leading In,:,0,,,,,,,,,,,,,,,,,,,,,,,,,,,,
https://results.eci.gov.in/ResultAcGenMay2026/statewiseS255.htm,Won In,:,207,,,,,,,,,,,,,,,,,,,,,,,,,,,,
https://results.eci.gov.in/ResultAcGenMay2026/statewiseS255.htm,Trailing In,:,0,,,,,,,,,,,,,,,,,,,,,,,,,,,,
https://results.eci.gov.in/ResultAcGenMay2026/statewiseS255.htm,All India Trinamool Congress,i Party Wise State Trends Leading In : 0 Won In : 80 Trailing In : 0,Leading In,:,0,Won In,:,80,Trailing In,:,0,,,,,,,,,,,,,,,,,,,,
https://results.eci.gov.in/ResultAcGenMay2026/statewiseS255.htm,Leading In,:,0,,,,,,,,,,,,,,,,,,,,,,,,,,,,
https://results.eci.gov.in/ResultAcGenMay2026/statewiseS255.htm,Won In,:,80,,,,,,,,,,,,,,,,,,,,,,,,,,,,
https://results.eci.gov.in/ResultAcGenMay2026/statewiseS255.htm,Trailing In,:,0,,,,,,,,,,,,,,,,,,,,,,,,,,,,
https://results.eci.gov.in/ResultAcGenMay2026/statewiseS255.htm,FALTA,144,,Party Wise State Trends Leading In : 0 Won In : 0 Trailing In : 0,,Party Wise State Trends Leading In : 0 Won In : 0 Trailing In : 0,Leading In,:,0,Won In,:,0,Trailing In,:,0,,Party Wise State Trends Leading In : 0 Won In : 0 Trailing In : 0,,Party Wise State Trends Leading In : 0 Won In : 0 Trailing In : 0,Leading In,:,0,Won In,:,0,Trailing In,:,0,-,-,Result in Progress
https://results.eci.gov.in/ResultAcGenMay2026/statewiseS255.htm,,Party Wise State Trends Leading In : 0 Won In : 0 Trailing In : 0,Leading In,:,0,Won In,:,0,Trailing In,:,0,,,,,,,,,,,,,,,,,,,,
https://results.eci.gov.in/ResultAcGenMay2026/statewiseS255.htm,Leading In,:,0,,,,,,,,,,,,,,,,,,,,,,,,,,,,
https://results.eci.gov.in/ResultAcGenMay2026/statewiseS255.htm,Won In,:,0,,,,,,,,,,,,,,,,,,,,,,,,,,,,
https://results.eci.gov.in/ResultAcGenMay2026/statewiseS255.htm,Trailing In,:,0,,,,,,,,,,,,,,,,,,,,,,,,,,,,
https://results.eci.gov.in/ResultAcGenMay2026/statewiseS255.htm,,Party Wise State Trends Leading In : 0 Won In : 0 Trailing In : 0,Leading In,:,0,Won In,:,0,Trailing In,:,0,,,,,,,,,,,,,,,,,,,,
https://results.eci.gov.in/ResultAcGenMay2026/statewiseS255.htm,Leading In,:,0,,,,,,,,,,,,,,,,,,,,,,,,,,,,
https://results.eci.gov.in/ResultAcGenMay2026/statewiseS255.htm,Won In,:,0,,,,,,,,,,,,,,,,,,,,,,,,,,,,
https://results.eci.gov.in/ResultAcGenMay2026/statewiseS255.htm,Trailing In,:,0,,,,,,,,,,,,,,,,,,,,,,,,,,,,
https://results.eci.gov.in/ResultAcGenMay2026/statewiseS255.htm,FARAKKA,55,MOTAB SHAIKH,Indian National Congress i Party Wise State Trends Leading In : 0 Won In : 2 Trailing In : 0,Indian National Congress,i Party Wise State Trends Leading In : 0 Won In : 2 Trailing In : 0,Leading In,:,0,Won In,:,2,Trailing In,:,0,SUNIL CHOWDHURI,Bharatiya Janata Party i Party Wise State Trends Leading In : 0 Won In : 207 Trailing In : 0,Bharatiya Janata Party,i Party Wise State Trends Leading In : 0 Won In : 207 Trailing In : 0,Leading In,:,0,Won In,:,207,Trailing In,:,0,8193,19/19,Result Declared
https://results.eci.gov.in/ResultAcGenMay2026/statewiseS255.htm,Indian National Congress,i Party Wise State Trends Leading In : 0 Won In : 2 Trailing In : 0,Leading In,:,0,Won In,:,2,Trailing In,:,0,,,,,,,,,,,,,,,,,,,,
https://results.eci.gov.in/ResultAcGenMay2026/statewiseS255.htm,Leading In,:,0,,,,,,,,,,,,,,,,,,,,,,,,,,,,
https://results.eci.gov.in/ResultAcGenMay2026/statewiseS255.htm,Won In,:,2,,,,,,,,,,,,,,,,,,,,,,,,,,,,
https://results.eci.gov.in/ResultAcGenMay2026/statewiseS255.htm,Trailing In,:,0,,,,,,,,,,,,,,,,,,,,,,,,,,,,
https://results.eci.gov.in/ResultAcGenMay2026/statewiseS255.htm,Bharatiya Janata Party,i Party Wise State Trends Leading In : 0 Won In : 207 Trailing In : 0,Leading In,:,0,Won In,:,207,Trailing In,:,0,,,,,,,,,,,,,,,,,,,,
https://results.eci.gov.in/ResultAcGenMay2026/statewiseS255.htm,Leading In,:,0,,,,,,,,,,,,,,,,,,,,,,,,,,,,
https://results.eci.gov.in/ResultAcGenMay2026/statewiseS255.htm,Won In,:,207,,,,,,,,,,,,,,,,,,,,,,,,,,,,
https://results.eci.gov.in/ResultAcGenMay2026/statewiseS255.htm,Trailing In,:,0,,,,,,,,,,,,,,,,,,,,,,,,,,,,
https://results.eci.gov.in/ResultAcGenMay2026/statewiseS255.htm,GAIGHATA,97,SUBRATA THAKUR,Bharatiya Janata Party i Party Wise State Trends Leading In : 0 Won In : 207 Trailing In : 0,Bharatiya Janata Party,i Party Wise State Trends Leading In : 0 Won In : 207 Trailing In : 0,Leading In,:,0,Won In,:,207,Trailing In,:,0,NAROTTAM BISWAS,All India Trinamool Congress i Party Wise State Trends Leading In : 0 Won In : 80 Trailing In : 0,All India Trinamool Congress,i Party Wise State Trends Leading In : 0 Won In : 80 Trailing In : 0,Leading In,:,0,Won In,:,80,Trailing In,:,0,47683,20/20,Result Declared
https://results.eci.gov.in/ResultAcGenMay2026/statewiseS255.htm,Bharatiya Janata Party,i Party Wise State Trends Leading In : 0 Won In : 207 Trailing In : 0,Leading In,:,0,Won In,:,207,Trailing In,:,0,,,,,,,,,,,,,,,,,,,,
https://results.eci.gov.in/ResultAcGenMay2026/statewiseS255.htm,Leading In,:,0,,,,,,,,,,,,,,,,,,,,,,,,,,,,
https://results.eci.gov.in/ResultAcGenMay2026/statewiseS255.htm,Won In,:,207,,,,,,,,,,,,,,,,,,,,,,,,,,,,
https://results.eci.gov.in/ResultAcGenMay2026/statewiseS255.htm,Trailing In,:,0,,,,,,,,,,,,,,,,,,,,,,,,,,,,
https://results.eci.gov.in/ResultAcGenMay2026/statewiseS255.htm,All India Trinamool Congress,i Party Wise State Trends Leading In : 0 Won In : 80 Trailing In : 0,Leading In,:,0,Won In,:,80,Trailing In,:,0,,,,,,,,,,,,,,,,,,,,
https://results.eci.gov.in/ResultAcGenMay2026/statewiseS255.htm,Leading In,:,0,,,,,,,,,,,,,,,,,,,,,,,,,,,,
https://results.eci.gov.in/ResultAcGenMay2026/statewiseS255.htm,Won In,:,80,,,,,,,,,,,,,,,,,,,,,,,,,,,,
https://results.eci.gov.in/ResultAcGenMay2026/statewiseS255.htm,Trailing In,:,0,,,,,,,,,,,,,,,,,,,,,,,,,,,,
https://results.eci.gov.in/ResultAcGenMay2026/statewiseS255.htm,GALSI,274,RAJU PATRA,Bharatiya Janata Party i Party Wise State Trends Leading In : 0 Won In : 207 Trailing In : 0,Bharatiya Janata Party,i Party Wise State Trends Leading In : 0 Won In : 207 Trailing In : 0,Leading In,:,0,Won In,:,207,Trailing In,:,0,ALOK KUMAR MAJHI,All India Trinamool Congress i Party Wise State Trends Leading In : 0 Won In : 80 Trailing In : 0,All India Trinamool Congress,i Party Wise State Trends Leading In : 0 Won In : 80 Trailing In : 0,Leading In,:,0,Won In,:,80,Trailing In,:,0,10494,20/20,Result Declared
https://results.eci.gov.in/ResultAcGenMay2026/statewiseS255.htm,Bharatiya Janata Party,i Party Wise State Trends Leading In : 0 Won In : 207 Trailing In : 0,Leading In,:,0,Won In,:,207,Trailing In,:,0,,,,,,,,,,,,,,,,,,,,
https://results.eci.gov.in/ResultAcGenMay2026/statewiseS255.htm,Leading In,:,0,,,,,,,,,,,,,,,,,,,,,,,,,,,,
https://results.eci.gov.in/ResultAcGenMay2026/statewiseS255.htm,Won In,:,207,,,,,,,,,,,,,,,,,,,,,,,,,,,,
https://results.eci.gov.in/ResultAcGenMay2026/statewiseS255.htm,Trailing In,:,0,,,,,,,,,,,,,,,,,,,,,,,,,,,,
https://results.eci.gov.in/ResultAcGenMay2026/statewiseS255.htm,All India Trinamool Congress,i Party Wise State Trends Leading In : 0 Won In : 80 Trailing In : 0,Leading In,:,0,Won In,:,80,Trailing In,:,0,,,,,,,,,,,,,,,,,,,,
https://results.eci.gov.in/ResultAcGenMay2026/statewiseS255.htm,Leading In,:,0,,,,,,,,,,,,,,,,,,,,,,,,,,,,
https://results.eci.gov.in/ResultAcGenMay2026/statewiseS255.htm,Won In,:,80,,,,,,,,,,,,,,,,,,,,,,,,,,,,
https://results.eci.gov.in/ResultAcGenMay2026/statewiseS255.htm,Trailing In,:,0,,,,,,,,,,,,,,,,,,,,,,,,,,,,
https://results.eci.gov.in/ResultAcGenMay2026/statewiseS255.htm,GANGARAMPUR,41,SATYENDRA NATH ROY,Bharatiya Janata Party i Party Wise State Trends Leading In : 0 Won In : 207 Trailing In : 0,Bharatiya Janata Party,i Party Wise State Trends Leading In : 0 Won In : 207 Trailing In : 0,Leading In,:,0,Won In,:,207,Trailing In,:,0,Goutam Das,All India Trinamool Congress i Party Wise State Trends Leading In : 0 Won In : 80 Trailing In : 0,All India Trinamool Congress,i Party Wise State Trends Leading In : 0 Won In : 80 Trailing In : 0,Leading In,:,0,Won In,:,80,Trailing In,:,0,28339,18/18,Result Declared
https://results.eci.gov.in/ResultAcGenMay2026/statewiseS255.htm,Bharatiya Janata Party,i Party Wise State Trends Leading In : 0 Won In : 207 Trailing In : 0,Leading In,:,0,Won In,:,207,Trailing In,:,0,,,,,,,,,,,,,,,,,,,,
https://results.eci.gov.in/ResultAcGenMay2026/statewiseS255.htm,Leading In,:,0,,,,,,,,,,,,,,,,,,,,,,,,,,,,
https://results.eci.gov.in/ResultAcGenMay2026/statewiseS255.htm,Won In,:,207,,,,,,,,,,,,,,,,,,,,,,,,,,,,
https://results.eci.gov.in/ResultAcGenMay2026/statewiseS255.htm,Trailing In,:,0,,,,,,,,,,,,,,,,,,,,,,,,,,,,
https://results.eci.gov.in/ResultAcGenMay2026/statewiseS255.htm,All India Trinamool Congress,i Party Wise State Trends Leading In : 0 Won In : 80 Trailing In : 0,Leading In,:,0,Won In,:,80,Trailing In,:,0,,,,,,,,,,,,,,,,,,,,
https://results.eci.gov.in/ResultAcGenMay2026/statewiseS255.htm,Leading In,:,0,,,,,,,,,,,,,,,,,,,,,,,,,,,,
https://results.eci.gov.in/ResultAcGenMay2026/statewiseS255.htm,Won In,:,80,,,,,,,,,,,,,,,,,,,,,,,,,,,,
https://results.eci.gov.in/ResultAcGenMay2026/statewiseS255.htm,Trailing In,:,0,,,,,,,,,,,,,,,,,,,,,,,,,,,,
https://results.eci.gov.in/ResultAcGenMay2026/statewiseS255.htm,GARBETA,233,PRADIP LODHA,Bharatiya Janata Party i Party Wise State Trends Leading In : 0 Won In : 207 Trailing In : 0,Bharatiya Janata Party,i Party Wise State Trends Leading In : 0 Won In : 207 Trailing In : 0,Leading In,:,0,Won In,:,207,Trailing In,:,0,UTTARA SINGHA (HAZRA),All India Trinamool Congress i Party Wise State Trends Leading In : 0 Won In : 80 Trailing In : 0,All India Trinamool Congress,i Party Wise State Trends Leading In : 0 Won In : 80 Trailing In : 0,Leading In,:,0,Won In,:,80,Trailing In,:,0,26225,18/18,Result Declared
https://results.eci.gov.in/ResultAcGenMay2026/statewiseS255.htm,Bharatiya Janata Party,i Party Wise State Trends Leading In : 0 Won In : 207 Trailing In : 0,Leading In,:,0,Won In,:,207,Trailing In,:,0,,,,,,,,,,,,,,,,,,,,
https://results.eci.gov.in/ResultAcGenMay2026/statewiseS255.htm,Leading In,:,0,,,,,,,,,,,,,,,,,,,,,,,,,,,,
https://results.eci.gov.in/ResultAcGenMay2026/statewiseS255.htm,Won In,:,207,,,,,,,,,,,,,,,,,,,,,,,,,,,,
https://results.eci.gov.in/ResultAcGenMay2026/statewiseS255.htm,Trailing In,:,0,,,,,,,,,,,,,,,,,,,,,,,,,,,,
https://results.eci.gov.in/ResultAcGenMay2026/statewiseS255.htm,All India Trinamool Congress,i Party Wise State Trends Leading In : 0 Won In : 80 Trailing In : 0,Leading In,:,0,Won In,:,80,Trailing In,:,0,,,,,,,,,,,,,,,,,,,,
https://results.eci.gov.in/ResultAcGenMay2026/statewiseS255.htm,Leading In,:,0,,,,,,,,,,,,,,,,,,,,,,,,,,,,
https://results.eci.gov.in/ResultAcGenMay2026/statewiseS255.htm,Won In,:,80,,,,,,,,,,,,,,,,,,,,,,,,,,,,
https://results.eci.gov.in/ResultAcGenMay2026/statewiseS255.htm,Trailing In,:,0,,,,,,,,,,,,,,,,,,,,,,,,,,,,
https://results.eci.gov.in/ResultAcGenMay2026/statewiseS255.htm,GAZOLE,44,CHINMOY DEB BARMAN,Bharatiya Janata Party i Party Wise State Trends Leading In : 0 Won In : 207 Trailing In : 0,Bharatiya Janata Party,i Party Wise State Trends Leading In : 0 Won In : 207 Trailing In : 0,Leading In,:,0,Won In,:,207,Trailing In,:,0,PRASENJIT DAS,All India Trinamool Congress i Party Wise State Trends Leading In : 0 Won In : 80 Trailing In : 0,All India Trinamool Congress,i Party Wise State Trends Leading In : 0 Won In : 80 Trailing In : 0,Leading In,:,0,Won In,:,80,Trailing In,:,0,38192,21/21,Result Declared
https://results.eci.gov.in/ResultAcGenMay2026/statewiseS255.htm,Bharatiya Janata Party,i Party Wise State Trends Leading In : 0 Won In : 207 Trailing In : 0,Leading In,:,0,Won In,:,207,Trailing In,:,0,,,,,,,,,,,,,,,,,,,,
https://results.eci.gov.in/ResultAcGenMay2026/statewiseS255.htm,Leading In,:,0,,,,,,,,,,,,,,,,,,,,,,,,,,,,
https://results.eci.gov.in/ResultAcGenMay2026/statewiseS255.htm,Won In,:,207,,,,,,,,,,,,,,,,,,,,,,,,,,,,
https://results.eci.gov.in/ResultAcGenMay2026/statewiseS255.htm,Trailing In,:,0,,,,,,,,,,,,,,,,,,,,,,,,,,,,
https://results.eci.gov.in/ResultAcGenMay2026/statewiseS255.htm,All India Trinamool Congress,i Party Wise State Trends Leading In : 0 Won In : 80 Trailing In : 0,Leading In,:,0,Won In,:,80,Trailing In,:,0,,,,,,,,,,,,,,,,,,,,
https://results.eci.gov.in/ResultAcGenMay2026/statewiseS255.htm,Leading In,:,0,,,,,,,,,,,,,,,,,,,,,,,,,,,,
https://results.eci.gov.in/ResultAcGenMay2026/statewiseS255.htm,Won In,:,80,,,,,,,,,,,,,,,,,,,,,,,,,,,,
https://results.eci.gov.in/ResultAcGenMay2026/statewiseS255.htm,Trailing In,:,0,,,,,,,,,,,,,,,,,,,,,,,,,,,,
https://results.eci.gov.in/ResultAcGenMay2026/statewiseS255.htm,GHATAL,231,SITAL KAPAT,Bharatiya Janata Party i Party Wise State Trends Leading In : 0 Won In : 207 Trailing In : 0,Bharatiya Janata Party,i Party Wise State Trends Leading In : 0 Won In : 207 Trailing In : 0,Leading In,:,0,Won In,:,207,Trailing In,:,0,SHYAMALI SARDAR,All India Trinamool Congress i Party Wise State Trends Leading In : 0 Won In : 80 Trailing In : 0,All India Trinamool Congress,i Party Wise State Trends Leading In : 0 Won In : 80 Trailing In : 0,Leading In,:,0,Won In,:,80,Trailing In,:,0,37657,19/19,Result Declared
https://results.eci.gov.in/ResultAcGenMay2026/statewiseS255.htm,Bharatiya Janata Party,i Party Wise State Trends Leading In : 0 Won In : 207 Trailing In : 0,Leading In,:,0,Won In,:,207,Trailing In,:,0,,,,,,,,,,,,,,,,,,,,
https://results.eci.gov.in/ResultAcGenMay2026/statewiseS255.htm,Leading In,:,0,,,,,,,,,,,,,,,,,,,,,,,,,,,,
https://results.eci.gov.in/ResultAcGenMay2026/statewiseS255.htm,Won In,:,207,,,,,,,,,,,,,,,,,,,,,,,,,,,,
https://results.eci.gov.in/ResultAcGenMay2026/statewiseS255.htm,Trailing In,:,0,,,,,,,,,,,,,,,,,,,,,,,,,,,,
https://results.eci.gov.in/ResultAcGenMay2026/statewiseS255.htm,All India Trinamool Congress,i Party Wise State Trends Leading In : 0 Won In : 80 Trailing In : 0,Leading In,:,0,Won In,:,80,Trailing In,:,0,,,,,,,,,,,,,,,,,,,,
https://results.eci.gov.in/ResultAcGenMay2026/statewiseS255.htm,Leading In,:,0,,,,,,,,,,,,,,,,,,,,,,,,,,,,
https://results.eci.gov.in/ResultAcGenMay2026/statewiseS255.htm,Won In,:,80,,,,,,,,,,,,,,,,,,,,,,,,,,,,
https://results.eci.gov.in/ResultAcGenMay2026/statewiseS255.htm,Trailing In,:,0,,,,,,,,,,,,,,,,,,,,,,,,,,,,
https://results.eci.gov.in/ResultAcGenMay2026/statewiseS255.htm,,,,,,,,,,,,,,,,,,,,,,,,,,,,,,,
https://results.eci.gov.in/ResultAcGenMay2026/statewiseS256.htm,Status Known For 293 out of 293 Constituencies,,,,,,,,,,,,,,,,,,,,,,,,,,,,,,
https://results.eci.gov.in/ResultAcGenMay2026/statewiseS256.htm,Constituency,Const. No.,Leading Candidate,Leading Party,Trailing Candidate,Trailing Party,Margin,Round,Status,,,,,,,,,,,,,,,,,,,,,,
https://results.eci.gov.in/ResultAcGenMay2026/statewiseS256.htm,GOALPOKHAR,30,MD GHULAM RABBANI,All India Trinamool Congress i Party Wise State Trends Leading In : 0 Won In : 80 Trailing In : 0,All India Trinamool Congress,i Party Wise State Trends Leading In : 0 Won In : 80 Trailing In : 0,Leading In,:,0,Won In,:,80,Trailing In,:,0,SARAJIT BISWAS,Bharatiya Janata Party i Party Wise State Trends Leading In : 0 Won In : 207 Trailing In : 0,Bharatiya Janata Party,i Party Wise State Trends Leading In : 0 Won In : 207 Trailing In : 0,Leading In,:,0,Won In,:,207,Trailing In,:,0,83790,19/19,Result Declared
https://results.eci.gov.in/ResultAcGenMay2026/statewiseS256.htm,All India Trinamool Congress,i Party Wise State Trends Leading In : 0 Won In : 80 Trailing In : 0,Leading In,:,0,Won In,:,80,Trailing In,:,0,,,,,,,,,,,,,,,,,,,,
https://results.eci.gov.in/ResultAcGenMay2026/statewiseS256.htm,Leading In,:,0,,,,,,,,,,,,,,,,,,,,,,,,,,,,
https://results.eci.gov.in/ResultAcGenMay2026/statewiseS256.htm,Won In,:,80,,,,,,,,,,,,,,,,,,,,,,,,,,,,
https://results.eci.gov.in/ResultAcGenMay2026/statewiseS256.htm,Trailing In,:,0,,,,,,,,,,,,,,,,,,,,,,,,,,,,
https://results.eci.gov.in/ResultAcGenMay2026/statewiseS256.htm,Bharatiya Janata Party,i Party Wise State Trends Leading In : 0 Won In : 207 Trailing In : 0,Leading In,:,0,Won In,:,207,Trailing In,:,0,,,,,,,,,,,,,,,,,,,,
https://results.eci.gov.in/ResultAcGenMay2026/statewiseS256.htm,Leading In,:,0,,,,,,,,,,,,,,,,,,,,,,,,,,,,
https://results.eci.gov.in/ResultAcGenMay2026/statewiseS256.htm,Won In,:,207,,,,,,,,,,,,,,,,,,,,,,,,,,,,
https://results.eci.gov.in/ResultAcGenMay2026/statewiseS256.htm,Trailing In,:,0,,,,,,,,,,,,,,,,,,,,,,,,,,,,
https://results.eci.gov.in/ResultAcGenMay2026/statewiseS256.htm,GOGHAT,201,PRASANTA DIGAR,Bharatiya Janata Party i Party Wise State Trends Leading In : 0 Won In : 207 Trailing In : 0,Bharatiya Janata Party,i Party Wise State Trends Leading In : 0 Won In : 207 Trailing In : 0,Leading In,:,0,Won In,:,207,Trailing In,:,0,DR. NIRMAL MAJI,All India Trinamool Congress i Party Wise State Trends Leading In : 0 Won In : 80 Trailing In : 0,All India Trinamool Congress,i Party Wise State Trends Leading In : 0 Won In : 80 Trailing In : 0,Leading In,:,0,Won In,:,80,Trailing In,:,0,49582,24/24,Result Declared
https://results.eci.gov.in/ResultAcGenMay2026/statewiseS256.htm,Bharatiya Janata Party,i Party Wise State Trends Leading In : 0 Won In : 207 Trailing In : 0,Leading In,:,0,Won In,:,207,Trailing In,:,0,,,,,,,,,,,,,,,,,,,,
https://results.eci.gov.in/ResultAcGenMay2026/statewiseS256.htm,Leading In,:,0,,,,,,,,,,,,,,,,,,,,,,,,,,,,
https://results.eci.gov.in/ResultAcGenMay2026/statewiseS256.htm,Won In,:,207,,,,,,,,,,,,,,,,,,,,,,,,,,,,
https://results.eci.gov.in/ResultAcGenMay2026/statewiseS256.htm,Trailing In,:,0,,,,,,,,,,,,,,,,,,,,,,,,,,,,
https://results.eci.gov.in/ResultAcGenMay2026/statewiseS256.htm,All India Trinamool Congress,i Party Wise State Trends Leading In : 0 Won In : 80 Trailing In : 0,Leading In,:,0,Won In,:,80,Trailing In,:,0,,,,,,,,,,,,,,,,,,,,
https://results.eci.gov.in/ResultAcGenMay2026/statewiseS256.htm,Leading In,:,0,,,,,,,,,,,,,,,,,,,,,,,,,,,,
https://results.eci.gov.in/ResultAcGenMay2026/statewiseS256.htm,Won In,:,80,,,,,,,,,,,,,,,,,,,,,,,,,,,,
https://results.eci.gov.in/ResultAcGenMay2026/statewiseS256.htm,Trailing In,:,0,,,,,,,,,,,,,,,,,,,,,,,,,,,,
https://results.eci.gov.in/ResultAcGenMay2026/statewiseS256.htm,GOPIBALLAVPUR,221,RAJESH MAHATA,Bharatiya Janata Party i Party Wise State Trends Leading In : 0 Won In : 207 Trailing In : 0,Bharatiya Janata Party,i Party Wise State Trends Leading In : 0 Won In : 207 Trailing In : 0,Leading In,:,0,Won In,:,207,Trailing In,:,0,AJIT MAHATA,All India Trinamool Congress i Party Wise State Trends Leading In : 0 Won In : 80 Trailing In : 0,All India Trinamool Congress,i Party Wise State Trends Leading In : 0 Won In : 80 Trailing In : 0,Leading In,:,0,Won In,:,80,Trailing In,:,0,26675,25/25,Result Declared
https://results.eci.gov.in/ResultAcGenMay2026/statewiseS256.htm,Bharatiya Janata Party,i Party Wise State Trends Leading In : 0 Won In : 207 Trailing In : 0,Leading In,:,0,Won In,:,207,Trailing In,:,0,,,,,,,,,,,,,,,,,,,,
https://results.eci.gov.in/ResultAcGenMay2026/statewiseS256.htm,Leading In,:,0,,,,,,,,,,,,,,,,,,,,,,,,,,,,
https://results.eci.gov.in/ResultAcGenMay2026/statewiseS256.htm,Won In,:,207,,,,,,,,,,,,,,,,,,,,,,,,,,,,
https://results.eci.gov.in/ResultAcGenMay2026/statewiseS256.htm,Trailing In,:,0,,,,,,,,,,,,,,,,,,,,,,,,,,,,
https://results.eci.gov.in/ResultAcGenMay2026/statewiseS256.htm,All India Trinamool Congress,i Party Wise State Trends Leading In : 0 Won In : 80 Trailing In : 0,Leading In,:,0,Won In,:,80,Trailing In,:,0,,,,,,,,,,,,,,,,,,,,
https://results.eci.gov.in/ResultAcGenMay2026/statewiseS256.htm,Leading In,:,0,,,,,,,,,,,,,,,,,,,,,,,,,,,,
https://results.eci.gov.in/ResultAcGenMay2026/statewiseS256.htm,Won In,:,80,,,,,,,,,,,,,,,,,,,,,,,,,,,,
https://results.eci.gov.in/ResultAcGenMay2026/statewiseS256.htm,Trailing In,:,0,,,,,,,,,,,,,,,,,,,,,,,,,,,,
https://results.eci.gov.in/ResultAcGenMay2026/statewiseS256.htm,GOSABA,127,BIKARNA NASKAR,Bharatiya Janata Party i Party Wise State Trends Leading In : 0 Won In : 207 Trailing In : 0,Bharatiya Janata Party,i Party Wise State Trends Leading In : 0 Won In : 207 Trailing In : 0,Leading In,:,0,Won In,:,207,Trailing In,:,0,SUBRATA MONDAL,All India Trinamool Congress i Party Wise State Trends Leading In : 0 Won In : 80 Trailing In : 0,All India Trinamool Congress,i Party Wise State Trends Leading In : 0 Won In : 80 Trailing In : 0,Leading In,:,0,Won In,:,80,Trailing In,:,0,16100,21/21,Result Declared
https://results.eci.gov.in/ResultAcGenMay2026/statewiseS256.htm,Bharatiya Janata Party,i Party Wise State Trends Leading In : 0 Won In : 207 Trailing In : 0,Leading In,:,0,Won In,:,207,Trailing In,:,0,,,,,,,,,,,,,,,,,,,,
https://results.eci.gov.in/ResultAcGenMay2026/statewiseS256.htm,Leading In,:,0,,,,,,,,,,,,,,,,,,,,,,,,,,,,
https://results.eci.gov.in/ResultAcGenMay2026/statewiseS256.htm,Won In,:,207,,,,,,,,,,,,,,,,,,,,,,,,,,,,
https://results.eci.gov.in/ResultAcGenMay2026/statewiseS256.htm,Trailing In,:,0,,,,,,,,,,,,,,,,,,,,,,,,,,,,
https://results.eci.gov.in/ResultAcGenMay2026/statewiseS256.htm,All India Trinamool Congress,i Party Wise State Trends Leading In : 0 Won In : 80 Trailing In : 0,Leading In,:,0,Won In,:,80,Trailing In,:,0,,,,,,,,,,,,,,,,,,,,
https://results.eci.gov.in/ResultAcGenMay2026/statewiseS256.htm,Leading In,:,0,,,,,,,,,,,,,,,,,,,,,,,,,,,,
https://results.eci.gov.in/ResultAcGenMay2026/statewiseS256.htm,Won In,:,80,,,,,,,,,,,,,,,,,,,,,,,,,,,,
https://results.eci.gov.in/ResultAcGenMay2026/statewiseS256.htm,Trailing In,:,0,,,,,,,,,,,,,,,,,,,,,,,,,,,,
https://results.eci.gov.in/ResultAcGenMay2026/statewiseS256.htm,HABIBPUR,43,JOYEL MURMU,Bharatiya Janata Party i Party Wise State Trends Leading In : 0 Won In : 207 Trailing In : 0,Bharatiya Janata Party,i Party Wise State Trends Leading In : 0 Won In : 207 Trailing In : 0,Leading In,:,0,Won In,:,207,Trailing In,:,0,AMAL KISKU,All India Trinamool Congress i Party Wise State Trends Leading In : 0 Won In : 80 Trailing In : 0,All India Trinamool Congress,i Party Wise State Trends Leading In : 0 Won In : 80 Trailing In : 0,Leading In,:,0,Won In,:,80,Trailing In,:,0,78188,20/20,Result Declared
https://results.eci.gov.in/ResultAcGenMay2026/statewiseS256.htm,Bharatiya Janata Party,i Party Wise State Trends Leading In : 0 Won In : 207 Trailing In : 0,Leading In,:,0,Won In,:,207,Trailing In,:,0,,,,,,,,,,,,,,,,,,,,
https://results.eci.gov.in/ResultAcGenMay2026/statewiseS256.htm,Leading In,:,0,,,,,,,,,,,,,,,,,,,,,,,,,,,,
https://results.eci.gov.in/ResultAcGenMay2026/statewiseS256.htm,Won In,:,207,,,,,,,,,,,,,,,,,,,,,,,,,,,,
https://results.eci.gov.in/ResultAcGenMay2026/statewiseS256.htm,Trailing In,:,0,,,,,,,,,,,,,,,,,,,,,,,,,,,,
https://results.eci.gov.in/ResultAcGenMay2026/statewiseS256.htm,All India Trinamool Congress,i Party Wise State Trends Leading In : 0 Won In : 80 Trailing In : 0,Leading In,:,0,Won In,:,80,Trailing In,:,0,,,,,,,,,,,,,,,,,,,,
https://results.eci.gov.in/ResultAcGenMay2026/statewiseS256.htm,Leading In,:,0,,,,,,,,,,,,,,,,,,,,,,,,,,,,
https://results.eci.gov.in/ResultAcGenMay2026/statewiseS256.htm,Won In,:,80,,,,,,,,,,,,,,,,,,,,,,,,,,,,
https://results.eci.gov.in/ResultAcGenMay2026/statewiseS256.htm,Trailing In,:,0,,,,,,,,,,,,,,,,,,,,,,,,,,,,
https://results.eci.gov.in/ResultAcGenMay2026/statewiseS256.htm,HABRA,100,DEBDAS MONDAL,Bharatiya Janata Party i Party Wise State Trends Leading In : 0 Won In : 207 Trailing In : 0,Bharatiya Janata Party,i Party Wise State Trends Leading In : 0 Won In : 207 Trailing In : 0,Leading In,:,0,Won In,:,207,Trailing In,:,0,JYOTI PRIYA MALLICK,All India Trinamool Congress i Party Wise State Trends Leading In : 0 Won In : 80 Trailing In : 0,All India Trinamool Congress,i Party Wise State Trends Leading In : 0 Won In : 80 Trailing In : 0,Leading In,:,0,Won In,:,80,Trailing In,:,0,31462,19/19,Result Declared
https://results.eci.gov.in/ResultAcGenMay2026/statewiseS256.htm,Bharatiya Janata Party,i Party Wise State Trends Leading In : 0 Won In : 207 Trailing In : 0,Leading In,:,0,Won In,:,207,Trailing In,:,0,,,,,,,,,,,,,,,,,,,,
https://results.eci.gov.in/ResultAcGenMay2026/statewiseS256.htm,Leading In,:,0,,,,,,,,,,,,,,,,,,,,,,,,,,,,
https://results.eci.gov.in/ResultAcGenMay2026/statewiseS256.htm,Won In,:,207,,,,,,,,,,,,,,,,,,,,,,,,,,,,
https://results.eci.gov.in/ResultAcGenMay2026/statewiseS256.htm,Trailing In,:,0,,,,,,,,,,,,,,,,,,,,,,,,,,,,
https://results.eci.gov.in/ResultAcGenMay2026/statewiseS256.htm,All India Trinamool Congress,i Party Wise State Trends Leading In : 0 Won In : 80 Trailing In : 0,Leading In,:,0,Won In,:,80,Trailing In,:,0,,,,,,,,,,,,,,,,,,,,
https://results.eci.gov.in/ResultAcGenMay2026/statewiseS256.htm,Leading In,:,0,,,,,,,,,,,,,,,,,,,,,,,,,,,,
https://results.eci.gov.in/ResultAcGenMay2026/statewiseS256.htm,Won In,:,80,,,,,,,,,,,,,,,,,,,,,,,,,,,,
https://results.eci.gov.in/ResultAcGenMay2026/statewiseS256.htm,Trailing In,:,0,,,,,,,,,,,,,,,,,,,,,,,,,,,,
https://results.eci.gov.in/ResultAcGenMay2026/statewiseS256.htm,HALDIA,209,PRADIP KUMAR BIJALI,Bharatiya Janata Party i Party Wise State Trends Leading In : 0 Won In : 207 Trailing In : 0,Bharatiya Janata Party,i Party Wise State Trends Leading In : 0 Won In : 207 Trailing In : 0,Leading In,:,0,Won In,:,207,Trailing In,:,0,TAPASI MONDAL,All India Trinamool Congress i Party Wise State Trends Leading In : 0 Won In : 80 Trailing In : 0,All India Trinamool Congress,i Party Wise State Trends Leading In : 0 Won In : 80 Trailing In : 0,Leading In,:,0,Won In,:,80,Trailing In,:,0,49062,21/21,Result Declared
https://results.eci.gov.in/ResultAcGenMay2026/statewiseS256.htm,Bharatiya Janata Party,i Party Wise State Trends Leading In : 0 Won In : 207 Trailing In : 0,Leading In,:,0,Won In,:,207,Trailing In,:,0,,,,,,,,,,,,,,,,,,,,
https://results.eci.gov.in/ResultAcGenMay2026/statewiseS256.htm,Leading In,:,0,,,,,,,,,,,,,,,,,,,,,,,,,,,,
https://results.eci.gov.in/ResultAcGenMay2026/statewiseS256.htm,Won In,:,207,,,,,,,,,,,,,,,,,,,,,,,,,,,,
https://results.eci.gov.in/ResultAcGenMay2026/statewiseS256.htm,Trailing In,:,0,,,,,,,,,,,,,,,,,,,,,,,,,,,,
https://results.eci.gov.in/ResultAcGenMay2026/statewiseS256.htm,All India Trinamool Congress,i Party Wise State Trends Leading In : 0 Won In : 80 Trailing In : 0,Leading In,:,0,Won In,:,80,Trailing In,:,0,,,,,,,,,,,,,,,,,,,,
https://results.eci.gov.in/ResultAcGenMay2026/statewiseS256.htm,Leading In,:,0,,,,,,,,,,,,,,,,,,,,,,,,,,,,
https://results.eci.gov.in/ResultAcGenMay2026/statewiseS256.htm,Won In,:,80,,,,,,,,,,,,,,,,,,,,,,,,,,,,
https://results.eci.gov.in/ResultAcGenMay2026/statewiseS256.htm,Trailing In,:,0,,,,,,,,,,,,,,,,,,,,,,,,,,,,
https://results.eci.gov.in/ResultAcGenMay2026/statewiseS256.htm,HANSAN,292,FAYEZUL HAQUE (KAJAL SK),All India Trinamool Congress i Party Wise State Trends Leading In : 0 Won In : 80 Trailing In : 0,All India Trinamool Congress,i Party Wise State Trends Leading In : 0 Won In : 80 Trailing In : 0,Leading In,:,0,Won In,:,80,Trailing In,:,0,NIKHIL BANERJEE,Bharatiya Janata Party i Party Wise State Trends Leading In : 0 Won In : 207 Trailing In : 0,Bharatiya Janata Party,i Party Wise State Trends Leading In : 0 Won In : 207 Trailing In : 0,Leading In,:,0,Won In,:,207,Trailing In,:,0,28298,22/22,Result Declared
https://results.eci.gov.in/ResultAcGenMay2026/statewiseS256.htm,All India Trinamool Congress,i Party Wise State Trends Leading In : 0 Won In : 80 Trailing In : 0,Leading In,:,0,Won In,:,80,Trailing In,:,0,,,,,,,,,,,,,,,,,,,,
https://results.eci.gov.in/ResultAcGenMay2026/statewiseS256.htm,Leading In,:,0,,,,,,,,,,,,,,,,,,,,,,,,,,,,
https://results.eci.gov.in/ResultAcGenMay2026/statewiseS256.htm,Won In,:,80,,,,,,,,,,,,,,,,,,,,,,,,,,,,
https://results.eci.gov.in/ResultAcGenMay2026/statewiseS256.htm,Trailing In,:,0,,,,,,,,,,,,,,,,,,,,,,,,,,,,
https://results.eci.gov.in/ResultAcGenMay2026/statewiseS256.htm,Bharatiya Janata Party,i Party Wise State Trends Leading In : 0 Won In : 207 Trailing In : 0,Leading In,:,0,Won In,:,207,Trailing In,:,0,,,,,,,,,,,,,,,,,,,,
https://results.eci.gov.in/ResultAcGenMay2026/statewiseS256.htm,Leading In,:,0,,,,,,,,,,,,,,,,,,,,,,,,,,,,
https://results.eci.gov.in/ResultAcGenMay2026/statewiseS256.htm,Won In,:,207,,,,,,,,,,,,,,,,,,,,,,,,,,,,
https://results.eci.gov.in/ResultAcGenMay2026/statewiseS256.htm,Trailing In,:,0,,,,,,,,,,,,,,,,,,,,,,,,,,,,
https://results.eci.gov.in/ResultAcGenMay2026/statewiseS256.htm,HARIHARPARA,73,NIAMOT SHEIKH,All India Trinamool Congress i Party Wise State Trends Leading In : 0 Won In : 80 Trailing In : 0,All India Trinamool Congress,i Party Wise State Trends Leading In : 0 Won In : 80 Trailing In : 0,Leading In,:,0,Won In,:,80,Trailing In,:,0,BIJOY SEKH,Aam Janata Unnayan party i Party Wise State Trends Leading In : 0 Won In : 2 Trailing In : 0,Aam Janata Unnayan party,i Party Wise State Trends Leading In : 0 Won In : 2 Trailing In : 0,Leading In,:,0,Won In,:,2,Trailing In,:,0,12665,22/22,Result Declared
https://results.eci.gov.in/ResultAcGenMay2026/statewiseS256.htm,All India Trinamool Congress,i Party Wise State Trends Leading In : 0 Won In : 80 Trailing In : 0,Leading In,:,0,Won In,:,80,Trailing In,:,0,,,,,,,,,,,,,,,,,,,,
https://results.eci.gov.in/ResultAcGenMay2026/statewiseS256.htm,Leading In,:,0,,,,,,,,,,,,,,,,,,,,,,,,,,,,
https://results.eci.gov.in/ResultAcGenMay2026/statewiseS256.htm,Won In,:,80,,,,,,,,,,,,,,,,,,,,,,,,,,,,
https://results.eci.gov.in/ResultAcGenMay2026/statewiseS256.htm,Trailing In,:,0,,,,,,,,,,,,,,,,,,,,,,,,,,,,
https://results.eci.gov.in/ResultAcGenMay2026/statewiseS256.htm,Aam Janata Unnayan party,i Party Wise State Trends Leading In : 0 Won In : 2 Trailing In : 0,Leading In,:,0,Won In,:,2,Trailing In,:,0,,,,,,,,,,,,,,,,,,,,
https://results.eci.gov.in/ResultAcGenMay2026/statewiseS256.htm,Leading In,:,0,,,,,,,,,,,,,,,,,,,,,,,,,,,,
https://results.eci.gov.in/ResultAcGenMay2026/statewiseS256.htm,Won In,:,2,,,,,,,,,,,,,,,,,,,,,,,,,,,,
https://results.eci.gov.in/ResultAcGenMay2026/statewiseS256.htm,Trailing In,:,0,,,,,,,,,,,,,,,,,,,,,,,,,,,,
https://results.eci.gov.in/ResultAcGenMay2026/statewiseS256.htm,HARINGHATA,93,ASIM KUMAR SARKAR,Bharatiya Janata Party i Party Wise State Trends Leading In : 0 Won In : 207 Trailing In : 0,Bharatiya Janata Party,i Party Wise State Trends Leading In : 0 Won In : 207 Trailing In : 0,Leading In,:,0,Won In,:,207,Trailing In,:,0,DR. RAJIB BISWAS.,All India Trinamool Congress i Party Wise State Trends Leading In : 0 Won In : 80 Trailing In : 0,All India Trinamool Congress,i Party Wise State Trends Leading In : 0 Won In : 80 Trailing In : 0,Leading In,:,0,Won In,:,80,Trailing In,:,0,22055,22/22,Result Declared
https://results.eci.gov.in/ResultAcGenMay2026/statewiseS256.htm,Bharatiya Janata Party,i Party Wise State Trends Leading In : 0 Won In : 207 Trailing In : 0,Leading In,:,0,Won In,:,207,Trailing In,:,0,,,,,,,,,,,,,,,,,,,,
https://results.eci.gov.in/ResultAcGenMay2026/statewiseS256.htm,Leading In,:,0,,,,,,,,,,,,,,,,,,,,,,,,,,,,
https://results.eci.gov.in/ResultAcGenMay2026/statewiseS256.htm,Won In,:,207,,,,,,,,,,,,,,,,,,,,,,,,,,,,
https://results.eci.gov.in/ResultAcGenMay2026/statewiseS256.htm,Trailing In,:,0,,,,,,,,,,,,,,,,,,,,,,,,,,,,
https://results.eci.gov.in/ResultAcGenMay2026/statewiseS256.htm,All India Trinamool Congress,i Party Wise State Trends Leading In : 0 Won In : 80 Trailing In : 0,Leading In,:,0,Won In,:,80,Trailing In,:,0,,,,,,,,,,,,,,,,,,,,
https://results.eci.gov.in/ResultAcGenMay2026/statewiseS256.htm,Leading In,:,0,,,,,,,,,,,,,,,,,,,,,,,,,,,,
https://results.eci.gov.in/ResultAcGenMay2026/statewiseS256.htm,Won In,:,80,,,,,,,,,,,,,,,,,,,,,,,,,,,,
https://results.eci.gov.in/ResultAcGenMay2026/statewiseS256.htm,Trailing In,:,0,,,,,,,,,,,,,,,,,,,,,,,,,,,,
https://results.eci.gov.in/ResultAcGenMay2026/statewiseS256.htm,HARIPAL,196,MADHUMITA GHOSH,Bharatiya Janata Party i Party Wise State Trends Leading In : 0 Won In : 207 Trailing In : 0,Bharatiya Janata Party,i Party Wise State Trends Leading In : 0 Won In : 207 Trailing In : 0,Leading In,:,0,Won In,:,207,Trailing In,:,0,KARABI MANNA,All India Trinamool Congress i Party Wise State Trends Leading In : 0 Won In : 80 Trailing In : 0,All India Trinamool Congress,i Party Wise State Trends Leading In : 0 Won In : 80 Trailing In : 0,Leading In,:,0,Won In,:,80,Trailing In,:,0,3488,27/27,Result Declared
https://results.eci.gov.in/ResultAcGenMay2026/statewiseS256.htm,Bharatiya Janata Party,i Party Wise State Trends Leading In : 0 Won In : 207 Trailing In : 0,Leading In,:,0,Won In,:,207,Trailing In,:,0,,,,,,,,,,,,,,,,,,,,
https://results.eci.gov.in/ResultAcGenMay2026/statewiseS256.htm,Leading In,:,0,,,,,,,,,,,,,,,,,,,,,,,,,,,,
https://results.eci.gov.in/ResultAcGenMay2026/statewiseS256.htm,Won In,:,207,,,,,,,,,,,,,,,,,,,,,,,,,,,,
https://results.eci.gov.in/ResultAcGenMay2026/statewiseS256.htm,Trailing In,:,0,,,,,,,,,,,,,,,,,,,,,,,,,,,,
https://results.eci.gov.in/ResultAcGenMay2026/statewiseS256.htm,All India Trinamool Congress,i Party Wise State Trends Leading In : 0 Won In : 80 Trailing In : 0,Leading In,:,0,Won In,:,80,Trailing In,:,0,,,,,,,,,,,,,,,,,,,,
https://results.eci.gov.in/ResultAcGenMay2026/statewiseS256.htm,Leading In,:,0,,,,,,,,,,,,,,,,,,,,,,,,,,,,
https://results.eci.gov.in/ResultAcGenMay2026/statewiseS256.htm,Won In,:,80,,,,,,,,,,,,,,,,,,,,,,,,,,,,
https://results.eci.gov.in/ResultAcGenMay2026/statewiseS256.htm,Trailing In,:,0,,,,,,,,,,,,,,,,,,,,,,,,,,,,
https://results.eci.gov.in/ResultAcGenMay2026/statewiseS256.htm,HARIRAMPUR,42,BIPLAB MITRA,All India Trinamool Congress i Party Wise State Trends Leading In : 0 Won In : 80 Trailing In : 0,All India Trinamool Congress,i Party Wise State Trends Leading In : 0 Won In : 80 Trailing In : 0,Leading In,:,0,Won In,:,80,Trailing In,:,0,DEBABRATA MAJUMDER,Bharatiya Janata Party i Party Wise State Trends Leading In : 0 Won In : 207 Trailing In : 0,Bharatiya Janata Party,i Party Wise State Trends Leading In : 0 Won In : 207 Trailing In : 0,Leading In,:,0,Won In,:,207,Trailing In,:,0,1986,18/18,Result Declared
https://results.eci.gov.in/ResultAcGenMay2026/statewiseS256.htm,All India Trinamool Congress,i Party Wise State Trends Leading In : 0 Won In : 80 Trailing In : 0,Leading In,:,0,Won In,:,80,Trailing In,:,0,,,,,,,,,,,,,,,,,,,,
https://results.eci.gov.in/ResultAcGenMay2026/statewiseS256.htm,Leading In,:,0,,,,,,,,,,,,,,,,,,,,,,,,,,,,
https://results.eci.gov.in/ResultAcGenMay2026/statewiseS256.htm,Won In,:,80,,,,,,,,,,,,,,,,,,,,,,,,,,,,
https://results.eci.gov.in/ResultAcGenMay2026/statewiseS256.htm,Trailing In,:,0,,,,,,,,,,,,,,,,,,,,,,,,,,,,
https://results.eci.gov.in/ResultAcGenMay2026/statewiseS256.htm,Bharatiya Janata Party,i Party Wise State Trends Leading In : 0 Won In : 207 Trailing In : 0,Leading In,:,0,Won In,:,207,Trailing In,:,0,,,,,,,,,,,,,,,,,,,,
https://results.eci.gov.in/ResultAcGenMay2026/statewiseS256.htm,Leading In,:,0,,,,,,,,,,,,,,,,,,,,,,,,,,,,
https://results.eci.gov.in/ResultAcGenMay2026/statewiseS256.htm,Won In,:,207,,,,,,,,,,,,,,,,,,,,,,,,,,,,
https://results.eci.gov.in/ResultAcGenMay2026/statewiseS256.htm,Trailing In,:,0,,,,,,,,,,,,,,,,,,,,,,,,,,,,
https://results.eci.gov.in/ResultAcGenMay2026/statewiseS256.htm,HARISCHANDRAPUR,46,MD. MATIBUR RAHAMAN,All India Trinamool Congress i Party Wise State Trends Leading In : 0 Won In : 80 Trailing In : 0,All India Trinamool Congress,i Party Wise State Trends Leading In : 0 Won In : 80 Trailing In : 0,Leading In,:,0,Won In,:,80,Trailing In,:,0,RATAN DAS,Bharatiya Janata Party i Party Wise State Trends Leading In : 0 Won In : 207 Trailing In : 0,Bharatiya Janata Party,i Party Wise State Trends Leading In : 0 Won In : 207 Trailing In : 0,Leading In,:,0,Won In,:,207,Trailing In,:,0,48271,21/21,Result Declared
https://results.eci.gov.in/ResultAcGenMay2026/statewiseS256.htm,All India Trinamool Congress,i Party Wise State Trends Leading In : 0 Won In : 80 Trailing In : 0,Leading In,:,0,Won In,:,80,Trailing In,:,0,,,,,,,,,,,,,,,,,,,,
https://results.eci.gov.in/ResultAcGenMay2026/statewiseS256.htm,Leading In,:,0,,,,,,,,,,,,,,,,,,,,,,,,,,,,
https://results.eci.gov.in/ResultAcGenMay2026/statewiseS256.htm,Won In,:,80,,,,,,,,,,,,,,,,,,,,,,,,,,,,
https://results.eci.gov.in/ResultAcGenMay2026/statewiseS256.htm,Trailing In,:,0,,,,,,,,,,,,,,,,,,,,,,,,,,,,
https://results.eci.gov.in/ResultAcGenMay2026/statewiseS256.htm,Bharatiya Janata Party,i Party Wise State Trends Leading In : 0 Won In : 207 Trailing In : 0,Leading In,:,0,Won In,:,207,Trailing In,:,0,,,,,,,,,,,,,,,,,,,,
https://results.eci.gov.in/ResultAcGenMay2026/statewiseS256.htm,Leading In,:,0,,,,,,,,,,,,,,,,,,,,,,,,,,,,
https://results.eci.gov.in/ResultAcGenMay2026/statewiseS256.htm,Won In,:,207,,,,,,,,,,,,,,,,,,,,,,,,,,,,
https://results.eci.gov.in/ResultAcGenMay2026/statewiseS256.htm,Trailing In,:,0,,,,,,,,,,,,,,,,,,,,,,,,,,,,
https://results.eci.gov.in/ResultAcGenMay2026/statewiseS256.htm,HAROA,121,ABDUL MATIN MUHAMMAD,All India Trinamool Congress i Party Wise State Trends Leading In : 0 Won In : 80 Trailing In : 0,All India Trinamool Congress,i Party Wise State Trends Leading In : 0 Won In : 80 Trailing In : 0,Leading In,:,0,Won In,:,80,Trailing In,:,0,PIYARUL ISLAM,All India Secular Front i Party Wise State Trends Leading In : 0 Won In : 1 Trailing In : 0,All India Secular Front,i Party Wise State Trends Leading In : 0 Won In : 1 Trailing In : 0,Leading In,:,0,Won In,:,1,Trailing In,:,0,49341,22/22,Result Declared
https://results.eci.gov.in/ResultAcGenMay2026/statewiseS256.htm,All India Trinamool Congress,i Party Wise State Trends Leading In : 0 Won In : 80 Trailing In : 0,Leading In,:,0,Won In,:,80,Trailing In,:,0,,,,,,,,,,,,,,,,,,,,
https://results.eci.gov.in/ResultAcGenMay2026/statewiseS256.htm,Leading In,:,0,,,,,,,,,,,,,,,,,,,,,,,,,,,,
https://results.eci.gov.in/ResultAcGenMay2026/statewiseS256.htm,Won In,:,80,,,,,,,,,,,,,,,,,,,,,,,,,,,,
https://results.eci.gov.in/ResultAcGenMay2026/statewiseS256.htm,Trailing In,:,0,,,,,,,,,,,,,,,,,,,,,,,,,,,,
https://results.eci.gov.in/ResultAcGenMay2026/statewiseS256.htm,All India Secular Front,i Party Wise State Trends Leading In : 0 Won In : 1 Trailing In : 0,Leading In,:,0,Won In,:,1,Trailing In,:,0,,,,,,,,,,,,,,,,,,,,
https://results.eci.gov.in/ResultAcGenMay2026/statewiseS256.htm,Leading In,:,0,,,,,,,,,,,,,,,,,,,,,,,,,,,,
https://results.eci.gov.in/ResultAcGenMay2026/statewiseS256.htm,Won In,:,1,,,,,,,,,,,,,,,,,,,,,,,,,,,,
https://results.eci.gov.in/ResultAcGenMay2026/statewiseS256.htm,Trailing In,:,0,,,,,,,,,,,,,,,,,,,,,,,,,,,,
https://results.eci.gov.in/ResultAcGenMay2026/statewiseS256.htm,HEMTABAD,33,HARIPADA BARMAN,Bharatiya Janata Party i Party Wise State Trends Leading In : 0 Won In : 207 Trailing In : 0,Bharatiya Janata Party,i Party Wise State Trends Leading In : 0 Won In : 207 Trailing In : 0,Leading In,:,0,Won In,:,207,Trailing In,:,0,SATYAJIT BARMAN,All India Trinamool Congress i Party Wise State Trends Leading In : 0 Won In : 80 Trailing In : 0,All India Trinamool Congress,i Party Wise State Trends Leading In : 0 Won In : 80 Trailing In : 0,Leading In,:,0,Won In,:,80,Trailing In,:,0,12361,15/15,Result Declared
https://results.eci.gov.in/ResultAcGenMay2026/statewiseS256.htm,Bharatiya Janata Party,i Party Wise State Trends Leading In : 0 Won In : 207 Trailing In : 0,Leading In,:,0,Won In,:,207,Trailing In,:,0,,,,,,,,,,,,,,,,,,,,
https://results.eci.gov.in/ResultAcGenMay2026/statewiseS256.htm,Leading In,:,0,,,,,,,,,,,,,,,,,,,,,,,,,,,,
https://results.eci.gov.in/ResultAcGenMay2026/statewiseS256.htm,Won In,:,207,,,,,,,,,,,,,,,,,,,,,,,,,,,,
https://results.eci.gov.in/ResultAcGenMay2026/statewiseS256.htm,Trailing In,:,0,,,,,,,,,,,,,,,,,,,,,,,,,,,,
https://results.eci.gov.in/ResultAcGenMay2026/statewiseS256.htm,All India Trinamool Congress,i Party Wise State Trends Leading In : 0 Won In : 80 Trailing In : 0,Leading In,:,0,Won In,:,80,Trailing In,:,0,,,,,,,,,,,,,,,,,,,,
https://results.eci.gov.in/ResultAcGenMay2026/statewiseS256.htm,Leading In,:,0,,,,,,,,,,,,,,,,,,,,,,,,,,,,
https://results.eci.gov.in/ResultAcGenMay2026/statewiseS256.htm,Won In,:,80,,,,,,,,,,,,,,,,,,,,,,,,,,,,
https://results.eci.gov.in/ResultAcGenMay2026/statewiseS256.htm,Trailing In,:,0,,,,,,,,,,,,,,,,,,,,,,,,,,,,
https://results.eci.gov.in/ResultAcGenMay2026/statewiseS256.htm,HINGALGANJ,126,REKHA PATRA,Bharatiya Janata Party i Party Wise State Trends Leading In : 0 Won In : 207 Trailing In : 0,Bharatiya Janata Party,i Party Wise State Trends Leading In : 0 Won In : 207 Trailing In : 0,Leading In,:,0,Won In,:,207,Trailing In,:,0,ANANDA SARKAR,All India Trinamool Congress i Party Wise State Trends Leading In : 0 Won In : 80 Trailing In : 0,All India Trinamool Congress,i Party Wise State Trends Leading In : 0 Won In : 80 Trailing In : 0,Leading In,:,0,Won In,:,80,Trailing In,:,0,5421,19/19,Result Declared
https://results.eci.gov.in/ResultAcGenMay2026/statewiseS256.htm,Bharatiya Janata Party,i Party Wise State Trends Leading In : 0 Won In : 207 Trailing In : 0,Leading In,:,0,Won In,:,207,Trailing In,:,0,,,,,,,,,,,,,,,,,,,,
https://results.eci.gov.in/ResultAcGenMay2026/statewiseS256.htm,Leading In,:,0,,,,,,,,,,,,,,,,,,,,,,,,,,,,
https://results.eci.gov.in/ResultAcGenMay2026/statewiseS256.htm,Won In,:,207,,,,,,,,,,,,,,,,,,,,,,,,,,,,
https://results.eci.gov.in/ResultAcGenMay2026/statewiseS256.htm,Trailing In,:,0,,,,,,,,,,,,,,,,,,,,,,,,,,,,
https://results.eci.gov.in/ResultAcGenMay2026/statewiseS256.htm,All India Trinamool Congress,i Party Wise State Trends Leading In : 0 Won In : 80 Trailing In : 0,Leading In,:,0,Won In,:,80,Trailing In,:,0,,,,,,,,,,,,,,,,,,,,
https://results.eci.gov.in/ResultAcGenMay2026/statewiseS256.htm,Leading In,:,0,,,,,,,,,,,,,,,,,,,,,,,,,,,,
https://results.eci.gov.in/ResultAcGenMay2026/statewiseS256.htm,Won In,:,80,,,,,,,,,,,,,,,,,,,,,,,,,,,,
https://results.eci.gov.in/ResultAcGenMay2026/statewiseS256.htm,Trailing In,:,0,,,,,,,,,,,,,,,,,,,,,,,,,,,,
https://results.eci.gov.in/ResultAcGenMay2026/statewiseS256.htm,HOWRAH DAKSHIN,173,NANDITA CHOWDHURY,All India Trinamool Congress i Party Wise State Trends Leading In : 0 Won In : 80 Trailing In : 0,All India Trinamool Congress,i Party Wise State Trends Leading In : 0 Won In : 80 Trailing In : 0,Leading In,:,0,Won In,:,80,Trailing In,:,0,SHYAMAL KUMAR HATI,Bharatiya Janata Party i Party Wise State Trends Leading In : 0 Won In : 207 Trailing In : 0,Bharatiya Janata Party,i Party Wise State Trends Leading In : 0 Won In : 207 Trailing In : 0,Leading In,:,0,Won In,:,207,Trailing In,:,0,7828,22/22,Result Declared
https://results.eci.gov.in/ResultAcGenMay2026/statewiseS256.htm,All India Trinamool Congress,i Party Wise State Trends Leading In : 0 Won In : 80 Trailing In : 0,Leading In,:,0,Won In,:,80,Trailing In,:,0,,,,,,,,,,,,,,,,,,,,
https://results.eci.gov.in/ResultAcGenMay2026/statewiseS256.htm,Leading In,:,0,,,,,,,,,,,,,,,,,,,,,,,,,,,,
https://results.eci.gov.in/ResultAcGenMay2026/statewiseS256.htm,Won In,:,80,,,,,,,,,,,,,,,,,,,,,,,,,,,,
https://results.eci.gov.in/ResultAcGenMay2026/statewiseS256.htm,Trailing In,:,0,,,,,,,,,,,,,,,,,,,,,,,,,,,,
https://results.eci.gov.in/ResultAcGenMay2026/statewiseS256.htm,Bharatiya Janata Party,i Party Wise State Trends Leading In : 0 Won In : 207 Trailing In : 0,Leading In,:,0,Won In,:,207,Trailing In,:,0,,,,,,,,,,,,,,,,,,,,
https://results.eci.gov.in/ResultAcGenMay2026/statewiseS256.htm,Leading In,:,0,,,,,,,,,,,,,,,,,,,,,,,,,,,,
https://results.eci.gov.in/ResultAcGenMay2026/statewiseS256.htm,Won In,:,207,,,,,,,,,,,,,,,,,,,,,,,,,,,,
https://results.eci.gov.in/ResultAcGenMay2026/statewiseS256.htm,Trailing In,:,0,,,,,,,,,,,,,,,,,,,,,,,,,,,,
https://results.eci.gov.in/ResultAcGenMay2026/statewiseS256.htm,HOWRAH MADHYA,171,ARUP ROY,All India Trinamool Congress i Party Wise State Trends Leading In : 0 Won In : 80 Trailing In : 0,All India Trinamool Congress,i Party Wise State Trends Leading In : 0 Won In : 80 Trailing In : 0,Leading In,:,0,Won In,:,80,Trailing In,:,0,BIPLAB KUMAR MANDAL,Bharatiya Janata Party i Party Wise State Trends Leading In : 0 Won In : 207 Trailing In : 0,Bharatiya Janata Party,i Party Wise State Trends Leading In : 0 Won In : 207 Trailing In : 0,Leading In,:,0,Won In,:,207,Trailing In,:,0,16083,17/17,Result Declared
https://results.eci.gov.in/ResultAcGenMay2026/statewiseS256.htm,All India Trinamool Congress,i Party Wise State Trends Leading In : 0 Won In : 80 Trailing In : 0,Leading In,:,0,Won In,:,80,Trailing In,:,0,,,,,,,,,,,,,,,,,,,,
https://results.eci.gov.in/ResultAcGenMay2026/statewiseS256.htm,Leading In,:,0,,,,,,,,,,,,,,,,,,,,,,,,,,,,
https://results.eci.gov.in/ResultAcGenMay2026/statewiseS256.htm,Won In,:,80,,,,,,,,,,,,,,,,,,,,,,,,,,,,
https://results.eci.gov.in/ResultAcGenMay2026/statewiseS256.htm,Trailing In,:,0,,,,,,,,,,,,,,,,,,,,,,,,,,,,
https://results.eci.gov.in/ResultAcGenMay2026/statewiseS256.htm,Bharatiya Janata Party,i Party Wise State Trends Leading In : 0 Won In : 207 Trailing In : 0,Leading In,:,0,Won In,:,207,Trailing In,:,0,,,,,,,,,,,,,,,,,,,,
https://results.eci.gov.in/ResultAcGenMay2026/statewiseS256.htm,Leading In,:,0,,,,,,,,,,,,,,,,,,,,,,,,,,,,
https://results.eci.gov.in/ResultAcGenMay2026/statewiseS256.htm,Won In,:,207,,,,,,,,,,,,,,,,,,,,,,,,,,,,
https://results.eci.gov.in/ResultAcGenMay2026/statewiseS256.htm,Trailing In,:,0,,,,,,,,,,,,,,,,,,,,,,,,,,,,
https://results.eci.gov.in/ResultAcGenMay2026/statewiseS256.htm,HOWRAH UTTAR,170,UMESH RAI,Bharatiya Janata Party i Party Wise State Trends Leading In : 0 Won In : 207 Trailing In : 0,Bharatiya Janata Party,i Party Wise State Trends Leading In : 0 Won In : 207 Trailing In : 0,Leading In,:,0,Won In,:,207,Trailing In,:,0,GAUTAM CHOWDHURY,All India Trinamool Congress i Party Wise State Trends Leading In : 0 Won In : 80 Trailing In : 0,All India Trinamool Congress,i Party Wise State Trends Leading In : 0 Won In : 80 Trailing In : 0,Leading In,:,0,Won In,:,80,Trailing In,:,0,11250,18/18,Result Declared
https://results.eci.gov.in/ResultAcGenMay2026/statewiseS256.htm,Bharatiya Janata Party,i Party Wise State Trends Leading In : 0 Won In : 207 Trailing In : 0,Leading In,:,0,Won In,:,207,Trailing In,:,0,,,,,,,,,,,,,,,,,,,,
https://results.eci.gov.in/ResultAcGenMay2026/statewiseS256.htm,Leading In,:,0,,,,,,,,,,,,,,,,,,,,,,,,,,,,
https://results.eci.gov.in/ResultAcGenMay2026/statewiseS256.htm,Won In,:,207,,,,,,,,,,,,,,,,,,,,,,,,,,,,
https://results.eci.gov.in/ResultAcGenMay2026/statewiseS256.htm,Trailing In,:,0,,,,,,,,,,,,,,,,,,,,,,,,,,,,
https://results.eci.gov.in/ResultAcGenMay2026/statewiseS256.htm,All India Trinamool Congress,i Party Wise State Trends Leading In : 0 Won In : 80 Trailing In : 0,Leading In,:,0,Won In,:,80,Trailing In,:,0,,,,,,,,,,,,,,,,,,,,
https://results.eci.gov.in/ResultAcGenMay2026/statewiseS256.htm,Leading In,:,0,,,,,,,,,,,,,,,,,,,,,,,,,,,,
https://results.eci.gov.in/ResultAcGenMay2026/statewiseS256.htm,Won In,:,80,,,,,,,,,,,,,,,,,,,,,,,,,,,,
https://results.eci.gov.in/ResultAcGenMay2026/statewiseS256.htm,Trailing In,:,0,,,,,,,,,,,,,,,,,,,,,,,,,,,,
https://results.eci.gov.in/ResultAcGenMay2026/statewiseS256.htm,INDUS,257,NIRMAL KUMAR DHARA,Bharatiya Janata Party i Party Wise State Trends Leading In : 0 Won In : 207 Trailing In : 0,Bharatiya Janata Party,i Party Wise State Trends Leading In : 0 Won In : 207 Trailing In : 0,Leading In,:,0,Won In,:,207,Trailing In,:,0,SHYAMALI ROY BAGDI,All India Trinamool Congress i Party Wise State Trends Leading In : 0 Won In : 80 Trailing In : 0,All India Trinamool Congress,i Party Wise State Trends Leading In : 0 Won In : 80 Trailing In : 0,Leading In,:,0,Won In,:,80,Trailing In,:,0,900,22/22,Result Declared
https://results.eci.gov.in/ResultAcGenMay2026/statewiseS256.htm,Bharatiya Janata Party,i Party Wise State Trends Leading In : 0 Won In : 207 Trailing In : 0,Leading In,:,0,Won In,:,207,Trailing In,:,0,,,,,,,,,,,,,,,,,,,,
https://results.eci.gov.in/ResultAcGenMay2026/statewiseS256.htm,Leading In,:,0,,,,,,,,,,,,,,,,,,,,,,,,,,,,
https://results.eci.gov.in/ResultAcGenMay2026/statewiseS256.htm,Won In,:,207,,,,,,,,,,,,,,,,,,,,,,,,,,,,
https://results.eci.gov.in/ResultAcGenMay2026/statewiseS256.htm,Trailing In,:,0,,,,,,,,,,,,,,,,,,,,,,,,,,,,
https://results.eci.gov.in/ResultAcGenMay2026/statewiseS256.htm,All India Trinamool Congress,i Party Wise State Trends Leading In : 0 Won In : 80 Trailing In : 0,Leading In,:,0,Won In,:,80,Trailing In,:,0,,,,,,,,,,,,,,,,,,,,
https://results.eci.gov.in/ResultAcGenMay2026/statewiseS256.htm,Leading In,:,0,,,,,,,,,,,,,,,,,,,,,,,,,,,,
https://results.eci.gov.in/ResultAcGenMay2026/statewiseS256.htm,Won In,:,80,,,,,,,,,,,,,,,,,,,,,,,,,,,,
https://results.eci.gov.in/ResultAcGenMay2026/statewiseS256.htm,Trailing In,:,0,,,,,,,,,,,,,,,,,,,,,,,,,,,,
https://results.eci.gov.in/ResultAcGenMay2026/statewiseS256.htm,,,,,,,,,,,,,,,,,,,,,,,,,,,,,,,
https://results.eci.gov.in/ResultAcGenMay2026/statewiseS257.htm,Status Known For 293 out of 293 Constituencies,,,,,,,,,,,,,,,,,,,,,,,,,,,,,,
https://results.eci.gov.in/ResultAcGenMay2026/statewiseS257.htm,Constituency,Const. No.,Leading Candidate,Leading Party,Trailing Candidate,Trailing Party,Margin,Round,Status,,,,,,,,,,,,,,,,,,,,,,
https://results.eci.gov.in/ResultAcGenMay2026/statewiseS257.htm,ISLAMPUR,29,AGARWAL KANAIA LAL,All India Trinamool Congress i Party Wise State Trends Leading In : 0 Won In : 80 Trailing In : 0,All India Trinamool Congress,i Party Wise State Trends Leading In : 0 Won In : 80 Trailing In : 0,Leading In,:,0,Won In,:,80,Trailing In,:,0,CHITRAJIT ROY,Bharatiya Janata Party i Party Wise State Trends Leading In : 0 Won In : 207 Trailing In : 0,Bharatiya Janata Party,i Party Wise State Trends Leading In : 0 Won In : 207 Trailing In : 0,Leading In,:,0,Won In,:,207,Trailing In,:,0,40063,18/18,Result Declared
https://results.eci.gov.in/ResultAcGenMay2026/statewiseS257.htm,All India Trinamool Congress,i Party Wise State Trends Leading In : 0 Won In : 80 Trailing In : 0,Leading In,:,0,Won In,:,80,Trailing In,:,0,,,,,,,,,,,,,,,,,,,,
https://results.eci.gov.in/ResultAcGenMay2026/statewiseS257.htm,Leading In,:,0,,,,,,,,,,,,,,,,,,,,,,,,,,,,
https://results.eci.gov.in/ResultAcGenMay2026/statewiseS257.htm,Won In,:,80,,,,,,,,,,,,,,,,,,,,,,,,,,,,
https://results.eci.gov.in/ResultAcGenMay2026/statewiseS257.htm,Trailing In,:,0,,,,,,,,,,,,,,,,,,,,,,,,,,,,
https://results.eci.gov.in/ResultAcGenMay2026/statewiseS257.htm,Bharatiya Janata Party,i Party Wise State Trends Leading In : 0 Won In : 207 Trailing In : 0,Leading In,:,0,Won In,:,207,Trailing In,:,0,,,,,,,,,,,,,,,,,,,,
https://results.eci.gov.in/ResultAcGenMay2026/statewiseS257.htm,Leading In,:,0,,,,,,,,,,,,,,,,,,,,,,,,,,,,
https://results.eci.gov.in/ResultAcGenMay2026/statewiseS257.htm,Won In,:,207,,,,,,,,,,,,,,,,,,,,,,,,,,,,
https://results.eci.gov.in/ResultAcGenMay2026/statewiseS257.htm,Trailing In,:,0,,,,,,,,,,,,,,,,,,,,,,,,,,,,
https://results.eci.gov.in/ResultAcGenMay2026/statewiseS257.htm,ITAHAR,36,MOSARAF HUSSEN,All India Trinamool Congress i Party Wise State Trends Leading In : 0 Won In : 80 Trailing In : 0,All India Trinamool Congress,i Party Wise State Trends Leading In : 0 Won In : 80 Trailing In : 0,Leading In,:,0,Won In,:,80,Trailing In,:,0,SABITA BARMAN,Bharatiya Janata Party i Party Wise State Trends Leading In : 0 Won In : 207 Trailing In : 0,Bharatiya Janata Party,i Party Wise State Trends Leading In : 0 Won In : 207 Trailing In : 0,Leading In,:,0,Won In,:,207,Trailing In,:,0,27878,15/15,Result Declared
https://results.eci.gov.in/ResultAcGenMay2026/statewiseS257.htm,All India Trinamool Congress,i Party Wise State Trends Leading In : 0 Won In : 80 Trailing In : 0,Leading In,:,0,Won In,:,80,Trailing In,:,0,,,,,,,,,,,,,,,,,,,,
https://results.eci.gov.in/ResultAcGenMay2026/statewiseS257.htm,Leading In,:,0,,,,,,,,,,,,,,,,,,,,,,,,,,,,
https://results.eci.gov.in/ResultAcGenMay2026/statewiseS257.htm,Won In,:,80,,,,,,,,,,,,,,,,,,,,,,,,,,,,
https://results.eci.gov.in/ResultAcGenMay2026/statewiseS257.htm,Trailing In,:,0,,,,,,,,,,,,,,,,,,,,,,,,,,,,
https://results.eci.gov.in/ResultAcGenMay2026/statewiseS257.htm,Bharatiya Janata Party,i Party Wise State Trends Leading In : 0 Won In : 207 Trailing In : 0,Leading In,:,0,Won In,:,207,Trailing In,:,0,,,,,,,,,,,,,,,,,,,,
https://results.eci.gov.in/ResultAcGenMay2026/statewiseS257.htm,Leading In,:,0,,,,,,,,,,,,,,,,,,,,,,,,,,,,
https://results.eci.gov.in/ResultAcGenMay2026/statewiseS257.htm,Won In,:,207,,,,,,,,,,,,,,,,,,,,,,,,,,,,
https://results.eci.gov.in/ResultAcGenMay2026/statewiseS257.htm,Trailing In,:,0,,,,,,,,,,,,,,,,,,,,,,,,,,,,
https://results.eci.gov.in/ResultAcGenMay2026/statewiseS257.htm,JADAVPUR,150,SARBORI MUKHERJEE,Bharatiya Janata Party i Party Wise State Trends Leading In : 0 Won In : 207 Trailing In : 0,Bharatiya Janata Party,i Party Wise State Trends Leading In : 0 Won In : 207 Trailing In : 0,Leading In,:,0,Won In,:,207,Trailing In,:,0,DEBABRATA MAJUMDAR (MALAY),All India Trinamool Congress i Party Wise State Trends Leading In : 0 Won In : 80 Trailing In : 0,All India Trinamool Congress,i Party Wise State Trends Leading In : 0 Won In : 80 Trailing In : 0,Leading In,:,0,Won In,:,80,Trailing In,:,0,27716,26/26,Result Declared
https://results.eci.gov.in/ResultAcGenMay2026/statewiseS257.htm,Bharatiya Janata Party,i Party Wise State Trends Leading In : 0 Won In : 207 Trailing In : 0,Leading In,:,0,Won In,:,207,Trailing In,:,0,,,,,,,,,,,,,,,,,,,,
https://results.eci.gov.in/ResultAcGenMay2026/statewiseS257.htm,Leading In,:,0,,,,,,,,,,,,,,,,,,,,,,,,,,,,
https://results.eci.gov.in/ResultAcGenMay2026/statewiseS257.htm,Won In,:,207,,,,,,,,,,,,,,,,,,,,,,,,,,,,
https://results.eci.gov.in/ResultAcGenMay2026/statewiseS257.htm,Trailing In,:,0,,,,,,,,,,,,,,,,,,,,,,,,,,,,
https://results.eci.gov.in/ResultAcGenMay2026/statewiseS257.htm,All India Trinamool Congress,i Party Wise State Trends Leading In : 0 Won In : 80 Trailing In : 0,Leading In,:,0,Won In,:,80,Trailing In,:,0,,,,,,,,,,,,,,,,,,,,
https://results.eci.gov.in/ResultAcGenMay2026/statewiseS257.htm,Leading In,:,0,,,,,,,,,,,,,,,,,,,,,,,,,,,,
https://results.eci.gov.in/ResultAcGenMay2026/statewiseS257.htm,Won In,:,80,,,,,,,,,,,,,,,,,,,,,,,,,,,,
https://results.eci.gov.in/ResultAcGenMay2026/statewiseS257.htm,Trailing In,:,0,,,,,,,,,,,,,,,,,,,,,,,,,,,,
https://results.eci.gov.in/ResultAcGenMay2026/statewiseS257.htm,JAGATBALLAVPUR,183,ANUPAM GHOSH,Bharatiya Janata Party i Party Wise State Trends Leading In : 0 Won In : 207 Trailing In : 0,Bharatiya Janata Party,i Party Wise State Trends Leading In : 0 Won In : 207 Trailing In : 0,Leading In,:,0,Won In,:,207,Trailing In,:,0,SUBIR CHATTERJEE (TINKAI),All India Trinamool Congress i Party Wise State Trends Leading In : 0 Won In : 80 Trailing In : 0,All India Trinamool Congress,i Party Wise State Trends Leading In : 0 Won In : 80 Trailing In : 0,Leading In,:,0,Won In,:,80,Trailing In,:,0,6671,19/19,Result Declared
https://results.eci.gov.in/ResultAcGenMay2026/statewiseS257.htm,Bharatiya Janata Party,i Party Wise State Trends Leading In : 0 Won In : 207 Trailing In : 0,Leading In,:,0,Won In,:,207,Trailing In,:,0,,,,,,,,,,,,,,,,,,,,
https://results.eci.gov.in/ResultAcGenMay2026/statewiseS257.htm,Leading In,:,0,,,,,,,,,,,,,,,,,,,,,,,,,,,,
https://results.eci.gov.in/ResultAcGenMay2026/statewiseS257.htm,Won In,:,207,,,,,,,,,,,,,,,,,,,,,,,,,,,,
https://results.eci.gov.in/ResultAcGenMay2026/statewiseS257.htm,Trailing In,:,0,,,,,,,,,,,,,,,,,,,,,,,,,,,,
https://results.eci.gov.in/ResultAcGenMay2026/statewiseS257.htm,All India Trinamool Congress,i Party Wise State Trends Leading In : 0 Won In : 80 Trailing In : 0,Leading In,:,0,Won In,:,80,Trailing In,:,0,,,,,,,,,,,,,,,,,,,,
https://results.eci.gov.in/ResultAcGenMay2026/statewiseS257.htm,Leading In,:,0,,,,,,,,,,,,,,,,,,,,,,,,,,,,
https://results.eci.gov.in/ResultAcGenMay2026/statewiseS257.htm,Won In,:,80,,,,,,,,,,,,,,,,,,,,,,,,,,,,
https://results.eci.gov.in/ResultAcGenMay2026/statewiseS257.htm,Trailing In,:,0,,,,,,,,,,,,,,,,,,,,,,,,,,,,
https://results.eci.gov.in/ResultAcGenMay2026/statewiseS257.htm,JAGATDAL,106,DR. RAJESH KUMAR,Bharatiya Janata Party i Party Wise State Trends Leading In : 0 Won In : 207 Trailing In : 0,Bharatiya Janata Party,i Party Wise State Trends Leading In : 0 Won In : 207 Trailing In : 0,Leading In,:,0,Won In,:,207,Trailing In,:,0,SOMENATH SHYAM ICHINI,All India Trinamool Congress i Party Wise State Trends Leading In : 0 Won In : 80 Trailing In : 0,All India Trinamool Congress,i Party Wise State Trends Leading In : 0 Won In : 80 Trailing In : 0,Leading In,:,0,Won In,:,80,Trailing In,:,0,20909,11/11,Result Declared
https://results.eci.gov.in/ResultAcGenMay2026/statewiseS257.htm,Bharatiya Janata Party,i Party Wise State Trends Leading In : 0 Won In : 207 Trailing In : 0,Leading In,:,0,Won In,:,207,Trailing In,:,0,,,,,,,,,,,,,,,,,,,,
https://results.eci.gov.in/ResultAcGenMay2026/statewiseS257.htm,Leading In,:,0,,,,,,,,,,,,,,,,,,,,,,,,,,,,
https://results.eci.gov.in/ResultAcGenMay2026/statewiseS257.htm,Won In,:,207,,,,,,,,,,,,,,,,,,,,,,,,,,,,
https://results.eci.gov.in/ResultAcGenMay2026/statewiseS257.htm,Trailing In,:,0,,,,,,,,,,,,,,,,,,,,,,,,,,,,
https://results.eci.gov.in/ResultAcGenMay2026/statewiseS257.htm,All India Trinamool Congress,i Party Wise State Trends Leading In : 0 Won In : 80 Trailing In : 0,Leading In,:,0,Won In,:,80,Trailing In,:,0,,,,,,,,,,,,,,,,,,,,
https://results.eci.gov.in/ResultAcGenMay2026/statewiseS257.htm,Leading In,:,0,,,,,,,,,,,,,,,,,,,,,,,,,,,,
https://results.eci.gov.in/ResultAcGenMay2026/statewiseS257.htm,Won In,:,80,,,,,,,,,,,,,,,,,,,,,,,,,,,,
https://results.eci.gov.in/ResultAcGenMay2026/statewiseS257.htm,Trailing In,:,0,,,,,,,,,,,,,,,,,,,,,,,,,,,,
https://results.eci.gov.in/ResultAcGenMay2026/statewiseS257.htm,JALANGI,76,BABAR ALI,All India Trinamool Congress i Party Wise State Trends Leading In : 0 Won In : 80 Trailing In : 0,All India Trinamool Congress,i Party Wise State Trends Leading In : 0 Won In : 80 Trailing In : 0,Leading In,:,0,Won In,:,80,Trailing In,:,0,IANUS ALI SARKAR,Communist Party of India (Marxist) i Party Wise State Trends Leading In : 0 Won In : 1 Trailing In : 0,Communist Party of India (Marxist),i Party Wise State Trends Leading In : 0 Won In : 1 Trailing In : 0,Leading In,:,0,Won In,:,1,Trailing In,:,0,21516,18/18,Result Declared
https://results.eci.gov.in/ResultAcGenMay2026/statewiseS257.htm,All India Trinamool Congress,i Party Wise State Trends Leading In : 0 Won In : 80 Trailing In : 0,Leading In,:,0,Won In,:,80,Trailing In,:,0,,,,,,,,,,,,,,,,,,,,
https://results.eci.gov.in/ResultAcGenMay2026/statewiseS257.htm,Leading In,:,0,,,,,,,,,,,,,,,,,,,,,,,,,,,,
https://results.eci.gov.in/ResultAcGenMay2026/statewiseS257.htm,Won In,:,80,,,,,,,,,,,,,,,,,,,,,,,,,,,,
https://results.eci.gov.in/ResultAcGenMay2026/statewiseS257.htm,Trailing In,:,0,,,,,,,,,,,,,,,,,,,,,,,,,,,,
https://results.eci.gov.in/ResultAcGenMay2026/statewiseS257.htm,Communist Party of India (Marxist),i Party Wise State Trends Leading In : 0 Won In : 1 Trailing In : 0,Leading In,:,0,Won In,:,1,Trailing In,:,0,,,,,,,,,,,,,,,,,,,,
https://results.eci.gov.in/ResultAcGenMay2026/statewiseS257.htm,Leading In,:,0,,,,,,,,,,,,,,,,,,,,,,,,,,,,
https://results.eci.gov.in/ResultAcGenMay2026/statewiseS257.htm,Won In,:,1,,,,,,,,,,,,,,,,,,,,,,,,,,,,
https://results.eci.gov.in/ResultAcGenMay2026/statewiseS257.htm,Trailing In,:,0,,,,,,,,,,,,,,,,,,,,,,,,,,,,
https://results.eci.gov.in/ResultAcGenMay2026/statewiseS257.htm,JALPAIGURI,17,ANANTA DEB ADHIKARY,Bharatiya Janata Party i Party Wise State Trends Leading In : 0 Won In : 207 Trailing In : 0,Bharatiya Janata Party,i Party Wise State Trends Leading In : 0 Won In : 207 Trailing In : 0,Leading In,:,0,Won In,:,207,Trailing In,:,0,KRISHNA DAS,All India Trinamool Congress i Party Wise State Trends Leading In : 0 Won In : 80 Trailing In : 0,All India Trinamool Congress,i Party Wise State Trends Leading In : 0 Won In : 80 Trailing In : 0,Leading In,:,0,Won In,:,80,Trailing In,:,0,68805,19/19,Result Declared
https://results.eci.gov.in/ResultAcGenMay2026/statewiseS257.htm,Bharatiya Janata Party,i Party Wise State Trends Leading In : 0 Won In : 207 Trailing In : 0,Leading In,:,0,Won In,:,207,Trailing In,:,0,,,,,,,,,,,,,,,,,,,,
https://results.eci.gov.in/ResultAcGenMay2026/statewiseS257.htm,Leading In,:,0,,,,,,,,,,,,,,,,,,,,,,,,,,,,
https://results.eci.gov.in/ResultAcGenMay2026/statewiseS257.htm,Won In,:,207,,,,,,,,,,,,,,,,,,,,,,,,,,,,
https://results.eci.gov.in/ResultAcGenMay2026/statewiseS257.htm,Trailing In,:,0,,,,,,,,,,,,,,,,,,,,,,,,,,,,
https://results.eci.gov.in/ResultAcGenMay2026/statewiseS257.htm,All India Trinamool Congress,i Party Wise State Trends Leading In : 0 Won In : 80 Trailing In : 0,Leading In,:,0,Won In,:,80,Trailing In,:,0,,,,,,,,,,,,,,,,,,,,
https://results.eci.gov.in/ResultAcGenMay2026/statewiseS257.htm,Leading In,:,0,,,,,,,,,,,,,,,,,,,,,,,,,,,,
https://results.eci.gov.in/ResultAcGenMay2026/statewiseS257.htm,Won In,:,80,,,,,,,,,,,,,,,,,,,,,,,,,,,,
https://results.eci.gov.in/ResultAcGenMay2026/statewiseS257.htm,Trailing In,:,0,,,,,,,,,,,,,,,,,,,,,,,,,,,,
https://results.eci.gov.in/ResultAcGenMay2026/statewiseS257.htm,JAMALPUR,262,ARUN HALDER,Bharatiya Janata Party i Party Wise State Trends Leading In : 0 Won In : 207 Trailing In : 0,Bharatiya Janata Party,i Party Wise State Trends Leading In : 0 Won In : 207 Trailing In : 0,Leading In,:,0,Won In,:,207,Trailing In,:,0,BHUTNATH MALIK,All India Trinamool Congress i Party Wise State Trends Leading In : 0 Won In : 80 Trailing In : 0,All India Trinamool Congress,i Party Wise State Trends Leading In : 0 Won In : 80 Trailing In : 0,Leading In,:,0,Won In,:,80,Trailing In,:,0,11178,14/14,Result Declared
https://results.eci.gov.in/ResultAcGenMay2026/statewiseS257.htm,Bharatiya Janata Party,i Party Wise State Trends Leading In : 0 Won In : 207 Trailing In : 0,Leading In,:,0,Won In,:,207,Trailing In,:,0,,,,,,,,,,,,,,,,,,,,
https://results.eci.gov.in/ResultAcGenMay2026/statewiseS257.htm,Leading In,:,0,,,,,,,,,,,,,,,,,,,,,,,,,,,,
https://results.eci.gov.in/ResultAcGenMay2026/statewiseS257.htm,Won In,:,207,,,,,,,,,,,,,,,,,,,,,,,,,,,,
https://results.eci.gov.in/ResultAcGenMay2026/statewiseS257.htm,Trailing In,:,0,,,,,,,,,,,,,,,,,,,,,,,,,,,,
https://results.eci.gov.in/ResultAcGenMay2026/statewiseS257.htm,All India Trinamool Congress,i Party Wise State Trends Leading In : 0 Won In : 80 Trailing In : 0,Leading In,:,0,Won In,:,80,Trailing In,:,0,,,,,,,,,,,,,,,,,,,,
https://results.eci.gov.in/ResultAcGenMay2026/statewiseS257.htm,Leading In,:,0,,,,,,,,,,,,,,,,,,,,,,,,,,,,
https://results.eci.gov.in/ResultAcGenMay2026/statewiseS257.htm,Won In,:,80,,,,,,,,,,,,,,,,,,,,,,,,,,,,
https://results.eci.gov.in/ResultAcGenMay2026/statewiseS257.htm,Trailing In,:,0,,,,,,,,,,,,,,,,,,,,,,,,,,,,
https://results.eci.gov.in/ResultAcGenMay2026/statewiseS257.htm,JAMURIA,279,DR. BIJAN MUKHERJEE,Bharatiya Janata Party i Party Wise State Trends Leading In : 0 Won In : 207 Trailing In : 0,Bharatiya Janata Party,i Party Wise State Trends Leading In : 0 Won In : 207 Trailing In : 0,Leading In,:,0,Won In,:,207,Trailing In,:,0,HARERAM SINGH,All India Trinamool Congress i Party Wise State Trends Leading In : 0 Won In : 80 Trailing In : 0,All India Trinamool Congress,i Party Wise State Trends Leading In : 0 Won In : 80 Trailing In : 0,Leading In,:,0,Won In,:,80,Trailing In,:,0,22514,15/15,Result Declared
https://results.eci.gov.in/ResultAcGenMay2026/statewiseS257.htm,Bharatiya Janata Party,i Party Wise State Trends Leading In : 0 Won In : 207 Trailing In : 0,Leading In,:,0,Won In,:,207,Trailing In,:,0,,,,,,,,,,,,,,,,,,,,
https://results.eci.gov.in/ResultAcGenMay2026/statewiseS257.htm,Leading In,:,0,,,,,,,,,,,,,,,,,,,,,,,,,,,,
https://results.eci.gov.in/ResultAcGenMay2026/statewiseS257.htm,Won In,:,207,,,,,,,,,,,,,,,,,,,,,,,,,,,,
https://results.eci.gov.in/ResultAcGenMay2026/statewiseS257.htm,Trailing In,:,0,,,,,,,,,,,,,,,,,,,,,,,,,,,,
https://results.eci.gov.in/ResultAcGenMay2026/statewiseS257.htm,All India Trinamool Congress,i Party Wise State Trends Leading In : 0 Won In : 80 Trailing In : 0,Leading In,:,0,Won In,:,80,Trailing In,:,0,,,,,,,,,,,,,,,,,,,,
https://results.eci.gov.in/ResultAcGenMay2026/statewiseS257.htm,Leading In,:,0,,,,,,,,,,,,,,,,,,,,,,,,,,,,
https://results.eci.gov.in/ResultAcGenMay2026/statewiseS257.htm,Won In,:,80,,,,,,,,,,,,,,,,,,,,,,,,,,,,
https://results.eci.gov.in/ResultAcGenMay2026/statewiseS257.htm,Trailing In,:,0,,,,,,,,,,,,,,,,,,,,,,,,,,,,
https://results.eci.gov.in/ResultAcGenMay2026/statewiseS257.htm,JANGIPARA,195,PROSENJIT BAG,Bharatiya Janata Party i Party Wise State Trends Leading In : 0 Won In : 207 Trailing In : 0,Bharatiya Janata Party,i Party Wise State Trends Leading In : 0 Won In : 207 Trailing In : 0,Leading In,:,0,Won In,:,207,Trailing In,:,0,SNEHASIS CHAKRABORTY,All India Trinamool Congress i Party Wise State Trends Leading In : 0 Won In : 80 Trailing In : 0,All India Trinamool Congress,i Party Wise State Trends Leading In : 0 Won In : 80 Trailing In : 0,Leading In,:,0,Won In,:,80,Trailing In,:,0,862,24/24,Result Declared
https://results.eci.gov.in/ResultAcGenMay2026/statewiseS257.htm,Bharatiya Janata Party,i Party Wise State Trends Leading In : 0 Won In : 207 Trailing In : 0,Leading In,:,0,Won In,:,207,Trailing In,:,0,,,,,,,,,,,,,,,,,,,,
https://results.eci.gov.in/ResultAcGenMay2026/statewiseS257.htm,Leading In,:,0,,,,,,,,,,,,,,,,,,,,,,,,,,,,
https://results.eci.gov.in/ResultAcGenMay2026/statewiseS257.htm,Won In,:,207,,,,,,,,,,,,,,,,,,,,,,,,,,,,
https://results.eci.gov.in/ResultAcGenMay2026/statewiseS257.htm,Trailing In,:,0,,,,,,,,,,,,,,,,,,,,,,,,,,,,
https://results.eci.gov.in/ResultAcGenMay2026/statewiseS257.htm,All India Trinamool Congress,i Party Wise State Trends Leading In : 0 Won In : 80 Trailing In : 0,Leading In,:,0,Won In,:,80,Trailing In,:,0,,,,,,,,,,,,,,,,,,,,
https://results.eci.gov.in/ResultAcGenMay2026/statewiseS257.htm,Leading In,:,0,,,,,,,,,,,,,,,,,,,,,,,,,,,,
https://results.eci.gov.in/ResultAcGenMay2026/statewiseS257.htm,Won In,:,80,,,,,,,,,,,,,,,,,,,,,,,,,,,,
https://results.eci.gov.in/ResultAcGenMay2026/statewiseS257.htm,Trailing In,:,0,,,,,,,,,,,,,,,,,,,,,,,,,,,,
https://results.eci.gov.in/ResultAcGenMay2026/statewiseS257.htm,JANGIPUR,58,CHITTA MUKHERJEE,Bharatiya Janata Party i Party Wise State Trends Leading In : 0 Won In : 207 Trailing In : 0,Bharatiya Janata Party,i Party Wise State Trends Leading In : 0 Won In : 207 Trailing In : 0,Leading In,:,0,Won In,:,207,Trailing In,:,0,JAKIR HOSSAIN,All India Trinamool Congress i Party Wise State Trends Leading In : 0 Won In : 80 Trailing In : 0,All India Trinamool Congress,i Party Wise State Trends Leading In : 0 Won In : 80 Trailing In : 0,Leading In,:,0,Won In,:,80,Trailing In,:,0,10542,21/21,Result Declared
https://results.eci.gov.in/ResultAcGenMay2026/statewiseS257.htm,Bharatiya Janata Party,i Party Wise State Trends Leading In : 0 Won In : 207 Trailing In : 0,Leading In,:,0,Won In,:,207,Trailing In,:,0,,,,,,,,,,,,,,,,,,,,
https://results.eci.gov.in/ResultAcGenMay2026/statewiseS257.htm,Leading In,:,0,,,,,,,,,,,,,,,,,,,,,,,,,,,,
https://results.eci.gov.in/ResultAcGenMay2026/statewiseS257.htm,Won In,:,207,,,,,,,,,,,,,,,,,,,,,,,,,,,,
https://results.eci.gov.in/ResultAcGenMay2026/statewiseS257.htm,Trailing In,:,0,,,,,,,,,,,,,,,,,,,,,,,,,,,,
https://results.eci.gov.in/ResultAcGenMay2026/statewiseS257.htm,All India Trinamool Congress,i Party Wise State Trends Leading In : 0 Won In : 80 Trailing In : 0,Leading In,:,0,Won In,:,80,Trailing In,:,0,,,,,,,,,,,,,,,,,,,,
https://results.eci.gov.in/ResultAcGenMay2026/statewiseS257.htm,Leading In,:,0,,,,,,,,,,,,,,,,,,,,,,,,,,,,
https://results.eci.gov.in/ResultAcGenMay2026/statewiseS257.htm,Won In,:,80,,,,,,,,,,,,,,,,,,,,,,,,,,,,
https://results.eci.gov.in/ResultAcGenMay2026/statewiseS257.htm,Trailing In,:,0,,,,,,,,,,,,,,,,,,,,,,,,,,,,
https://results.eci.gov.in/ResultAcGenMay2026/statewiseS257.htm,JAYNAGAR,136,BISWANATH DAS,All India Trinamool Congress i Party Wise State Trends Leading In : 0 Won In : 80 Trailing In : 0,All India Trinamool Congress,i Party Wise State Trends Leading In : 0 Won In : 80 Trailing In : 0,Leading In,:,0,Won In,:,80,Trailing In,:,0,ALOKE HALDER,Bharatiya Janata Party i Party Wise State Trends Leading In : 0 Won In : 207 Trailing In : 0,Bharatiya Janata Party,i Party Wise State Trends Leading In : 0 Won In : 207 Trailing In : 0,Leading In,:,0,Won In,:,207,Trailing In,:,0,26350,18/18,Result Declared
https://results.eci.gov.in/ResultAcGenMay2026/statewiseS257.htm,All India Trinamool Congress,i Party Wise State Trends Leading In : 0 Won In : 80 Trailing In : 0,Leading In,:,0,Won In,:,80,Trailing In,:,0,,,,,,,,,,,,,,,,,,,,
https://results.eci.gov.in/ResultAcGenMay2026/statewiseS257.htm,Leading In,:,0,,,,,,,,,,,,,,,,,,,,,,,,,,,,
https://results.eci.gov.in/ResultAcGenMay2026/statewiseS257.htm,Won In,:,80,,,,,,,,,,,,,,,,,,,,,,,,,,,,
https://results.eci.gov.in/ResultAcGenMay2026/statewiseS257.htm,Trailing In,:,0,,,,,,,,,,,,,,,,,,,,,,,,,,,,
https://results.eci.gov.in/ResultAcGenMay2026/statewiseS257.htm,Bharatiya Janata Party,i Party Wise State Trends Leading In : 0 Won In : 207 Trailing In : 0,Leading In,:,0,Won In,:,207,Trailing In,:,0,,,,,,,,,,,,,,,,,,,,
https://results.eci.gov.in/ResultAcGenMay2026/statewiseS257.htm,Leading In,:,0,,,,,,,,,,,,,,,,,,,,,,,,,,,,
https://results.eci.gov.in/ResultAcGenMay2026/statewiseS257.htm,Won In,:,207,,,,,,,,,,,,,,,,,,,,,,,,,,,,
https://results.eci.gov.in/ResultAcGenMay2026/statewiseS257.htm,Trailing In,:,0,,,,,,,,,,,,,,,,,,,,,,,,,,,,
https://results.eci.gov.in/ResultAcGenMay2026/statewiseS257.htm,JHARGRAM,222,LAKSHMI KANTA SAU,Bharatiya Janata Party i Party Wise State Trends Leading In : 0 Won In : 207 Trailing In : 0,Bharatiya Janata Party,i Party Wise State Trends Leading In : 0 Won In : 207 Trailing In : 0,Leading In,:,0,Won In,:,207,Trailing In,:,0,MONGAL SAREN,All India Trinamool Congress i Party Wise State Trends Leading In : 0 Won In : 80 Trailing In : 0,All India Trinamool Congress,i Party Wise State Trends Leading In : 0 Won In : 80 Trailing In : 0,Leading In,:,0,Won In,:,80,Trailing In,:,0,38147,24/24,Result Declared
https://results.eci.gov.in/ResultAcGenMay2026/statewiseS257.htm,Bharatiya Janata Party,i Party Wise State Trends Leading In : 0 Won In : 207 Trailing In : 0,Leading In,:,0,Won In,:,207,Trailing In,:,0,,,,,,,,,,,,,,,,,,,,
https://results.eci.gov.in/ResultAcGenMay2026/statewiseS257.htm,Leading In,:,0,,,,,,,,,,,,,,,,,,,,,,,,,,,,
https://results.eci.gov.in/ResultAcGenMay2026/statewiseS257.htm,Won In,:,207,,,,,,,,,,,,,,,,,,,,,,,,,,,,
https://results.eci.gov.in/ResultAcGenMay2026/statewiseS257.htm,Trailing In,:,0,,,,,,,,,,,,,,,,,,,,,,,,,,,,
https://results.eci.gov.in/ResultAcGenMay2026/statewiseS257.htm,All India Trinamool Congress,i Party Wise State Trends Leading In : 0 Won In : 80 Trailing In : 0,Leading In,:,0,Won In,:,80,Trailing In,:,0,,,,,,,,,,,,,,,,,,,,
https://results.eci.gov.in/ResultAcGenMay2026/statewiseS257.htm,Leading In,:,0,,,,,,,,,,,,,,,,,,,,,,,,,,,,
https://results.eci.gov.in/ResultAcGenMay2026/statewiseS257.htm,Won In,:,80,,,,,,,,,,,,,,,,,,,,,,,,,,,,
https://results.eci.gov.in/ResultAcGenMay2026/statewiseS257.htm,Trailing In,:,0,,,,,,,,,,,,,,,,,,,,,,,,,,,,
https://results.eci.gov.in/ResultAcGenMay2026/statewiseS257.htm,JORASANKO,165,VIJAY OJHA,Bharatiya Janata Party i Party Wise State Trends Leading In : 0 Won In : 207 Trailing In : 0,Bharatiya Janata Party,i Party Wise State Trends Leading In : 0 Won In : 207 Trailing In : 0,Leading In,:,0,Won In,:,207,Trailing In,:,0,VIJAY UPADHYAY,All India Trinamool Congress i Party Wise State Trends Leading In : 0 Won In : 80 Trailing In : 0,All India Trinamool Congress,i Party Wise State Trends Leading In : 0 Won In : 80 Trailing In : 0,Leading In,:,0,Won In,:,80,Trailing In,:,0,5797,22/22,Result Declared
https://results.eci.gov.in/ResultAcGenMay2026/statewiseS257.htm,Bharatiya Janata Party,i Party Wise State Trends Leading In : 0 Won In : 207 Trailing In : 0,Leading In,:,0,Won In,:,207,Trailing In,:,0,,,,,,,,,,,,,,,,,,,,
https://results.eci.gov.in/ResultAcGenMay2026/statewiseS257.htm,Leading In,:,0,,,,,,,,,,,,,,,,,,,,,,,,,,,,
https://results.eci.gov.in/ResultAcGenMay2026/statewiseS257.htm,Won In,:,207,,,,,,,,,,,,,,,,,,,,,,,,,,,,
https://results.eci.gov.in/ResultAcGenMay2026/statewiseS257.htm,Trailing In,:,0,,,,,,,,,,,,,,,,,,,,,,,,,,,,
https://results.eci.gov.in/ResultAcGenMay2026/statewiseS257.htm,All India Trinamool Congress,i Party Wise State Trends Leading In : 0 Won In : 80 Trailing In : 0,Leading In,:,0,Won In,:,80,Trailing In,:,0,,,,,,,,,,,,,,,,,,,,
https://results.eci.gov.in/ResultAcGenMay2026/statewiseS257.htm,Leading In,:,0,,,,,,,,,,,,,,,,,,,,,,,,,,,,
https://results.eci.gov.in/ResultAcGenMay2026/statewiseS257.htm,Won In,:,80,,,,,,,,,,,,,,,,,,,,,,,,,,,,
https://results.eci.gov.in/ResultAcGenMay2026/statewiseS257.htm,Trailing In,:,0,,,,,,,,,,,,,,,,,,,,,,,,,,,,
https://results.eci.gov.in/ResultAcGenMay2026/statewiseS257.htm,JOYPUR,241,BISWAJIT MAHATO,Bharatiya Janata Party i Party Wise State Trends Leading In : 0 Won In : 207 Trailing In : 0,Bharatiya Janata Party,i Party Wise State Trends Leading In : 0 Won In : 207 Trailing In : 0,Leading In,:,0,Won In,:,207,Trailing In,:,0,ARJUN MAHATO,All India Trinamool Congress i Party Wise State Trends Leading In : 0 Won In : 80 Trailing In : 0,All India Trinamool Congress,i Party Wise State Trends Leading In : 0 Won In : 80 Trailing In : 0,Leading In,:,0,Won In,:,80,Trailing In,:,0,22218,24/24,Result Declared
https://results.eci.gov.in/ResultAcGenMay2026/statewiseS257.htm,Bharatiya Janata Party,i Party Wise State Trends Leading In : 0 Won In : 207 Trailing In : 0,Leading In,:,0,Won In,:,207,Trailing In,:,0,,,,,,,,,,,,,,,,,,,,
https://results.eci.gov.in/ResultAcGenMay2026/statewiseS257.htm,Leading In,:,0,,,,,,,,,,,,,,,,,,,,,,,,,,,,
https://results.eci.gov.in/ResultAcGenMay2026/statewiseS257.htm,Won In,:,207,,,,,,,,,,,,,,,,,,,,,,,,,,,,
https://results.eci.gov.in/ResultAcGenMay2026/statewiseS257.htm,Trailing In,:,0,,,,,,,,,,,,,,,,,,,,,,,,,,,,
https://results.eci.gov.in/ResultAcGenMay2026/statewiseS257.htm,All India Trinamool Congress,i Party Wise State Trends Leading In : 0 Won In : 80 Trailing In : 0,Leading In,:,0,Won In,:,80,Trailing In,:,0,,,,,,,,,,,,,,,,,,,,
https://results.eci.gov.in/ResultAcGenMay2026/statewiseS257.htm,Leading In,:,0,,,,,,,,,,,,,,,,,,,,,,,,,,,,
https://results.eci.gov.in/ResultAcGenMay2026/statewiseS257.htm,Won In,:,80,,,,,,,,,,,,,,,,,,,,,,,,,,,,
https://results.eci.gov.in/ResultAcGenMay2026/statewiseS257.htm,Trailing In,:,0,,,,,,,,,,,,,,,,,,,,,,,,,,,,
https://results.eci.gov.in/ResultAcGenMay2026/statewiseS257.htm,KAKDWIP,131,DIPANKAR JANA,Bharatiya Janata Party i Party Wise State Trends Leading In : 0 Won In : 207 Trailing In : 0,Bharatiya Janata Party,i Party Wise State Trends Leading In : 0 Won In : 207 Trailing In : 0,Leading In,:,0,Won In,:,207,Trailing In,:,0,MANTURAM PAKHIRA,All India Trinamool Congress i Party Wise State Trends Leading In : 0 Won In : 80 Trailing In : 0,All India Trinamool Congress,i Party Wise State Trends Leading In : 0 Won In : 80 Trailing In : 0,Leading In,:,0,Won In,:,80,Trailing In,:,0,4760,22/22,Result Declared
https://results.eci.gov.in/ResultAcGenMay2026/statewiseS257.htm,Bharatiya Janata Party,i Party Wise State Trends Leading In : 0 Won In : 207 Trailing In : 0,Leading In,:,0,Won In,:,207,Trailing In,:,0,,,,,,,,,,,,,,,,,,,,
https://results.eci.gov.in/ResultAcGenMay2026/statewiseS257.htm,Leading In,:,0,,,,,,,,,,,,,,,,,,,,,,,,,,,,
https://results.eci.gov.in/ResultAcGenMay2026/statewiseS257.htm,Won In,:,207,,,,,,,,,,,,,,,,,,,,,,,,,,,,
https://results.eci.gov.in/ResultAcGenMay2026/statewiseS257.htm,Trailing In,:,0,,,,,,,,,,,,,,,,,,,,,,,,,,,,
https://results.eci.gov.in/ResultAcGenMay2026/statewiseS257.htm,All India Trinamool Congress,i Party Wise State Trends Leading In : 0 Won In : 80 Trailing In : 0,Leading In,:,0,Won In,:,80,Trailing In,:,0,,,,,,,,,,,,,,,,,,,,
https://results.eci.gov.in/ResultAcGenMay2026/statewiseS257.htm,Leading In,:,0,,,,,,,,,,,,,,,,,,,,,,,,,,,,
https://results.eci.gov.in/ResultAcGenMay2026/statewiseS257.htm,Won In,:,80,,,,,,,,,,,,,,,,,,,,,,,,,,,,
https://results.eci.gov.in/ResultAcGenMay2026/statewiseS257.htm,Trailing In,:,0,,,,,,,,,,,,,,,,,,,,,,,,,,,,
https://results.eci.gov.in/ResultAcGenMay2026/statewiseS257.htm,KALCHINI,11,BISHAL LAMA,Bharatiya Janata Party i Party Wise State Trends Leading In : 0 Won In : 207 Trailing In : 0,Bharatiya Janata Party,i Party Wise State Trends Leading In : 0 Won In : 207 Trailing In : 0,Leading In,:,0,Won In,:,207,Trailing In,:,0,BIRENDRA BARA (ORAON),All India Trinamool Congress i Party Wise State Trends Leading In : 0 Won In : 80 Trailing In : 0,All India Trinamool Congress,i Party Wise State Trends Leading In : 0 Won In : 80 Trailing In : 0,Leading In,:,0,Won In,:,80,Trailing In,:,0,37843,23/23,Result Declared
https://results.eci.gov.in/ResultAcGenMay2026/statewiseS257.htm,Bharatiya Janata Party,i Party Wise State Trends Leading In : 0 Won In : 207 Trailing In : 0,Leading In,:,0,Won In,:,207,Trailing In,:,0,,,,,,,,,,,,,,,,,,,,
https://results.eci.gov.in/ResultAcGenMay2026/statewiseS257.htm,Leading In,:,0,,,,,,,,,,,,,,,,,,,,,,,,,,,,
https://results.eci.gov.in/ResultAcGenMay2026/statewiseS257.htm,Won In,:,207,,,,,,,,,,,,,,,,,,,,,,,,,,,,
https://results.eci.gov.in/ResultAcGenMay2026/statewiseS257.htm,Trailing In,:,0,,,,,,,,,,,,,,,,,,,,,,,,,,,,
https://results.eci.gov.in/ResultAcGenMay2026/statewiseS257.htm,All India Trinamool Congress,i Party Wise State Trends Leading In : 0 Won In : 80 Trailing In : 0,Leading In,:,0,Won In,:,80,Trailing In,:,0,,,,,,,,,,,,,,,,,,,,
https://results.eci.gov.in/ResultAcGenMay2026/statewiseS257.htm,Leading In,:,0,,,,,,,,,,,,,,,,,,,,,,,,,,,,
https://results.eci.gov.in/ResultAcGenMay2026/statewiseS257.htm,Won In,:,80,,,,,,,,,,,,,,,,,,,,,,,,,,,,
https://results.eci.gov.in/ResultAcGenMay2026/statewiseS257.htm,Trailing In,:,0,,,,,,,,,,,,,,,,,,,,,,,,,,,,
https://results.eci.gov.in/ResultAcGenMay2026/statewiseS257.htm,KALIAGANJ,34,UTPAL BRAHMACHARO,Bharatiya Janata Party i Party Wise State Trends Leading In : 0 Won In : 207 Trailing In : 0,Bharatiya Janata Party,i Party Wise State Trends Leading In : 0 Won In : 207 Trailing In : 0,Leading In,:,0,Won In,:,207,Trailing In,:,0,NITAI BAISHYA,All India Trinamool Congress i Party Wise State Trends Leading In : 0 Won In : 80 Trailing In : 0,All India Trinamool Congress,i Party Wise State Trends Leading In : 0 Won In : 80 Trailing In : 0,Leading In,:,0,Won In,:,80,Trailing In,:,0,76425,19/19,Result Declared
https://results.eci.gov.in/ResultAcGenMay2026/statewiseS257.htm,Bharatiya Janata Party,i Party Wise State Trends Leading In : 0 Won In : 207 Trailing In : 0,Leading In,:,0,Won In,:,207,Trailing In,:,0,,,,,,,,,,,,,,,,,,,,
https://results.eci.gov.in/ResultAcGenMay2026/statewiseS257.htm,Leading In,:,0,,,,,,,,,,,,,,,,,,,,,,,,,,,,
https://results.eci.gov.in/ResultAcGenMay2026/statewiseS257.htm,Won In,:,207,,,,,,,,,,,,,,,,,,,,,,,,,,,,
https://results.eci.gov.in/ResultAcGenMay2026/statewiseS257.htm,Trailing In,:,0,,,,,,,,,,,,,,,,,,,,,,,,,,,,
https://results.eci.gov.in/ResultAcGenMay2026/statewiseS257.htm,All India Trinamool Congress,i Party Wise State Trends Leading In : 0 Won In : 80 Trailing In : 0,Leading In,:,0,Won In,:,80,Trailing In,:,0,,,,,,,,,,,,,,,,,,,,
https://results.eci.gov.in/ResultAcGenMay2026/statewiseS257.htm,Leading In,:,0,,,,,,,,,,,,,,,,,,,,,,,,,,,,
https://results.eci.gov.in/ResultAcGenMay2026/statewiseS257.htm,Won In,:,80,,,,,,,,,,,,,,,,,,,,,,,,,,,,
https://results.eci.gov.in/ResultAcGenMay2026/statewiseS257.htm,Trailing In,:,0,,,,,,,,,,,,,,,,,,,,,,,,,,,,
https://results.eci.gov.in/ResultAcGenMay2026/statewiseS257.htm,KALIGANJ,80,ALIFA AHMED,All India Trinamool Congress i Party Wise State Trends Leading In : 0 Won In : 80 Trailing In : 0,All India Trinamool Congress,i Party Wise State Trends Leading In : 0 Won In : 80 Trailing In : 0,Leading In,:,0,Won In,:,80,Trailing In,:,0,BAPAN GHOSH,Bharatiya Janata Party i Party Wise State Trends Leading In : 0 Won In : 207 Trailing In : 0,Bharatiya Janata Party,i Party Wise State Trends Leading In : 0 Won In : 207 Trailing In : 0,Leading In,:,0,Won In,:,207,Trailing In,:,0,10172,16/16,Result Declared
https://results.eci.gov.in/ResultAcGenMay2026/statewiseS257.htm,All India Trinamool Congress,i Party Wise State Trends Leading In : 0 Won In : 80 Trailing In : 0,Leading In,:,0,Won In,:,80,Trailing In,:,0,,,,,,,,,,,,,,,,,,,,
https://results.eci.gov.in/ResultAcGenMay2026/statewiseS257.htm,Leading In,:,0,,,,,,,,,,,,,,,,,,,,,,,,,,,,
https://results.eci.gov.in/ResultAcGenMay2026/statewiseS257.htm,Won In,:,80,,,,,,,,,,,,,,,,,,,,,,,,,,,,
https://results.eci.gov.in/ResultAcGenMay2026/statewiseS257.htm,Trailing In,:,0,,,,,,,,,,,,,,,,,,,,,,,,,,,,
https://results.eci.gov.in/ResultAcGenMay2026/statewiseS257.htm,Bharatiya Janata Party,i Party Wise State Trends Leading In : 0 Won In : 207 Trailing In : 0,Leading In,:,0,Won In,:,207,Trailing In,:,0,,,,,,,,,,,,,,,,,,,,
https://results.eci.gov.in/ResultAcGenMay2026/statewiseS257.htm,Leading In,:,0,,,,,,,,,,,,,,,,,,,,,,,,,,,,
https://results.eci.gov.in/ResultAcGenMay2026/statewiseS257.htm,Won In,:,207,,,,,,,,,,,,,,,,,,,,,,,,,,,,
https://results.eci.gov.in/ResultAcGenMay2026/statewiseS257.htm,Trailing In,:,0,,,,,,,,,,,,,,,,,,,,,,,,,,,,
https://results.eci.gov.in/ResultAcGenMay2026/statewiseS257.htm,KALIMPONG,22,BHARAT KUMAR CHETRI,Bharatiya Janata Party i Party Wise State Trends Leading In : 0 Won In : 207 Trailing In : 0,Bharatiya Janata Party,i Party Wise State Trends Leading In : 0 Won In : 207 Trailing In : 0,Leading In,:,0,Won In,:,207,Trailing In,:,0,RUDEN SADA LEPCHA,Bharatiya Gorkha Prajatantrik Morcha i Party Wise State Trends Leading In : 0 Won In : 0 Trailing In : 0,Bharatiya Gorkha Prajatantrik Morcha,i Party Wise State Trends Leading In : 0 Won In : 0 Trailing In : 0,Leading In,:,0,Won In,:,0,Trailing In,:,0,21464,12/12,Result Declared
https://results.eci.gov.in/ResultAcGenMay2026/statewiseS257.htm,Bharatiya Janata Party,i Party Wise State Trends Leading In : 0 Won In : 207 Trailing In : 0,Leading In,:,0,Won In,:,207,Trailing In,:,0,,,,,,,,,,,,,,,,,,,,
https://results.eci.gov.in/ResultAcGenMay2026/statewiseS257.htm,Leading In,:,0,,,,,,,,,,,,,,,,,,,,,,,,,,,,
https://results.eci.gov.in/ResultAcGenMay2026/statewiseS257.htm,Won In,:,207,,,,,,,,,,,,,,,,,,,,,,,,,,,,
https://results.eci.gov.in/ResultAcGenMay2026/statewiseS257.htm,Trailing In,:,0,,,,,,,,,,,,,,,,,,,,,,,,,,,,
https://results.eci.gov.in/ResultAcGenMay2026/statewiseS257.htm,Bharatiya Gorkha Prajatantrik Morcha,i Party Wise State Trends Leading In : 0 Won In : 0 Trailing In : 0,Leading In,:,0,Won In,:,0,Trailing In,:,0,,,,,,,,,,,,,,,,,,,,
https://results.eci.gov.in/ResultAcGenMay2026/statewiseS257.htm,Leading In,:,0,,,,,,,,,,,,,,,,,,,,,,,,,,,,
https://results.eci.gov.in/ResultAcGenMay2026/statewiseS257.htm,Won In,:,0,,,,,,,,,,,,,,,,,,,,,,,,,,,,
https://results.eci.gov.in/ResultAcGenMay2026/statewiseS257.htm,Trailing In,:,0,,,,,,,,,,,,,,,,,,,,,,,,,,,,
https://results.eci.gov.in/ResultAcGenMay2026/statewiseS257.htm,,,,,,,,,,,,,,,,,,,,,,,,,,,,,,,
https://results.eci.gov.in/ResultAcGenMay2026/statewiseS258.htm,Status Known For 293 out of 293 Constituencies,,,,,,,,,,,,,,,,,,,,,,,,,,,,,,
https://results.eci.gov.in/ResultAcGenMay2026/statewiseS258.htm,Constituency,Const. No.,Leading Candidate,Leading Party,Trailing Candidate,Trailing Party,Margin,Round,Status,,,,,,,,,,,,,,,,,,,,,,
https://results.eci.gov.in/ResultAcGenMay2026/statewiseS258.htm,KALNA,264,SIDDHARTHA MAJUMDAR,Bharatiya Janata Party i Party Wise State Trends Leading In : 0 Won In : 207 Trailing In : 0,Bharatiya Janata Party,i Party Wise State Trends Leading In : 0 Won In : 207 Trailing In : 0,Leading In,:,0,Won In,:,207,Trailing In,:,0,DEBO PRASAD BAG (POLTU),All India Trinamool Congress i Party Wise State Trends Leading In : 0 Won In : 80 Trailing In : 0,All India Trinamool Congress,i Party Wise State Trends Leading In : 0 Won In : 80 Trailing In : 0,Leading In,:,0,Won In,:,80,Trailing In,:,0,28630,21/21,Result Declared
https://results.eci.gov.in/ResultAcGenMay2026/statewiseS258.htm,Bharatiya Janata Party,i Party Wise State Trends Leading In : 0 Won In : 207 Trailing In : 0,Leading In,:,0,Won In,:,207,Trailing In,:,0,,,,,,,,,,,,,,,,,,,,
https://results.eci.gov.in/ResultAcGenMay2026/statewiseS258.htm,Leading In,:,0,,,,,,,,,,,,,,,,,,,,,,,,,,,,
https://results.eci.gov.in/ResultAcGenMay2026/statewiseS258.htm,Won In,:,207,,,,,,,,,,,,,,,,,,,,,,,,,,,,
https://results.eci.gov.in/ResultAcGenMay2026/statewiseS258.htm,Trailing In,:,0,,,,,,,,,,,,,,,,,,,,,,,,,,,,
https://results.eci.gov.in/ResultAcGenMay2026/statewiseS258.htm,All India Trinamool Congress,i Party Wise State Trends Leading In : 0 Won In : 80 Trailing In : 0,Leading In,:,0,Won In,:,80,Trailing In,:,0,,,,,,,,,,,,,,,,,,,,
https://results.eci.gov.in/ResultAcGenMay2026/statewiseS258.htm,Leading In,:,0,,,,,,,,,,,,,,,,,,,,,,,,,,,,
https://results.eci.gov.in/ResultAcGenMay2026/statewiseS258.htm,Won In,:,80,,,,,,,,,,,,,,,,,,,,,,,,,,,,
https://results.eci.gov.in/ResultAcGenMay2026/statewiseS258.htm,Trailing In,:,0,,,,,,,,,,,,,,,,,,,,,,,,,,,,
https://results.eci.gov.in/ResultAcGenMay2026/statewiseS258.htm,KALYANI,92,ANUPAM BISWAS,Bharatiya Janata Party i Party Wise State Trends Leading In : 0 Won In : 207 Trailing In : 0,Bharatiya Janata Party,i Party Wise State Trends Leading In : 0 Won In : 207 Trailing In : 0,Leading In,:,0,Won In,:,207,Trailing In,:,0,DR. ATINDRA NATH MONDAL,All India Trinamool Congress i Party Wise State Trends Leading In : 0 Won In : 80 Trailing In : 0,All India Trinamool Congress,i Party Wise State Trends Leading In : 0 Won In : 80 Trailing In : 0,Leading In,:,0,Won In,:,80,Trailing In,:,0,34792,23/23,Result Declared
https://results.eci.gov.in/ResultAcGenMay2026/statewiseS258.htm,Bharatiya Janata Party,i Party Wise State Trends Leading In : 0 Won In : 207 Trailing In : 0,Leading In,:,0,Won In,:,207,Trailing In,:,0,,,,,,,,,,,,,,,,,,,,
https://results.eci.gov.in/ResultAcGenMay2026/statewiseS258.htm,Leading In,:,0,,,,,,,,,,,,,,,,,,,,,,,,,,,,
https://results.eci.gov.in/ResultAcGenMay2026/statewiseS258.htm,Won In,:,207,,,,,,,,,,,,,,,,,,,,,,,,,,,,
https://results.eci.gov.in/ResultAcGenMay2026/statewiseS258.htm,Trailing In,:,0,,,,,,,,,,,,,,,,,,,,,,,,,,,,
https://results.eci.gov.in/ResultAcGenMay2026/statewiseS258.htm,All India Trinamool Congress,i Party Wise State Trends Leading In : 0 Won In : 80 Trailing In : 0,Leading In,:,0,Won In,:,80,Trailing In,:,0,,,,,,,,,,,,,,,,,,,,
https://results.eci.gov.in/ResultAcGenMay2026/statewiseS258.htm,Leading In,:,0,,,,,,,,,,,,,,,,,,,,,,,,,,,,
https://results.eci.gov.in/ResultAcGenMay2026/statewiseS258.htm,Won In,:,80,,,,,,,,,,,,,,,,,,,,,,,,,,,,
https://results.eci.gov.in/ResultAcGenMay2026/statewiseS258.htm,Trailing In,:,0,,,,,,,,,,,,,,,,,,,,,,,,,,,,
https://results.eci.gov.in/ResultAcGenMay2026/statewiseS258.htm,KAMARHATI,112,MADAN MITRA,All India Trinamool Congress i Party Wise State Trends Leading In : 0 Won In : 80 Trailing In : 0,All India Trinamool Congress,i Party Wise State Trends Leading In : 0 Won In : 80 Trailing In : 0,Leading In,:,0,Won In,:,80,Trailing In,:,0,ARUP CHOUDHURY (PULAK),Bharatiya Janata Party i Party Wise State Trends Leading In : 0 Won In : 207 Trailing In : 0,Bharatiya Janata Party,i Party Wise State Trends Leading In : 0 Won In : 207 Trailing In : 0,Leading In,:,0,Won In,:,207,Trailing In,:,0,5646,11/11,Result Declared
https://results.eci.gov.in/ResultAcGenMay2026/statewiseS258.htm,All India Trinamool Congress,i Party Wise State Trends Leading In : 0 Won In : 80 Trailing In : 0,Leading In,:,0,Won In,:,80,Trailing In,:,0,,,,,,,,,,,,,,,,,,,,
https://results.eci.gov.in/ResultAcGenMay2026/statewiseS258.htm,Leading In,:,0,,,,,,,,,,,,,,,,,,,,,,,,,,,,
https://results.eci.gov.in/ResultAcGenMay2026/statewiseS258.htm,Won In,:,80,,,,,,,,,,,,,,,,,,,,,,,,,,,,
https://results.eci.gov.in/ResultAcGenMay2026/statewiseS258.htm,Trailing In,:,0,,,,,,,,,,,,,,,,,,,,,,,,,,,,
https://results.eci.gov.in/ResultAcGenMay2026/statewiseS258.htm,Bharatiya Janata Party,i Party Wise State Trends Leading In : 0 Won In : 207 Trailing In : 0,Leading In,:,0,Won In,:,207,Trailing In,:,0,,,,,,,,,,,,,,,,,,,,
https://results.eci.gov.in/ResultAcGenMay2026/statewiseS258.htm,Leading In,:,0,,,,,,,,,,,,,,,,,,,,,,,,,,,,
https://results.eci.gov.in/ResultAcGenMay2026/statewiseS258.htm,Won In,:,207,,,,,,,,,,,,,,,,,,,,,,,,,,,,
https://results.eci.gov.in/ResultAcGenMay2026/statewiseS258.htm,Trailing In,:,0,,,,,,,,,,,,,,,,,,,,,,,,,,,,
https://results.eci.gov.in/ResultAcGenMay2026/statewiseS258.htm,KANDI,68,GARGI DAS GHOSH,Bharatiya Janata Party i Party Wise State Trends Leading In : 0 Won In : 207 Trailing In : 0,Bharatiya Janata Party,i Party Wise State Trends Leading In : 0 Won In : 207 Trailing In : 0,Leading In,:,0,Won In,:,207,Trailing In,:,0,APURBA SARKAR (DAVID),All India Trinamool Congress i Party Wise State Trends Leading In : 0 Won In : 80 Trailing In : 0,All India Trinamool Congress,i Party Wise State Trends Leading In : 0 Won In : 80 Trailing In : 0,Leading In,:,0,Won In,:,80,Trailing In,:,0,10335,14/14,Result Declared
https://results.eci.gov.in/ResultAcGenMay2026/statewiseS258.htm,Bharatiya Janata Party,i Party Wise State Trends Leading In : 0 Won In : 207 Trailing In : 0,Leading In,:,0,Won In,:,207,Trailing In,:,0,,,,,,,,,,,,,,,,,,,,
https://results.eci.gov.in/ResultAcGenMay2026/statewiseS258.htm,Leading In,:,0,,,,,,,,,,,,,,,,,,,,,,,,,,,,
https://results.eci.gov.in/ResultAcGenMay2026/statewiseS258.htm,Won In,:,207,,,,,,,,,,,,,,,,,,,,,,,,,,,,
https://results.eci.gov.in/ResultAcGenMay2026/statewiseS258.htm,Trailing In,:,0,,,,,,,,,,,,,,,,,,,,,,,,,,,,
https://results.eci.gov.in/ResultAcGenMay2026/statewiseS258.htm,All India Trinamool Congress,i Party Wise State Trends Leading In : 0 Won In : 80 Trailing In : 0,Leading In,:,0,Won In,:,80,Trailing In,:,0,,,,,,,,,,,,,,,,,,,,
https://results.eci.gov.in/ResultAcGenMay2026/statewiseS258.htm,Leading In,:,0,,,,,,,,,,,,,,,,,,,,,,,,,,,,
https://results.eci.gov.in/ResultAcGenMay2026/statewiseS258.htm,Won In,:,80,,,,,,,,,,,,,,,,,,,,,,,,,,,,
https://results.eci.gov.in/ResultAcGenMay2026/statewiseS258.htm,Trailing In,:,0,,,,,,,,,,,,,,,,,,,,,,,,,,,,
https://results.eci.gov.in/ResultAcGenMay2026/statewiseS258.htm,KANTHI DAKSHIN,216,ARUP KUMAR DAS,Bharatiya Janata Party i Party Wise State Trends Leading In : 0 Won In : 207 Trailing In : 0,Bharatiya Janata Party,i Party Wise State Trends Leading In : 0 Won In : 207 Trailing In : 0,Leading In,:,0,Won In,:,207,Trailing In,:,0,TARUN KUMAR JANA,All India Trinamool Congress i Party Wise State Trends Leading In : 0 Won In : 80 Trailing In : 0,All India Trinamool Congress,i Party Wise State Trends Leading In : 0 Won In : 80 Trailing In : 0,Leading In,:,0,Won In,:,80,Trailing In,:,0,31472,26/26,Result Declared
https://results.eci.gov.in/ResultAcGenMay2026/statewiseS258.htm,Bharatiya Janata Party,i Party Wise State Trends Leading In : 0 Won In : 207 Trailing In : 0,Leading In,:,0,Won In,:,207,Trailing In,:,0,,,,,,,,,,,,,,,,,,,,
https://results.eci.gov.in/ResultAcGenMay2026/statewiseS258.htm,Leading In,:,0,,,,,,,,,,,,,,,,,,,,,,,,,,,,
https://results.eci.gov.in/ResultAcGenMay2026/statewiseS258.htm,Won In,:,207,,,,,,,,,,,,,,,,,,,,,,,,,,,,
https://results.eci.gov.in/ResultAcGenMay2026/statewiseS258.htm,Trailing In,:,0,,,,,,,,,,,,,,,,,,,,,,,,,,,,
https://results.eci.gov.in/ResultAcGenMay2026/statewiseS258.htm,All India Trinamool Congress,i Party Wise State Trends Leading In : 0 Won In : 80 Trailing In : 0,Leading In,:,0,Won In,:,80,Trailing In,:,0,,,,,,,,,,,,,,,,,,,,
https://results.eci.gov.in/ResultAcGenMay2026/statewiseS258.htm,Leading In,:,0,,,,,,,,,,,,,,,,,,,,,,,,,,,,
https://results.eci.gov.in/ResultAcGenMay2026/statewiseS258.htm,Won In,:,80,,,,,,,,,,,,,,,,,,,,,,,,,,,,
https://results.eci.gov.in/ResultAcGenMay2026/statewiseS258.htm,Trailing In,:,0,,,,,,,,,,,,,,,,,,,,,,,,,,,,
https://results.eci.gov.in/ResultAcGenMay2026/statewiseS258.htm,KANTHI UTTAR,213,SUMITA SINHA,Bharatiya Janata Party i Party Wise State Trends Leading In : 0 Won In : 207 Trailing In : 0,Bharatiya Janata Party,i Party Wise State Trends Leading In : 0 Won In : 207 Trailing In : 0,Leading In,:,0,Won In,:,207,Trailing In,:,0,DEBASIS BHUNYA,All India Trinamool Congress i Party Wise State Trends Leading In : 0 Won In : 80 Trailing In : 0,All India Trinamool Congress,i Party Wise State Trends Leading In : 0 Won In : 80 Trailing In : 0,Leading In,:,0,Won In,:,80,Trailing In,:,0,20055,26/26,Result Declared
https://results.eci.gov.in/ResultAcGenMay2026/statewiseS258.htm,Bharatiya Janata Party,i Party Wise State Trends Leading In : 0 Won In : 207 Trailing In : 0,Leading In,:,0,Won In,:,207,Trailing In,:,0,,,,,,,,,,,,,,,,,,,,
https://results.eci.gov.in/ResultAcGenMay2026/statewiseS258.htm,Leading In,:,0,,,,,,,,,,,,,,,,,,,,,,,,,,,,
https://results.eci.gov.in/ResultAcGenMay2026/statewiseS258.htm,Won In,:,207,,,,,,,,,,,,,,,,,,,,,,,,,,,,
https://results.eci.gov.in/ResultAcGenMay2026/statewiseS258.htm,Trailing In,:,0,,,,,,,,,,,,,,,,,,,,,,,,,,,,
https://results.eci.gov.in/ResultAcGenMay2026/statewiseS258.htm,All India Trinamool Congress,i Party Wise State Trends Leading In : 0 Won In : 80 Trailing In : 0,Leading In,:,0,Won In,:,80,Trailing In,:,0,,,,,,,,,,,,,,,,,,,,
https://results.eci.gov.in/ResultAcGenMay2026/statewiseS258.htm,Leading In,:,0,,,,,,,,,,,,,,,,,,,,,,,,,,,,
https://results.eci.gov.in/ResultAcGenMay2026/statewiseS258.htm,Won In,:,80,,,,,,,,,,,,,,,,,,,,,,,,,,,,
https://results.eci.gov.in/ResultAcGenMay2026/statewiseS258.htm,Trailing In,:,0,,,,,,,,,,,,,,,,,,,,,,,,,,,,
https://results.eci.gov.in/ResultAcGenMay2026/statewiseS258.htm,KARANDIGHI,32,BIRAJ BISWAS,Bharatiya Janata Party i Party Wise State Trends Leading In : 0 Won In : 207 Trailing In : 0,Bharatiya Janata Party,i Party Wise State Trends Leading In : 0 Won In : 207 Trailing In : 0,Leading In,:,0,Won In,:,207,Trailing In,:,0,GOUTAM PAUL,All India Trinamool Congress i Party Wise State Trends Leading In : 0 Won In : 80 Trailing In : 0,All India Trinamool Congress,i Party Wise State Trends Leading In : 0 Won In : 80 Trailing In : 0,Leading In,:,0,Won In,:,80,Trailing In,:,0,19869,15/15,Result Declared
https://results.eci.gov.in/ResultAcGenMay2026/statewiseS258.htm,Bharatiya Janata Party,i Party Wise State Trends Leading In : 0 Won In : 207 Trailing In : 0,Leading In,:,0,Won In,:,207,Trailing In,:,0,,,,,,,,,,,,,,,,,,,,
https://results.eci.gov.in/ResultAcGenMay2026/statewiseS258.htm,Leading In,:,0,,,,,,,,,,,,,,,,,,,,,,,,,,,,
https://results.eci.gov.in/ResultAcGenMay2026/statewiseS258.htm,Won In,:,207,,,,,,,,,,,,,,,,,,,,,,,,,,,,
https://results.eci.gov.in/ResultAcGenMay2026/statewiseS258.htm,Trailing In,:,0,,,,,,,,,,,,,,,,,,,,,,,,,,,,
https://results.eci.gov.in/ResultAcGenMay2026/statewiseS258.htm,All India Trinamool Congress,i Party Wise State Trends Leading In : 0 Won In : 80 Trailing In : 0,Leading In,:,0,Won In,:,80,Trailing In,:,0,,,,,,,,,,,,,,,,,,,,
https://results.eci.gov.in/ResultAcGenMay2026/statewiseS258.htm,Leading In,:,0,,,,,,,,,,,,,,,,,,,,,,,,,,,,
https://results.eci.gov.in/ResultAcGenMay2026/statewiseS258.htm,Won In,:,80,,,,,,,,,,,,,,,,,,,,,,,,,,,,
https://results.eci.gov.in/ResultAcGenMay2026/statewiseS258.htm,Trailing In,:,0,,,,,,,,,,,,,,,,,,,,,,,,,,,,
https://results.eci.gov.in/ResultAcGenMay2026/statewiseS258.htm,KARIMPUR,77,SAMARENDRANATH GHOSH,Bharatiya Janata Party i Party Wise State Trends Leading In : 0 Won In : 207 Trailing In : 0,Bharatiya Janata Party,i Party Wise State Trends Leading In : 0 Won In : 207 Trailing In : 0,Leading In,:,0,Won In,:,207,Trailing In,:,0,SOHAM CHAKRABORTY,All India Trinamool Congress i Party Wise State Trends Leading In : 0 Won In : 80 Trailing In : 0,All India Trinamool Congress,i Party Wise State Trends Leading In : 0 Won In : 80 Trailing In : 0,Leading In,:,0,Won In,:,80,Trailing In,:,0,10185,23/23,Result Declared
https://results.eci.gov.in/ResultAcGenMay2026/statewiseS258.htm,Bharatiya Janata Party,i Party Wise State Trends Leading In : 0 Won In : 207 Trailing In : 0,Leading In,:,0,Won In,:,207,Trailing In,:,0,,,,,,,,,,,,,,,,,,,,
https://results.eci.gov.in/ResultAcGenMay2026/statewiseS258.htm,Leading In,:,0,,,,,,,,,,,,,,,,,,,,,,,,,,,,
https://results.eci.gov.in/ResultAcGenMay2026/statewiseS258.htm,Won In,:,207,,,,,,,,,,,,,,,,,,,,,,,,,,,,
https://results.eci.gov.in/ResultAcGenMay2026/statewiseS258.htm,Trailing In,:,0,,,,,,,,,,,,,,,,,,,,,,,,,,,,
https://results.eci.gov.in/ResultAcGenMay2026/statewiseS258.htm,All India Trinamool Congress,i Party Wise State Trends Leading In : 0 Won In : 80 Trailing In : 0,Leading In,:,0,Won In,:,80,Trailing In,:,0,,,,,,,,,,,,,,,,,,,,
https://results.eci.gov.in/ResultAcGenMay2026/statewiseS258.htm,Leading In,:,0,,,,,,,,,,,,,,,,,,,,,,,,,,,,
https://results.eci.gov.in/ResultAcGenMay2026/statewiseS258.htm,Won In,:,80,,,,,,,,,,,,,,,,,,,,,,,,,,,,
https://results.eci.gov.in/ResultAcGenMay2026/statewiseS258.htm,Trailing In,:,0,,,,,,,,,,,,,,,,,,,,,,,,,,,,
https://results.eci.gov.in/ResultAcGenMay2026/statewiseS258.htm,KASBA,149,AHMED JAVED KHAN,All India Trinamool Congress i Party Wise State Trends Leading In : 0 Won In : 80 Trailing In : 0,All India Trinamool Congress,i Party Wise State Trends Leading In : 0 Won In : 80 Trailing In : 0,Leading In,:,0,Won In,:,80,Trailing In,:,0,BANERJEE SANDIP,Bharatiya Janata Party i Party Wise State Trends Leading In : 0 Won In : 207 Trailing In : 0,Bharatiya Janata Party,i Party Wise State Trends Leading In : 0 Won In : 207 Trailing In : 0,Leading In,:,0,Won In,:,207,Trailing In,:,0,20974,23/23,Result Declared
https://results.eci.gov.in/ResultAcGenMay2026/statewiseS258.htm,All India Trinamool Congress,i Party Wise State Trends Leading In : 0 Won In : 80 Trailing In : 0,Leading In,:,0,Won In,:,80,Trailing In,:,0,,,,,,,,,,,,,,,,,,,,
https://results.eci.gov.in/ResultAcGenMay2026/statewiseS258.htm,Leading In,:,0,,,,,,,,,,,,,,,,,,,,,,,,,,,,
https://results.eci.gov.in/ResultAcGenMay2026/statewiseS258.htm,Won In,:,80,,,,,,,,,,,,,,,,,,,,,,,,,,,,
https://results.eci.gov.in/ResultAcGenMay2026/statewiseS258.htm,Trailing In,:,0,,,,,,,,,,,,,,,,,,,,,,,,,,,,
https://results.eci.gov.in/ResultAcGenMay2026/statewiseS258.htm,Bharatiya Janata Party,i Party Wise State Trends Leading In : 0 Won In : 207 Trailing In : 0,Leading In,:,0,Won In,:,207,Trailing In,:,0,,,,,,,,,,,,,,,,,,,,
https://results.eci.gov.in/ResultAcGenMay2026/statewiseS258.htm,Leading In,:,0,,,,,,,,,,,,,,,,,,,,,,,,,,,,
https://results.eci.gov.in/ResultAcGenMay2026/statewiseS258.htm,Won In,:,207,,,,,,,,,,,,,,,,,,,,,,,,,,,,
https://results.eci.gov.in/ResultAcGenMay2026/statewiseS258.htm,Trailing In,:,0,,,,,,,,,,,,,,,,,,,,,,,,,,,,
https://results.eci.gov.in/ResultAcGenMay2026/statewiseS258.htm,KASHIPUR,244,KAMALA KANTA HANSDA,Bharatiya Janata Party i Party Wise State Trends Leading In : 0 Won In : 207 Trailing In : 0,Bharatiya Janata Party,i Party Wise State Trends Leading In : 0 Won In : 207 Trailing In : 0,Leading In,:,0,Won In,:,207,Trailing In,:,0,SOUMEN BELTHARIA,All India Trinamool Congress i Party Wise State Trends Leading In : 0 Won In : 80 Trailing In : 0,All India Trinamool Congress,i Party Wise State Trends Leading In : 0 Won In : 80 Trailing In : 0,Leading In,:,0,Won In,:,80,Trailing In,:,0,21276,16/16,Result Declared
https://results.eci.gov.in/ResultAcGenMay2026/statewiseS258.htm,Bharatiya Janata Party,i Party Wise State Trends Leading In : 0 Won In : 207 Trailing In : 0,Leading In,:,0,Won In,:,207,Trailing In,:,0,,,,,,,,,,,,,,,,,,,,
https://results.eci.gov.in/ResultAcGenMay2026/statewiseS258.htm,Leading In,:,0,,,,,,,,,,,,,,,,,,,,,,,,,,,,
https://results.eci.gov.in/ResultAcGenMay2026/statewiseS258.htm,Won In,:,207,,,,,,,,,,,,,,,,,,,,,,,,,,,,
https://results.eci.gov.in/ResultAcGenMay2026/statewiseS258.htm,Trailing In,:,0,,,,,,,,,,,,,,,,,,,,,,,,,,,,
https://results.eci.gov.in/ResultAcGenMay2026/statewiseS258.htm,All India Trinamool Congress,i Party Wise State Trends Leading In : 0 Won In : 80 Trailing In : 0,Leading In,:,0,Won In,:,80,Trailing In,:,0,,,,,,,,,,,,,,,,,,,,
https://results.eci.gov.in/ResultAcGenMay2026/statewiseS258.htm,Leading In,:,0,,,,,,,,,,,,,,,,,,,,,,,,,,,,
https://results.eci.gov.in/ResultAcGenMay2026/statewiseS258.htm,Won In,:,80,,,,,,,,,,,,,,,,,,,,,,,,,,,,
https://results.eci.gov.in/ResultAcGenMay2026/statewiseS258.htm,Trailing In,:,0,,,,,,,,,,,,,,,,,,,,,,,,,,,,
https://results.eci.gov.in/ResultAcGenMay2026/statewiseS258.htm,KASHIPUR-BELGACHHIA,168,RITESH TIWARI,Bharatiya Janata Party i Party Wise State Trends Leading In : 0 Won In : 207 Trailing In : 0,Bharatiya Janata Party,i Party Wise State Trends Leading In : 0 Won In : 207 Trailing In : 0,Leading In,:,0,Won In,:,207,Trailing In,:,0,ATIN GHOSH,All India Trinamool Congress i Party Wise State Trends Leading In : 0 Won In : 80 Trailing In : 0,All India Trinamool Congress,i Party Wise State Trends Leading In : 0 Won In : 80 Trailing In : 0,Leading In,:,0,Won In,:,80,Trailing In,:,0,1651,21/21,Result Declared
https://results.eci.gov.in/ResultAcGenMay2026/statewiseS258.htm,Bharatiya Janata Party,i Party Wise State Trends Leading In : 0 Won In : 207 Trailing In : 0,Leading In,:,0,Won In,:,207,Trailing In,:,0,,,,,,,,,,,,,,,,,,,,
https://results.eci.gov.in/ResultAcGenMay2026/statewiseS258.htm,Leading In,:,0,,,,,,,,,,,,,,,,,,,,,,,,,,,,
https://results.eci.gov.in/ResultAcGenMay2026/statewiseS258.htm,Won In,:,207,,,,,,,,,,,,,,,,,,,,,,,,,,,,
https://results.eci.gov.in/ResultAcGenMay2026/statewiseS258.htm,Trailing In,:,0,,,,,,,,,,,,,,,,,,,,,,,,,,,,
https://results.eci.gov.in/ResultAcGenMay2026/statewiseS258.htm,All India Trinamool Congress,i Party Wise State Trends Leading In : 0 Won In : 80 Trailing In : 0,Leading In,:,0,Won In,:,80,Trailing In,:,0,,,,,,,,,,,,,,,,,,,,
https://results.eci.gov.in/ResultAcGenMay2026/statewiseS258.htm,Leading In,:,0,,,,,,,,,,,,,,,,,,,,,,,,,,,,
https://results.eci.gov.in/ResultAcGenMay2026/statewiseS258.htm,Won In,:,80,,,,,,,,,,,,,,,,,,,,,,,,,,,,
https://results.eci.gov.in/ResultAcGenMay2026/statewiseS258.htm,Trailing In,:,0,,,,,,,,,,,,,,,,,,,,,,,,,,,,
https://results.eci.gov.in/ResultAcGenMay2026/statewiseS258.htm,KATULPUR,256,LAKSHMI KANTA MAJUMDAR,Bharatiya Janata Party i Party Wise State Trends Leading In : 0 Won In : 207 Trailing In : 0,Bharatiya Janata Party,i Party Wise State Trends Leading In : 0 Won In : 207 Trailing In : 0,Leading In,:,0,Won In,:,207,Trailing In,:,0,HARAKALI PROTIHER,All India Trinamool Congress i Party Wise State Trends Leading In : 0 Won In : 80 Trailing In : 0,All India Trinamool Congress,i Party Wise State Trends Leading In : 0 Won In : 80 Trailing In : 0,Leading In,:,0,Won In,:,80,Trailing In,:,0,34367,25/25,Result Declared
https://results.eci.gov.in/ResultAcGenMay2026/statewiseS258.htm,Bharatiya Janata Party,i Party Wise State Trends Leading In : 0 Won In : 207 Trailing In : 0,Leading In,:,0,Won In,:,207,Trailing In,:,0,,,,,,,,,,,,,,,,,,,,
https://results.eci.gov.in/ResultAcGenMay2026/statewiseS258.htm,Leading In,:,0,,,,,,,,,,,,,,,,,,,,,,,,,,,,
https://results.eci.gov.in/ResultAcGenMay2026/statewiseS258.htm,Won In,:,207,,,,,,,,,,,,,,,,,,,,,,,,,,,,
https://results.eci.gov.in/ResultAcGenMay2026/statewiseS258.htm,Trailing In,:,0,,,,,,,,,,,,,,,,,,,,,,,,,,,,
https://results.eci.gov.in/ResultAcGenMay2026/statewiseS258.htm,All India Trinamool Congress,i Party Wise State Trends Leading In : 0 Won In : 80 Trailing In : 0,Leading In,:,0,Won In,:,80,Trailing In,:,0,,,,,,,,,,,,,,,,,,,,
https://results.eci.gov.in/ResultAcGenMay2026/statewiseS258.htm,Leading In,:,0,,,,,,,,,,,,,,,,,,,,,,,,,,,,
https://results.eci.gov.in/ResultAcGenMay2026/statewiseS258.htm,Won In,:,80,,,,,,,,,,,,,,,,,,,,,,,,,,,,
https://results.eci.gov.in/ResultAcGenMay2026/statewiseS258.htm,Trailing In,:,0,,,,,,,,,,,,,,,,,,,,,,,,,,,,
https://results.eci.gov.in/ResultAcGenMay2026/statewiseS258.htm,KATWA,270,KRISHNA GHOSH,Bharatiya Janata Party i Party Wise State Trends Leading In : 0 Won In : 207 Trailing In : 0,Bharatiya Janata Party,i Party Wise State Trends Leading In : 0 Won In : 207 Trailing In : 0,Leading In,:,0,Won In,:,207,Trailing In,:,0,RABINDRANATH CHATTERJEE,All India Trinamool Congress i Party Wise State Trends Leading In : 0 Won In : 80 Trailing In : 0,All India Trinamool Congress,i Party Wise State Trends Leading In : 0 Won In : 80 Trailing In : 0,Leading In,:,0,Won In,:,80,Trailing In,:,0,35066,15/15,Result Declared
https://results.eci.gov.in/ResultAcGenMay2026/statewiseS258.htm,Bharatiya Janata Party,i Party Wise State Trends Leading In : 0 Won In : 207 Trailing In : 0,Leading In,:,0,Won In,:,207,Trailing In,:,0,,,,,,,,,,,,,,,,,,,,
https://results.eci.gov.in/ResultAcGenMay2026/statewiseS258.htm,Leading In,:,0,,,,,,,,,,,,,,,,,,,,,,,,,,,,
https://results.eci.gov.in/ResultAcGenMay2026/statewiseS258.htm,Won In,:,207,,,,,,,,,,,,,,,,,,,,,,,,,,,,
https://results.eci.gov.in/ResultAcGenMay2026/statewiseS258.htm,Trailing In,:,0,,,,,,,,,,,,,,,,,,,,,,,,,,,,
https://results.eci.gov.in/ResultAcGenMay2026/statewiseS258.htm,All India Trinamool Congress,i Party Wise State Trends Leading In : 0 Won In : 80 Trailing In : 0,Leading In,:,0,Won In,:,80,Trailing In,:,0,,,,,,,,,,,,,,,,,,,,
https://results.eci.gov.in/ResultAcGenMay2026/statewiseS258.htm,Leading In,:,0,,,,,,,,,,,,,,,,,,,,,,,,,,,,
https://results.eci.gov.in/ResultAcGenMay2026/statewiseS258.htm,Won In,:,80,,,,,,,,,,,,,,,,,,,,,,,,,,,,
https://results.eci.gov.in/ResultAcGenMay2026/statewiseS258.htm,Trailing In,:,0,,,,,,,,,,,,,,,,,,,,,,,,,,,,
https://results.eci.gov.in/ResultAcGenMay2026/statewiseS258.htm,KESHIARY,223,BHADRA HEMRAM,Bharatiya Janata Party i Party Wise State Trends Leading In : 0 Won In : 207 Trailing In : 0,Bharatiya Janata Party,i Party Wise State Trends Leading In : 0 Won In : 207 Trailing In : 0,Leading In,:,0,Won In,:,207,Trailing In,:,0,RAMJIBAN MANDI,All India Trinamool Congress i Party Wise State Trends Leading In : 0 Won In : 80 Trailing In : 0,All India Trinamool Congress,i Party Wise State Trends Leading In : 0 Won In : 80 Trailing In : 0,Leading In,:,0,Won In,:,80,Trailing In,:,0,15887,22/22,Result Declared
https://results.eci.gov.in/ResultAcGenMay2026/statewiseS258.htm,Bharatiya Janata Party,i Party Wise State Trends Leading In : 0 Won In : 207 Trailing In : 0,Leading In,:,0,Won In,:,207,Trailing In,:,0,,,,,,,,,,,,,,,,,,,,
https://results.eci.gov.in/ResultAcGenMay2026/statewiseS258.htm,Leading In,:,0,,,,,,,,,,,,,,,,,,,,,,,,,,,,
https://results.eci.gov.in/ResultAcGenMay2026/statewiseS258.htm,Won In,:,207,,,,,,,,,,,,,,,,,,,,,,,,,,,,
https://results.eci.gov.in/ResultAcGenMay2026/statewiseS258.htm,Trailing In,:,0,,,,,,,,,,,,,,,,,,,,,,,,,,,,
https://results.eci.gov.in/ResultAcGenMay2026/statewiseS258.htm,All India Trinamool Congress,i Party Wise State Trends Leading In : 0 Won In : 80 Trailing In : 0,Leading In,:,0,Won In,:,80,Trailing In,:,0,,,,,,,,,,,,,,,,,,,,
https://results.eci.gov.in/ResultAcGenMay2026/statewiseS258.htm,Leading In,:,0,,,,,,,,,,,,,,,,,,,,,,,,,,,,
https://results.eci.gov.in/ResultAcGenMay2026/statewiseS258.htm,Won In,:,80,,,,,,,,,,,,,,,,,,,,,,,,,,,,
https://results.eci.gov.in/ResultAcGenMay2026/statewiseS258.htm,Trailing In,:,0,,,,,,,,,,,,,,,,,,,,,,,,,,,,
https://results.eci.gov.in/ResultAcGenMay2026/statewiseS258.htm,KESHPUR,235,SEULI SAHA,All India Trinamool Congress i Party Wise State Trends Leading In : 0 Won In : 80 Trailing In : 0,All India Trinamool Congress,i Party Wise State Trends Leading In : 0 Won In : 80 Trailing In : 0,Leading In,:,0,Won In,:,80,Trailing In,:,0,SUVENDU SAMANTA,Bharatiya Janata Party i Party Wise State Trends Leading In : 0 Won In : 207 Trailing In : 0,Bharatiya Janata Party,i Party Wise State Trends Leading In : 0 Won In : 207 Trailing In : 0,Leading In,:,0,Won In,:,207,Trailing In,:,0,50105,23/23,Result Declared
https://results.eci.gov.in/ResultAcGenMay2026/statewiseS258.htm,All India Trinamool Congress,i Party Wise State Trends Leading In : 0 Won In : 80 Trailing In : 0,Leading In,:,0,Won In,:,80,Trailing In,:,0,,,,,,,,,,,,,,,,,,,,
https://results.eci.gov.in/ResultAcGenMay2026/statewiseS258.htm,Leading In,:,0,,,,,,,,,,,,,,,,,,,,,,,,,,,,
https://results.eci.gov.in/ResultAcGenMay2026/statewiseS258.htm,Won In,:,80,,,,,,,,,,,,,,,,,,,,,,,,,,,,
https://results.eci.gov.in/ResultAcGenMay2026/statewiseS258.htm,Trailing In,:,0,,,,,,,,,,,,,,,,,,,,,,,,,,,,
https://results.eci.gov.in/ResultAcGenMay2026/statewiseS258.htm,Bharatiya Janata Party,i Party Wise State Trends Leading In : 0 Won In : 207 Trailing In : 0,Leading In,:,0,Won In,:,207,Trailing In,:,0,,,,,,,,,,,,,,,,,,,,
https://results.eci.gov.in/ResultAcGenMay2026/statewiseS258.htm,Leading In,:,0,,,,,,,,,,,,,,,,,,,,,,,,,,,,
https://results.eci.gov.in/ResultAcGenMay2026/statewiseS258.htm,Won In,:,207,,,,,,,,,,,,,,,,,,,,,,,,,,,,
https://results.eci.gov.in/ResultAcGenMay2026/statewiseS258.htm,Trailing In,:,0,,,,,,,,,,,,,,,,,,,,,,,,,,,,
https://results.eci.gov.in/ResultAcGenMay2026/statewiseS258.htm,KETUGRAM,271,ANADI GHOSH,Bharatiya Janata Party i Party Wise State Trends Leading In : 0 Won In : 207 Trailing In : 0,Bharatiya Janata Party,i Party Wise State Trends Leading In : 0 Won In : 207 Trailing In : 0,Leading In,:,0,Won In,:,207,Trailing In,:,0,SEKH SAHONAWEZ,All India Trinamool Congress i Party Wise State Trends Leading In : 0 Won In : 80 Trailing In : 0,All India Trinamool Congress,i Party Wise State Trends Leading In : 0 Won In : 80 Trailing In : 0,Leading In,:,0,Won In,:,80,Trailing In,:,0,27610,16/16,Result Declared
https://results.eci.gov.in/ResultAcGenMay2026/statewiseS258.htm,Bharatiya Janata Party,i Party Wise State Trends Leading In : 0 Won In : 207 Trailing In : 0,Leading In,:,0,Won In,:,207,Trailing In,:,0,,,,,,,,,,,,,,,,,,,,
https://results.eci.gov.in/ResultAcGenMay2026/statewiseS258.htm,Leading In,:,0,,,,,,,,,,,,,,,,,,,,,,,,,,,,
https://results.eci.gov.in/ResultAcGenMay2026/statewiseS258.htm,Won In,:,207,,,,,,,,,,,,,,,,,,,,,,,,,,,,
https://results.eci.gov.in/ResultAcGenMay2026/statewiseS258.htm,Trailing In,:,0,,,,,,,,,,,,,,,,,,,,,,,,,,,,
https://results.eci.gov.in/ResultAcGenMay2026/statewiseS258.htm,All India Trinamool Congress,i Party Wise State Trends Leading In : 0 Won In : 80 Trailing In : 0,Leading In,:,0,Won In,:,80,Trailing In,:,0,,,,,,,,,,,,,,,,,,,,
https://results.eci.gov.in/ResultAcGenMay2026/statewiseS258.htm,Leading In,:,0,,,,,,,,,,,,,,,,,,,,,,,,,,,,
https://results.eci.gov.in/ResultAcGenMay2026/statewiseS258.htm,Won In,:,80,,,,,,,,,,,,,,,,,,,,,,,,,,,,
https://results.eci.gov.in/ResultAcGenMay2026/statewiseS258.htm,Trailing In,:,0,,,,,,,,,,,,,,,,,,,,,,,,,,,,
https://results.eci.gov.in/ResultAcGenMay2026/statewiseS258.htm,KHANAKUL,202,SUSANTA GHOSH,Bharatiya Janata Party i Party Wise State Trends Leading In : 0 Won In : 207 Trailing In : 0,Bharatiya Janata Party,i Party Wise State Trends Leading In : 0 Won In : 207 Trailing In : 0,Leading In,:,0,Won In,:,207,Trailing In,:,0,PALASH KUMAR ROY,All India Trinamool Congress i Party Wise State Trends Leading In : 0 Won In : 80 Trailing In : 0,All India Trinamool Congress,i Party Wise State Trends Leading In : 0 Won In : 80 Trailing In : 0,Leading In,:,0,Won In,:,80,Trailing In,:,0,34483,19/19,Result Declared
https://results.eci.gov.in/ResultAcGenMay2026/statewiseS258.htm,Bharatiya Janata Party,i Party Wise State Trends Leading In : 0 Won In : 207 Trailing In : 0,Leading In,:,0,Won In,:,207,Trailing In,:,0,,,,,,,,,,,,,,,,,,,,
https://results.eci.gov.in/ResultAcGenMay2026/statewiseS258.htm,Leading In,:,0,,,,,,,,,,,,,,,,,,,,,,,,,,,,
https://results.eci.gov.in/ResultAcGenMay2026/statewiseS258.htm,Won In,:,207,,,,,,,,,,,,,,,,,,,,,,,,,,,,
https://results.eci.gov.in/ResultAcGenMay2026/statewiseS258.htm,Trailing In,:,0,,,,,,,,,,,,,,,,,,,,,,,,,,,,
https://results.eci.gov.in/ResultAcGenMay2026/statewiseS258.htm,All India Trinamool Congress,i Party Wise State Trends Leading In : 0 Won In : 80 Trailing In : 0,Leading In,:,0,Won In,:,80,Trailing In,:,0,,,,,,,,,,,,,,,,,,,,
https://results.eci.gov.in/ResultAcGenMay2026/statewiseS258.htm,Leading In,:,0,,,,,,,,,,,,,,,,,,,,,,,,,,,,
https://results.eci.gov.in/ResultAcGenMay2026/statewiseS258.htm,Won In,:,80,,,,,,,,,,,,,,,,,,,,,,,,,,,,
https://results.eci.gov.in/ResultAcGenMay2026/statewiseS258.htm,Trailing In,:,0,,,,,,,,,,,,,,,,,,,,,,,,,,,,
https://results.eci.gov.in/ResultAcGenMay2026/statewiseS258.htm,KHANDAGHOSH,259,NABIN CHANDRA BAG,All India Trinamool Congress i Party Wise State Trends Leading In : 0 Won In : 80 Trailing In : 0,All India Trinamool Congress,i Party Wise State Trends Leading In : 0 Won In : 80 Trailing In : 0,Leading In,:,0,Won In,:,80,Trailing In,:,0,GOUTAM DHARA,Bharatiya Janata Party i Party Wise State Trends Leading In : 0 Won In : 207 Trailing In : 0,Bharatiya Janata Party,i Party Wise State Trends Leading In : 0 Won In : 207 Trailing In : 0,Leading In,:,0,Won In,:,207,Trailing In,:,0,8284,14/14,Result Declared
https://results.eci.gov.in/ResultAcGenMay2026/statewiseS258.htm,All India Trinamool Congress,i Party Wise State Trends Leading In : 0 Won In : 80 Trailing In : 0,Leading In,:,0,Won In,:,80,Trailing In,:,0,,,,,,,,,,,,,,,,,,,,
https://results.eci.gov.in/ResultAcGenMay2026/statewiseS258.htm,Leading In,:,0,,,,,,,,,,,,,,,,,,,,,,,,,,,,
https://results.eci.gov.in/ResultAcGenMay2026/statewiseS258.htm,Won In,:,80,,,,,,,,,,,,,,,,,,,,,,,,,,,,
https://results.eci.gov.in/ResultAcGenMay2026/statewiseS258.htm,Trailing In,:,0,,,,,,,,,,,,,,,,,,,,,,,,,,,,
https://results.eci.gov.in/ResultAcGenMay2026/statewiseS258.htm,Bharatiya Janata Party,i Party Wise State Trends Leading In : 0 Won In : 207 Trailing In : 0,Leading In,:,0,Won In,:,207,Trailing In,:,0,,,,,,,,,,,,,,,,,,,,
https://results.eci.gov.in/ResultAcGenMay2026/statewiseS258.htm,Leading In,:,0,,,,,,,,,,,,,,,,,,,,,,,,,,,,
https://results.eci.gov.in/ResultAcGenMay2026/statewiseS258.htm,Won In,:,207,,,,,,,,,,,,,,,,,,,,,,,,,,,,
https://results.eci.gov.in/ResultAcGenMay2026/statewiseS258.htm,Trailing In,:,0,,,,,,,,,,,,,,,,,,,,,,,,,,,,
https://results.eci.gov.in/ResultAcGenMay2026/statewiseS258.htm,KHARAGPUR,228,DINEN ROY,All India Trinamool Congress i Party Wise State Trends Leading In : 0 Won In : 80 Trailing In : 0,All India Trinamool Congress,i Party Wise State Trends Leading In : 0 Won In : 80 Trailing In : 0,Leading In,:,0,Won In,:,80,Trailing In,:,0,TAPAN BHUYA,Bharatiya Janata Party i Party Wise State Trends Leading In : 0 Won In : 207 Trailing In : 0,Bharatiya Janata Party,i Party Wise State Trends Leading In : 0 Won In : 207 Trailing In : 0,Leading In,:,0,Won In,:,207,Trailing In,:,0,2872,19/19,Result Declared
https://results.eci.gov.in/ResultAcGenMay2026/statewiseS258.htm,All India Trinamool Congress,i Party Wise State Trends Leading In : 0 Won In : 80 Trailing In : 0,Leading In,:,0,Won In,:,80,Trailing In,:,0,,,,,,,,,,,,,,,,,,,,
https://results.eci.gov.in/ResultAcGenMay2026/statewiseS258.htm,Leading In,:,0,,,,,,,,,,,,,,,,,,,,,,,,,,,,
https://results.eci.gov.in/ResultAcGenMay2026/statewiseS258.htm,Won In,:,80,,,,,,,,,,,,,,,,,,,,,,,,,,,,
https://results.eci.gov.in/ResultAcGenMay2026/statewiseS258.htm,Trailing In,:,0,,,,,,,,,,,,,,,,,,,,,,,,,,,,
https://results.eci.gov.in/ResultAcGenMay2026/statewiseS258.htm,Bharatiya Janata Party,i Party Wise State Trends Leading In : 0 Won In : 207 Trailing In : 0,Leading In,:,0,Won In,:,207,Trailing In,:,0,,,,,,,,,,,,,,,,,,,,
https://results.eci.gov.in/ResultAcGenMay2026/statewiseS258.htm,Leading In,:,0,,,,,,,,,,,,,,,,,,,,,,,,,,,,
https://results.eci.gov.in/ResultAcGenMay2026/statewiseS258.htm,Won In,:,207,,,,,,,,,,,,,,,,,,,,,,,,,,,,
https://results.eci.gov.in/ResultAcGenMay2026/statewiseS258.htm,Trailing In,:,0,,,,,,,,,,,,,,,,,,,,,,,,,,,,
https://results.eci.gov.in/ResultAcGenMay2026/statewiseS258.htm,KHARAGPUR SADAR,224,DILIP GHOSH,Bharatiya Janata Party i Party Wise State Trends Leading In : 0 Won In : 207 Trailing In : 0,Bharatiya Janata Party,i Party Wise State Trends Leading In : 0 Won In : 207 Trailing In : 0,Leading In,:,0,Won In,:,207,Trailing In,:,0,PRADIP SARKAR,All India Trinamool Congress i Party Wise State Trends Leading In : 0 Won In : 80 Trailing In : 0,All India Trinamool Congress,i Party Wise State Trends Leading In : 0 Won In : 80 Trailing In : 0,Leading In,:,0,Won In,:,80,Trailing In,:,0,30506,20/20,Result Declared
https://results.eci.gov.in/ResultAcGenMay2026/statewiseS258.htm,Bharatiya Janata Party,i Party Wise State Trends Leading In : 0 Won In : 207 Trailing In : 0,Leading In,:,0,Won In,:,207,Trailing In,:,0,,,,,,,,,,,,,,,,,,,,
https://results.eci.gov.in/ResultAcGenMay2026/statewiseS258.htm,Leading In,:,0,,,,,,,,,,,,,,,,,,,,,,,,,,,,
https://results.eci.gov.in/ResultAcGenMay2026/statewiseS258.htm,Won In,:,207,,,,,,,,,,,,,,,,,,,,,,,,,,,,
https://results.eci.gov.in/ResultAcGenMay2026/statewiseS258.htm,Trailing In,:,0,,,,,,,,,,,,,,,,,,,,,,,,,,,,
https://results.eci.gov.in/ResultAcGenMay2026/statewiseS258.htm,All India Trinamool Congress,i Party Wise State Trends Leading In : 0 Won In : 80 Trailing In : 0,Leading In,:,0,Won In,:,80,Trailing In,:,0,,,,,,,,,,,,,,,,,,,,
https://results.eci.gov.in/ResultAcGenMay2026/statewiseS258.htm,Leading In,:,0,,,,,,,,,,,,,,,,,,,,,,,,,,,,
https://results.eci.gov.in/ResultAcGenMay2026/statewiseS258.htm,Won In,:,80,,,,,,,,,,,,,,,,,,,,,,,,,,,,
https://results.eci.gov.in/ResultAcGenMay2026/statewiseS258.htm,Trailing In,:,0,,,,,,,,,,,,,,,,,,,,,,,,,,,,
https://results.eci.gov.in/ResultAcGenMay2026/statewiseS258.htm,,,,,,,,,,,,,,,,,,,,,,,,,,,,,,,
https://results.eci.gov.in/ResultAcGenMay2026/statewiseS259.htm,Status Known For 293 out of 293 Constituencies,,,,,,,,,,,,,,,,,,,,,,,,,,,,,,
https://results.eci.gov.in/ResultAcGenMay2026/statewiseS259.htm,Constituency,Const. No.,Leading Candidate,Leading Party,Trailing Candidate,Trailing Party,Margin,Round,Status,,,,,,,,,,,,,,,,,,,,,,
https://results.eci.gov.in/ResultAcGenMay2026/statewiseS259.htm,KHARDAHA,109,KALYAN CHAKRABORTI,Bharatiya Janata Party i Party Wise State Trends Leading In : 0 Won In : 207 Trailing In : 0,Bharatiya Janata Party,i Party Wise State Trends Leading In : 0 Won In : 207 Trailing In : 0,Leading In,:,0,Won In,:,207,Trailing In,:,0,DEVADEEP PUROHIT,All India Trinamool Congress i Party Wise State Trends Leading In : 0 Won In : 80 Trailing In : 0,All India Trinamool Congress,i Party Wise State Trends Leading In : 0 Won In : 80 Trailing In : 0,Leading In,:,0,Won In,:,80,Trailing In,:,0,24486,13/13,Result Declared
https://results.eci.gov.in/ResultAcGenMay2026/statewiseS259.htm,Bharatiya Janata Party,i Party Wise State Trends Leading In : 0 Won In : 207 Trailing In : 0,Leading In,:,0,Won In,:,207,Trailing In,:,0,,,,,,,,,,,,,,,,,,,,
https://results.eci.gov.in/ResultAcGenMay2026/statewiseS259.htm,Leading In,:,0,,,,,,,,,,,,,,,,,,,,,,,,,,,,
https://results.eci.gov.in/ResultAcGenMay2026/statewiseS259.htm,Won In,:,207,,,,,,,,,,,,,,,,,,,,,,,,,,,,
https://results.eci.gov.in/ResultAcGenMay2026/statewiseS259.htm,Trailing In,:,0,,,,,,,,,,,,,,,,,,,,,,,,,,,,
https://results.eci.gov.in/ResultAcGenMay2026/statewiseS259.htm,All India Trinamool Congress,i Party Wise State Trends Leading In : 0 Won In : 80 Trailing In : 0,Leading In,:,0,Won In,:,80,Trailing In,:,0,,,,,,,,,,,,,,,,,,,,
https://results.eci.gov.in/ResultAcGenMay2026/statewiseS259.htm,Leading In,:,0,,,,,,,,,,,,,,,,,,,,,,,,,,,,
https://results.eci.gov.in/ResultAcGenMay2026/statewiseS259.htm,Won In,:,80,,,,,,,,,,,,,,,,,,,,,,,,,,,,
https://results.eci.gov.in/ResultAcGenMay2026/statewiseS259.htm,Trailing In,:,0,,,,,,,,,,,,,,,,,,,,,,,,,,,,
https://results.eci.gov.in/ResultAcGenMay2026/statewiseS259.htm,KHARGRAM,66,MITALI MAL,Bharatiya Janata Party i Party Wise State Trends Leading In : 0 Won In : 207 Trailing In : 0,Bharatiya Janata Party,i Party Wise State Trends Leading In : 0 Won In : 207 Trailing In : 0,Leading In,:,0,Won In,:,207,Trailing In,:,0,ASHIS MARJIT,All India Trinamool Congress i Party Wise State Trends Leading In : 0 Won In : 80 Trailing In : 0,All India Trinamool Congress,i Party Wise State Trends Leading In : 0 Won In : 80 Trailing In : 0,Leading In,:,0,Won In,:,80,Trailing In,:,0,9333,15/15,Result Declared
https://results.eci.gov.in/ResultAcGenMay2026/statewiseS259.htm,Bharatiya Janata Party,i Party Wise State Trends Leading In : 0 Won In : 207 Trailing In : 0,Leading In,:,0,Won In,:,207,Trailing In,:,0,,,,,,,,,,,,,,,,,,,,
https://results.eci.gov.in/ResultAcGenMay2026/statewiseS259.htm,Leading In,:,0,,,,,,,,,,,,,,,,,,,,,,,,,,,,
https://results.eci.gov.in/ResultAcGenMay2026/statewiseS259.htm,Won In,:,207,,,,,,,,,,,,,,,,,,,,,,,,,,,,
https://results.eci.gov.in/ResultAcGenMay2026/statewiseS259.htm,Trailing In,:,0,,,,,,,,,,,,,,,,,,,,,,,,,,,,
https://results.eci.gov.in/ResultAcGenMay2026/statewiseS259.htm,All India Trinamool Congress,i Party Wise State Trends Leading In : 0 Won In : 80 Trailing In : 0,Leading In,:,0,Won In,:,80,Trailing In,:,0,,,,,,,,,,,,,,,,,,,,
https://results.eci.gov.in/ResultAcGenMay2026/statewiseS259.htm,Leading In,:,0,,,,,,,,,,,,,,,,,,,,,,,,,,,,
https://results.eci.gov.in/ResultAcGenMay2026/statewiseS259.htm,Won In,:,80,,,,,,,,,,,,,,,,,,,,,,,,,,,,
https://results.eci.gov.in/ResultAcGenMay2026/statewiseS259.htm,Trailing In,:,0,,,,,,,,,,,,,,,,,,,,,,,,,,,,
https://results.eci.gov.in/ResultAcGenMay2026/statewiseS259.htm,KHEJURI,215,SUBRATA PAIK,Bharatiya Janata Party i Party Wise State Trends Leading In : 0 Won In : 207 Trailing In : 0,Bharatiya Janata Party,i Party Wise State Trends Leading In : 0 Won In : 207 Trailing In : 0,Leading In,:,0,Won In,:,207,Trailing In,:,0,RABIN CHANDRA MANDAL,All India Trinamool Congress i Party Wise State Trends Leading In : 0 Won In : 80 Trailing In : 0,All India Trinamool Congress,i Party Wise State Trends Leading In : 0 Won In : 80 Trailing In : 0,Leading In,:,0,Won In,:,80,Trailing In,:,0,32690,22/22,Result Declared
https://results.eci.gov.in/ResultAcGenMay2026/statewiseS259.htm,Bharatiya Janata Party,i Party Wise State Trends Leading In : 0 Won In : 207 Trailing In : 0,Leading In,:,0,Won In,:,207,Trailing In,:,0,,,,,,,,,,,,,,,,,,,,
https://results.eci.gov.in/ResultAcGenMay2026/statewiseS259.htm,Leading In,:,0,,,,,,,,,,,,,,,,,,,,,,,,,,,,
https://results.eci.gov.in/ResultAcGenMay2026/statewiseS259.htm,Won In,:,207,,,,,,,,,,,,,,,,,,,,,,,,,,,,
https://results.eci.gov.in/ResultAcGenMay2026/statewiseS259.htm,Trailing In,:,0,,,,,,,,,,,,,,,,,,,,,,,,,,,,
https://results.eci.gov.in/ResultAcGenMay2026/statewiseS259.htm,All India Trinamool Congress,i Party Wise State Trends Leading In : 0 Won In : 80 Trailing In : 0,Leading In,:,0,Won In,:,80,Trailing In,:,0,,,,,,,,,,,,,,,,,,,,
https://results.eci.gov.in/ResultAcGenMay2026/statewiseS259.htm,Leading In,:,0,,,,,,,,,,,,,,,,,,,,,,,,,,,,
https://results.eci.gov.in/ResultAcGenMay2026/statewiseS259.htm,Won In,:,80,,,,,,,,,,,,,,,,,,,,,,,,,,,,
https://results.eci.gov.in/ResultAcGenMay2026/statewiseS259.htm,Trailing In,:,0,,,,,,,,,,,,,,,,,,,,,,,,,,,,
https://results.eci.gov.in/ResultAcGenMay2026/statewiseS259.htm,KOLKATA PORT,158,FIRHAD HAKIM,All India Trinamool Congress i Party Wise State Trends Leading In : 0 Won In : 80 Trailing In : 0,All India Trinamool Congress,i Party Wise State Trends Leading In : 0 Won In : 80 Trailing In : 0,Leading In,:,0,Won In,:,80,Trailing In,:,0,RAKESH SINGH,Bharatiya Janata Party i Party Wise State Trends Leading In : 0 Won In : 207 Trailing In : 0,Bharatiya Janata Party,i Party Wise State Trends Leading In : 0 Won In : 207 Trailing In : 0,Leading In,:,0,Won In,:,207,Trailing In,:,0,56080,19/19,Result Declared
https://results.eci.gov.in/ResultAcGenMay2026/statewiseS259.htm,All India Trinamool Congress,i Party Wise State Trends Leading In : 0 Won In : 80 Trailing In : 0,Leading In,:,0,Won In,:,80,Trailing In,:,0,,,,,,,,,,,,,,,,,,,,
https://results.eci.gov.in/ResultAcGenMay2026/statewiseS259.htm,Leading In,:,0,,,,,,,,,,,,,,,,,,,,,,,,,,,,
https://results.eci.gov.in/ResultAcGenMay2026/statewiseS259.htm,Won In,:,80,,,,,,,,,,,,,,,,,,,,,,,,,,,,
https://results.eci.gov.in/ResultAcGenMay2026/statewiseS259.htm,Trailing In,:,0,,,,,,,,,,,,,,,,,,,,,,,,,,,,
https://results.eci.gov.in/ResultAcGenMay2026/statewiseS259.htm,Bharatiya Janata Party,i Party Wise State Trends Leading In : 0 Won In : 207 Trailing In : 0,Leading In,:,0,Won In,:,207,Trailing In,:,0,,,,,,,,,,,,,,,,,,,,
https://results.eci.gov.in/ResultAcGenMay2026/statewiseS259.htm,Leading In,:,0,,,,,,,,,,,,,,,,,,,,,,,,,,,,
https://results.eci.gov.in/ResultAcGenMay2026/statewiseS259.htm,Won In,:,207,,,,,,,,,,,,,,,,,,,,,,,,,,,,
https://results.eci.gov.in/ResultAcGenMay2026/statewiseS259.htm,Trailing In,:,0,,,,,,,,,,,,,,,,,,,,,,,,,,,,
https://results.eci.gov.in/ResultAcGenMay2026/statewiseS259.htm,KRISHNAGANJ,88,SUKANTA BISWAS,Bharatiya Janata Party i Party Wise State Trends Leading In : 0 Won In : 207 Trailing In : 0,Bharatiya Janata Party,i Party Wise State Trends Leading In : 0 Won In : 207 Trailing In : 0,Leading In,:,0,Won In,:,207,Trailing In,:,0,SAMIR KUMAR PODDAR,All India Trinamool Congress i Party Wise State Trends Leading In : 0 Won In : 80 Trailing In : 0,All India Trinamool Congress,i Party Wise State Trends Leading In : 0 Won In : 80 Trailing In : 0,Leading In,:,0,Won In,:,80,Trailing In,:,0,60899,15/15,Result Declared
https://results.eci.gov.in/ResultAcGenMay2026/statewiseS259.htm,Bharatiya Janata Party,i Party Wise State Trends Leading In : 0 Won In : 207 Trailing In : 0,Leading In,:,0,Won In,:,207,Trailing In,:,0,,,,,,,,,,,,,,,,,,,,
https://results.eci.gov.in/ResultAcGenMay2026/statewiseS259.htm,Leading In,:,0,,,,,,,,,,,,,,,,,,,,,,,,,,,,
https://results.eci.gov.in/ResultAcGenMay2026/statewiseS259.htm,Won In,:,207,,,,,,,,,,,,,,,,,,,,,,,,,,,,
https://results.eci.gov.in/ResultAcGenMay2026/statewiseS259.htm,Trailing In,:,0,,,,,,,,,,,,,,,,,,,,,,,,,,,,
https://results.eci.gov.in/ResultAcGenMay2026/statewiseS259.htm,All India Trinamool Congress,i Party Wise State Trends Leading In : 0 Won In : 80 Trailing In : 0,Leading In,:,0,Won In,:,80,Trailing In,:,0,,,,,,,,,,,,,,,,,,,,
https://results.eci.gov.in/ResultAcGenMay2026/statewiseS259.htm,Leading In,:,0,,,,,,,,,,,,,,,,,,,,,,,,,,,,
https://results.eci.gov.in/ResultAcGenMay2026/statewiseS259.htm,Won In,:,80,,,,,,,,,,,,,,,,,,,,,,,,,,,,
https://results.eci.gov.in/ResultAcGenMay2026/statewiseS259.htm,Trailing In,:,0,,,,,,,,,,,,,,,,,,,,,,,,,,,,
https://results.eci.gov.in/ResultAcGenMay2026/statewiseS259.htm,KRISHNANAGAR DAKSHIN,85,SADHAN GHOSH,Bharatiya Janata Party i Party Wise State Trends Leading In : 0 Won In : 207 Trailing In : 0,Bharatiya Janata Party,i Party Wise State Trends Leading In : 0 Won In : 207 Trailing In : 0,Leading In,:,0,Won In,:,207,Trailing In,:,0,UJJAL BISWAS,All India Trinamool Congress i Party Wise State Trends Leading In : 0 Won In : 80 Trailing In : 0,All India Trinamool Congress,i Party Wise State Trends Leading In : 0 Won In : 80 Trailing In : 0,Leading In,:,0,Won In,:,80,Trailing In,:,0,27801,14/14,Result Declared
https://results.eci.gov.in/ResultAcGenMay2026/statewiseS259.htm,Bharatiya Janata Party,i Party Wise State Trends Leading In : 0 Won In : 207 Trailing In : 0,Leading In,:,0,Won In,:,207,Trailing In,:,0,,,,,,,,,,,,,,,,,,,,
https://results.eci.gov.in/ResultAcGenMay2026/statewiseS259.htm,Leading In,:,0,,,,,,,,,,,,,,,,,,,,,,,,,,,,
https://results.eci.gov.in/ResultAcGenMay2026/statewiseS259.htm,Won In,:,207,,,,,,,,,,,,,,,,,,,,,,,,,,,,
https://results.eci.gov.in/ResultAcGenMay2026/statewiseS259.htm,Trailing In,:,0,,,,,,,,,,,,,,,,,,,,,,,,,,,,
https://results.eci.gov.in/ResultAcGenMay2026/statewiseS259.htm,All India Trinamool Congress,i Party Wise State Trends Leading In : 0 Won In : 80 Trailing In : 0,Leading In,:,0,Won In,:,80,Trailing In,:,0,,,,,,,,,,,,,,,,,,,,
https://results.eci.gov.in/ResultAcGenMay2026/statewiseS259.htm,Leading In,:,0,,,,,,,,,,,,,,,,,,,,,,,,,,,,
https://results.eci.gov.in/ResultAcGenMay2026/statewiseS259.htm,Won In,:,80,,,,,,,,,,,,,,,,,,,,,,,,,,,,
https://results.eci.gov.in/ResultAcGenMay2026/statewiseS259.htm,Trailing In,:,0,,,,,,,,,,,,,,,,,,,,,,,,,,,,
https://results.eci.gov.in/ResultAcGenMay2026/statewiseS259.htm,KRISHNANAGAR UTTAR,83,TARAK NATH CHATTERJEE,Bharatiya Janata Party i Party Wise State Trends Leading In : 0 Won In : 207 Trailing In : 0,Bharatiya Janata Party,i Party Wise State Trends Leading In : 0 Won In : 207 Trailing In : 0,Leading In,:,0,Won In,:,207,Trailing In,:,0,SOMNATH DUTTA,All India Trinamool Congress i Party Wise State Trends Leading In : 0 Won In : 80 Trailing In : 0,All India Trinamool Congress,i Party Wise State Trends Leading In : 0 Won In : 80 Trailing In : 0,Leading In,:,0,Won In,:,80,Trailing In,:,0,78361,14/14,Result Declared
https://results.eci.gov.in/ResultAcGenMay2026/statewiseS259.htm,Bharatiya Janata Party,i Party Wise State Trends Leading In : 0 Won In : 207 Trailing In : 0,Leading In,:,0,Won In,:,207,Trailing In,:,0,,,,,,,,,,,,,,,,,,,,
https://results.eci.gov.in/ResultAcGenMay2026/statewiseS259.htm,Leading In,:,0,,,,,,,,,,,,,,,,,,,,,,,,,,,,
https://results.eci.gov.in/ResultAcGenMay2026/statewiseS259.htm,Won In,:,207,,,,,,,,,,,,,,,,,,,,,,,,,,,,
https://results.eci.gov.in/ResultAcGenMay2026/statewiseS259.htm,Trailing In,:,0,,,,,,,,,,,,,,,,,,,,,,,,,,,,
https://results.eci.gov.in/ResultAcGenMay2026/statewiseS259.htm,All India Trinamool Congress,i Party Wise State Trends Leading In : 0 Won In : 80 Trailing In : 0,Leading In,:,0,Won In,:,80,Trailing In,:,0,,,,,,,,,,,,,,,,,,,,
https://results.eci.gov.in/ResultAcGenMay2026/statewiseS259.htm,Leading In,:,0,,,,,,,,,,,,,,,,,,,,,,,,,,,,
https://results.eci.gov.in/ResultAcGenMay2026/statewiseS259.htm,Won In,:,80,,,,,,,,,,,,,,,,,,,,,,,,,,,,
https://results.eci.gov.in/ResultAcGenMay2026/statewiseS259.htm,Trailing In,:,0,,,,,,,,,,,,,,,,,,,,,,,,,,,,
https://results.eci.gov.in/ResultAcGenMay2026/statewiseS259.htm,KULPI,133,BARNALI DHARA,All India Trinamool Congress i Party Wise State Trends Leading In : 0 Won In : 80 Trailing In : 0,All India Trinamool Congress,i Party Wise State Trends Leading In : 0 Won In : 80 Trailing In : 0,Leading In,:,0,Won In,:,80,Trailing In,:,0,ABANI NASKAR,Bharatiya Janata Party i Party Wise State Trends Leading In : 0 Won In : 207 Trailing In : 0,Bharatiya Janata Party,i Party Wise State Trends Leading In : 0 Won In : 207 Trailing In : 0,Leading In,:,0,Won In,:,207,Trailing In,:,0,10383,19/19,Result Declared
https://results.eci.gov.in/ResultAcGenMay2026/statewiseS259.htm,All India Trinamool Congress,i Party Wise State Trends Leading In : 0 Won In : 80 Trailing In : 0,Leading In,:,0,Won In,:,80,Trailing In,:,0,,,,,,,,,,,,,,,,,,,,
https://results.eci.gov.in/ResultAcGenMay2026/statewiseS259.htm,Leading In,:,0,,,,,,,,,,,,,,,,,,,,,,,,,,,,
https://results.eci.gov.in/ResultAcGenMay2026/statewiseS259.htm,Won In,:,80,,,,,,,,,,,,,,,,,,,,,,,,,,,,
https://results.eci.gov.in/ResultAcGenMay2026/statewiseS259.htm,Trailing In,:,0,,,,,,,,,,,,,,,,,,,,,,,,,,,,
https://results.eci.gov.in/ResultAcGenMay2026/statewiseS259.htm,Bharatiya Janata Party,i Party Wise State Trends Leading In : 0 Won In : 207 Trailing In : 0,Leading In,:,0,Won In,:,207,Trailing In,:,0,,,,,,,,,,,,,,,,,,,,
https://results.eci.gov.in/ResultAcGenMay2026/statewiseS259.htm,Leading In,:,0,,,,,,,,,,,,,,,,,,,,,,,,,,,,
https://results.eci.gov.in/ResultAcGenMay2026/statewiseS259.htm,Won In,:,207,,,,,,,,,,,,,,,,,,,,,,,,,,,,
https://results.eci.gov.in/ResultAcGenMay2026/statewiseS259.htm,Trailing In,:,0,,,,,,,,,,,,,,,,,,,,,,,,,,,,
https://results.eci.gov.in/ResultAcGenMay2026/statewiseS259.htm,KULTALI,129,GANESH CHANDRA MONDAL,All India Trinamool Congress i Party Wise State Trends Leading In : 0 Won In : 80 Trailing In : 0,All India Trinamool Congress,i Party Wise State Trends Leading In : 0 Won In : 80 Trailing In : 0,Leading In,:,0,Won In,:,80,Trailing In,:,0,MADHABI MAHALDER,Bharatiya Janata Party i Party Wise State Trends Leading In : 0 Won In : 207 Trailing In : 0,Bharatiya Janata Party,i Party Wise State Trends Leading In : 0 Won In : 207 Trailing In : 0,Leading In,:,0,Won In,:,207,Trailing In,:,0,59276,19/19,Result Declared
https://results.eci.gov.in/ResultAcGenMay2026/statewiseS259.htm,All India Trinamool Congress,i Party Wise State Trends Leading In : 0 Won In : 80 Trailing In : 0,Leading In,:,0,Won In,:,80,Trailing In,:,0,,,,,,,,,,,,,,,,,,,,
https://results.eci.gov.in/ResultAcGenMay2026/statewiseS259.htm,Leading In,:,0,,,,,,,,,,,,,,,,,,,,,,,,,,,,
https://results.eci.gov.in/ResultAcGenMay2026/statewiseS259.htm,Won In,:,80,,,,,,,,,,,,,,,,,,,,,,,,,,,,
https://results.eci.gov.in/ResultAcGenMay2026/statewiseS259.htm,Trailing In,:,0,,,,,,,,,,,,,,,,,,,,,,,,,,,,
https://results.eci.gov.in/ResultAcGenMay2026/statewiseS259.htm,Bharatiya Janata Party,i Party Wise State Trends Leading In : 0 Won In : 207 Trailing In : 0,Leading In,:,0,Won In,:,207,Trailing In,:,0,,,,,,,,,,,,,,,,,,,,
https://results.eci.gov.in/ResultAcGenMay2026/statewiseS259.htm,Leading In,:,0,,,,,,,,,,,,,,,,,,,,,,,,,,,,
https://results.eci.gov.in/ResultAcGenMay2026/statewiseS259.htm,Won In,:,207,,,,,,,,,,,,,,,,,,,,,,,,,,,,
https://results.eci.gov.in/ResultAcGenMay2026/statewiseS259.htm,Trailing In,:,0,,,,,,,,,,,,,,,,,,,,,,,,,,,,
https://results.eci.gov.in/ResultAcGenMay2026/statewiseS259.htm,KULTI,282,AJAY KUMAR PODDAR,Bharatiya Janata Party i Party Wise State Trends Leading In : 0 Won In : 207 Trailing In : 0,Bharatiya Janata Party,i Party Wise State Trends Leading In : 0 Won In : 207 Trailing In : 0,Leading In,:,0,Won In,:,207,Trailing In,:,0,ABHIJIT GHATAK,All India Trinamool Congress i Party Wise State Trends Leading In : 0 Won In : 80 Trailing In : 0,All India Trinamool Congress,i Party Wise State Trends Leading In : 0 Won In : 80 Trailing In : 0,Leading In,:,0,Won In,:,80,Trailing In,:,0,26498,16/16,Result Declared
https://results.eci.gov.in/ResultAcGenMay2026/statewiseS259.htm,Bharatiya Janata Party,i Party Wise State Trends Leading In : 0 Won In : 207 Trailing In : 0,Leading In,:,0,Won In,:,207,Trailing In,:,0,,,,,,,,,,,,,,,,,,,,
https://results.eci.gov.in/ResultAcGenMay2026/statewiseS259.htm,Leading In,:,0,,,,,,,,,,,,,,,,,,,,,,,,,,,,
https://results.eci.gov.in/ResultAcGenMay2026/statewiseS259.htm,Won In,:,207,,,,,,,,,,,,,,,,,,,,,,,,,,,,
https://results.eci.gov.in/ResultAcGenMay2026/statewiseS259.htm,Trailing In,:,0,,,,,,,,,,,,,,,,,,,,,,,,,,,,
https://results.eci.gov.in/ResultAcGenMay2026/statewiseS259.htm,All India Trinamool Congress,i Party Wise State Trends Leading In : 0 Won In : 80 Trailing In : 0,Leading In,:,0,Won In,:,80,Trailing In,:,0,,,,,,,,,,,,,,,,,,,,
https://results.eci.gov.in/ResultAcGenMay2026/statewiseS259.htm,Leading In,:,0,,,,,,,,,,,,,,,,,,,,,,,,,,,,
https://results.eci.gov.in/ResultAcGenMay2026/statewiseS259.htm,Won In,:,80,,,,,,,,,,,,,,,,,,,,,,,,,,,,
https://results.eci.gov.in/ResultAcGenMay2026/statewiseS259.htm,Trailing In,:,0,,,,,,,,,,,,,,,,,,,,,,,,,,,,
https://results.eci.gov.in/ResultAcGenMay2026/statewiseS259.htm,KUMARGANJ,38,TORAF HOSSAIN MANDAL,All India Trinamool Congress i Party Wise State Trends Leading In : 0 Won In : 80 Trailing In : 0,All India Trinamool Congress,i Party Wise State Trends Leading In : 0 Won In : 80 Trailing In : 0,Leading In,:,0,Won In,:,80,Trailing In,:,0,SUBHENDU SARKAR,Bharatiya Janata Party i Party Wise State Trends Leading In : 0 Won In : 207 Trailing In : 0,Bharatiya Janata Party,i Party Wise State Trends Leading In : 0 Won In : 207 Trailing In : 0,Leading In,:,0,Won In,:,207,Trailing In,:,0,6685,17/17,Result Declared
https://results.eci.gov.in/ResultAcGenMay2026/statewiseS259.htm,All India Trinamool Congress,i Party Wise State Trends Leading In : 0 Won In : 80 Trailing In : 0,Leading In,:,0,Won In,:,80,Trailing In,:,0,,,,,,,,,,,,,,,,,,,,
https://results.eci.gov.in/ResultAcGenMay2026/statewiseS259.htm,Leading In,:,0,,,,,,,,,,,,,,,,,,,,,,,,,,,,
https://results.eci.gov.in/ResultAcGenMay2026/statewiseS259.htm,Won In,:,80,,,,,,,,,,,,,,,,,,,,,,,,,,,,
https://results.eci.gov.in/ResultAcGenMay2026/statewiseS259.htm,Trailing In,:,0,,,,,,,,,,,,,,,,,,,,,,,,,,,,
https://results.eci.gov.in/ResultAcGenMay2026/statewiseS259.htm,Bharatiya Janata Party,i Party Wise State Trends Leading In : 0 Won In : 207 Trailing In : 0,Leading In,:,0,Won In,:,207,Trailing In,:,0,,,,,,,,,,,,,,,,,,,,
https://results.eci.gov.in/ResultAcGenMay2026/statewiseS259.htm,Leading In,:,0,,,,,,,,,,,,,,,,,,,,,,,,,,,,
https://results.eci.gov.in/ResultAcGenMay2026/statewiseS259.htm,Won In,:,207,,,,,,,,,,,,,,,,,,,,,,,,,,,,
https://results.eci.gov.in/ResultAcGenMay2026/statewiseS259.htm,Trailing In,:,0,,,,,,,,,,,,,,,,,,,,,,,,,,,,
https://results.eci.gov.in/ResultAcGenMay2026/statewiseS259.htm,KUMARGRAM,10,MANOJ KUMAR ORAON,Bharatiya Janata Party i Party Wise State Trends Leading In : 0 Won In : 207 Trailing In : 0,Bharatiya Janata Party,i Party Wise State Trends Leading In : 0 Won In : 207 Trailing In : 0,Leading In,:,0,Won In,:,207,Trailing In,:,0,RAJEEV TIRKEY,All India Trinamool Congress i Party Wise State Trends Leading In : 0 Won In : 80 Trailing In : 0,All India Trinamool Congress,i Party Wise State Trends Leading In : 0 Won In : 80 Trailing In : 0,Leading In,:,0,Won In,:,80,Trailing In,:,0,52877,24/24,Result Declared
https://results.eci.gov.in/ResultAcGenMay2026/statewiseS259.htm,Bharatiya Janata Party,i Party Wise State Trends Leading In : 0 Won In : 207 Trailing In : 0,Leading In,:,0,Won In,:,207,Trailing In,:,0,,,,,,,,,,,,,,,,,,,,
https://results.eci.gov.in/ResultAcGenMay2026/statewiseS259.htm,Leading In,:,0,,,,,,,,,,,,,,,,,,,,,,,,,,,,
https://results.eci.gov.in/ResultAcGenMay2026/statewiseS259.htm,Won In,:,207,,,,,,,,,,,,,,,,,,,,,,,,,,,,
https://results.eci.gov.in/ResultAcGenMay2026/statewiseS259.htm,Trailing In,:,0,,,,,,,,,,,,,,,,,,,,,,,,,,,,
https://results.eci.gov.in/ResultAcGenMay2026/statewiseS259.htm,All India Trinamool Congress,i Party Wise State Trends Leading In : 0 Won In : 80 Trailing In : 0,Leading In,:,0,Won In,:,80,Trailing In,:,0,,,,,,,,,,,,,,,,,,,,
https://results.eci.gov.in/ResultAcGenMay2026/statewiseS259.htm,Leading In,:,0,,,,,,,,,,,,,,,,,,,,,,,,,,,,
https://results.eci.gov.in/ResultAcGenMay2026/statewiseS259.htm,Won In,:,80,,,,,,,,,,,,,,,,,,,,,,,,,,,,
https://results.eci.gov.in/ResultAcGenMay2026/statewiseS259.htm,Trailing In,:,0,,,,,,,,,,,,,,,,,,,,,,,,,,,,
https://results.eci.gov.in/ResultAcGenMay2026/statewiseS259.htm,KURSEONG,24,SONAM LAMA,Bharatiya Janata Party i Party Wise State Trends Leading In : 0 Won In : 207 Trailing In : 0,Bharatiya Janata Party,i Party Wise State Trends Leading In : 0 Won In : 207 Trailing In : 0,Leading In,:,0,Won In,:,207,Trailing In,:,0,AMAR LAMA,Bharatiya Gorkha Prajatantrik Morcha i Party Wise State Trends Leading In : 0 Won In : 0 Trailing In : 0,Bharatiya Gorkha Prajatantrik Morcha,i Party Wise State Trends Leading In : 0 Won In : 0 Trailing In : 0,Leading In,:,0,Won In,:,0,Trailing In,:,0,17007,15/15,Result Declared
https://results.eci.gov.in/ResultAcGenMay2026/statewiseS259.htm,Bharatiya Janata Party,i Party Wise State Trends Leading In : 0 Won In : 207 Trailing In : 0,Leading In,:,0,Won In,:,207,Trailing In,:,0,,,,,,,,,,,,,,,,,,,,
https://results.eci.gov.in/ResultAcGenMay2026/statewiseS259.htm,Leading In,:,0,,,,,,,,,,,,,,,,,,,,,,,,,,,,
https://results.eci.gov.in/ResultAcGenMay2026/statewiseS259.htm,Won In,:,207,,,,,,,,,,,,,,,,,,,,,,,,,,,,
https://results.eci.gov.in/ResultAcGenMay2026/statewiseS259.htm,Trailing In,:,0,,,,,,,,,,,,,,,,,,,,,,,,,,,,
https://results.eci.gov.in/ResultAcGenMay2026/statewiseS259.htm,Bharatiya Gorkha Prajatantrik Morcha,i Party Wise State Trends Leading In : 0 Won In : 0 Trailing In : 0,Leading In,:,0,Won In,:,0,Trailing In,:,0,,,,,,,,,,,,,,,,,,,,
https://results.eci.gov.in/ResultAcGenMay2026/statewiseS259.htm,Leading In,:,0,,,,,,,,,,,,,,,,,,,,,,,,,,,,
https://results.eci.gov.in/ResultAcGenMay2026/statewiseS259.htm,Won In,:,0,,,,,,,,,,,,,,,,,,,,,,,,,,,,
https://results.eci.gov.in/ResultAcGenMay2026/statewiseS259.htm,Trailing In,:,0,,,,,,,,,,,,,,,,,,,,,,,,,,,,
https://results.eci.gov.in/ResultAcGenMay2026/statewiseS259.htm,KUSHMANDI,37,TAPAS CHANDRA ROY,Bharatiya Janata Party i Party Wise State Trends Leading In : 0 Won In : 207 Trailing In : 0,Bharatiya Janata Party,i Party Wise State Trends Leading In : 0 Won In : 207 Trailing In : 0,Leading In,:,0,Won In,:,207,Trailing In,:,0,REKHA ROY,All India Trinamool Congress i Party Wise State Trends Leading In : 0 Won In : 80 Trailing In : 0,All India Trinamool Congress,i Party Wise State Trends Leading In : 0 Won In : 80 Trailing In : 0,Leading In,:,0,Won In,:,80,Trailing In,:,0,9063,20/20,Result Declared
https://results.eci.gov.in/ResultAcGenMay2026/statewiseS259.htm,Bharatiya Janata Party,i Party Wise State Trends Leading In : 0 Won In : 207 Trailing In : 0,Leading In,:,0,Won In,:,207,Trailing In,:,0,,,,,,,,,,,,,,,,,,,,
https://results.eci.gov.in/ResultAcGenMay2026/statewiseS259.htm,Leading In,:,0,,,,,,,,,,,,,,,,,,,,,,,,,,,,
https://results.eci.gov.in/ResultAcGenMay2026/statewiseS259.htm,Won In,:,207,,,,,,,,,,,,,,,,,,,,,,,,,,,,
https://results.eci.gov.in/ResultAcGenMay2026/statewiseS259.htm,Trailing In,:,0,,,,,,,,,,,,,,,,,,,,,,,,,,,,
https://results.eci.gov.in/ResultAcGenMay2026/statewiseS259.htm,All India Trinamool Congress,i Party Wise State Trends Leading In : 0 Won In : 80 Trailing In : 0,Leading In,:,0,Won In,:,80,Trailing In,:,0,,,,,,,,,,,,,,,,,,,,
https://results.eci.gov.in/ResultAcGenMay2026/statewiseS259.htm,Leading In,:,0,,,,,,,,,,,,,,,,,,,,,,,,,,,,
https://results.eci.gov.in/ResultAcGenMay2026/statewiseS259.htm,Won In,:,80,,,,,,,,,,,,,,,,,,,,,,,,,,,,
https://results.eci.gov.in/ResultAcGenMay2026/statewiseS259.htm,Trailing In,:,0,,,,,,,,,,,,,,,,,,,,,,,,,,,,
https://results.eci.gov.in/ResultAcGenMay2026/statewiseS259.htm,LABPUR,288,DEBASIS OJHA (HAKU DA),Bharatiya Janata Party i Party Wise State Trends Leading In : 0 Won In : 207 Trailing In : 0,Bharatiya Janata Party,i Party Wise State Trends Leading In : 0 Won In : 207 Trailing In : 0,Leading In,:,0,Won In,:,207,Trailing In,:,0,ABHIJIT SINHA (RANA),All India Trinamool Congress i Party Wise State Trends Leading In : 0 Won In : 80 Trailing In : 0,All India Trinamool Congress,i Party Wise State Trends Leading In : 0 Won In : 80 Trailing In : 0,Leading In,:,0,Won In,:,80,Trailing In,:,0,3550,21/21,Result Declared
https://results.eci.gov.in/ResultAcGenMay2026/statewiseS259.htm,Bharatiya Janata Party,i Party Wise State Trends Leading In : 0 Won In : 207 Trailing In : 0,Leading In,:,0,Won In,:,207,Trailing In,:,0,,,,,,,,,,,,,,,,,,,,
https://results.eci.gov.in/ResultAcGenMay2026/statewiseS259.htm,Leading In,:,0,,,,,,,,,,,,,,,,,,,,,,,,,,,,
https://results.eci.gov.in/ResultAcGenMay2026/statewiseS259.htm,Won In,:,207,,,,,,,,,,,,,,,,,,,,,,,,,,,,
https://results.eci.gov.in/ResultAcGenMay2026/statewiseS259.htm,Trailing In,:,0,,,,,,,,,,,,,,,,,,,,,,,,,,,,
https://results.eci.gov.in/ResultAcGenMay2026/statewiseS259.htm,All India Trinamool Congress,i Party Wise State Trends Leading In : 0 Won In : 80 Trailing In : 0,Leading In,:,0,Won In,:,80,Trailing In,:,0,,,,,,,,,,,,,,,,,,,,
https://results.eci.gov.in/ResultAcGenMay2026/statewiseS259.htm,Leading In,:,0,,,,,,,,,,,,,,,,,,,,,,,,,,,,
https://results.eci.gov.in/ResultAcGenMay2026/statewiseS259.htm,Won In,:,80,,,,,,,,,,,,,,,,,,,,,,,,,,,,
https://results.eci.gov.in/ResultAcGenMay2026/statewiseS259.htm,Trailing In,:,0,,,,,,,,,,,,,,,,,,,,,,,,,,,,
https://results.eci.gov.in/ResultAcGenMay2026/statewiseS259.htm,LALGOLA,61,ABDUL AZIZ DOCTOR,All India Trinamool Congress i Party Wise State Trends Leading In : 0 Won In : 80 Trailing In : 0,All India Trinamool Congress,i Party Wise State Trends Leading In : 0 Won In : 80 Trailing In : 0,Leading In,:,0,Won In,:,80,Trailing In,:,0,TOUHIDUR RAHAMAN SUMAN,Indian National Congress i Party Wise State Trends Leading In : 0 Won In : 2 Trailing In : 0,Indian National Congress,i Party Wise State Trends Leading In : 0 Won In : 2 Trailing In : 0,Leading In,:,0,Won In,:,2,Trailing In,:,0,18960,20/20,Result Declared
https://results.eci.gov.in/ResultAcGenMay2026/statewiseS259.htm,All India Trinamool Congress,i Party Wise State Trends Leading In : 0 Won In : 80 Trailing In : 0,Leading In,:,0,Won In,:,80,Trailing In,:,0,,,,,,,,,,,,,,,,,,,,
https://results.eci.gov.in/ResultAcGenMay2026/statewiseS259.htm,Leading In,:,0,,,,,,,,,,,,,,,,,,,,,,,,,,,,
https://results.eci.gov.in/ResultAcGenMay2026/statewiseS259.htm,Won In,:,80,,,,,,,,,,,,,,,,,,,,,,,,,,,,
https://results.eci.gov.in/ResultAcGenMay2026/statewiseS259.htm,Trailing In,:,0,,,,,,,,,,,,,,,,,,,,,,,,,,,,
https://results.eci.gov.in/ResultAcGenMay2026/statewiseS259.htm,Indian National Congress,i Party Wise State Trends Leading In : 0 Won In : 2 Trailing In : 0,Leading In,:,0,Won In,:,2,Trailing In,:,0,,,,,,,,,,,,,,,,,,,,
https://results.eci.gov.in/ResultAcGenMay2026/statewiseS259.htm,Leading In,:,0,,,,,,,,,,,,,,,,,,,,,,,,,,,,
https://results.eci.gov.in/ResultAcGenMay2026/statewiseS259.htm,Won In,:,2,,,,,,,,,,,,,,,,,,,,,,,,,,,,
https://results.eci.gov.in/ResultAcGenMay2026/statewiseS259.htm,Trailing In,:,0,,,,,,,,,,,,,,,,,,,,,,,,,,,,
https://results.eci.gov.in/ResultAcGenMay2026/statewiseS259.htm,MADARIHAT,14,LAXUMAN LIMBU,Bharatiya Janata Party i Party Wise State Trends Leading In : 0 Won In : 207 Trailing In : 0,Bharatiya Janata Party,i Party Wise State Trends Leading In : 0 Won In : 207 Trailing In : 0,Leading In,:,0,Won In,:,207,Trailing In,:,0,JAYPRAKASH TOPPO,All India Trinamool Congress i Party Wise State Trends Leading In : 0 Won In : 80 Trailing In : 0,All India Trinamool Congress,i Party Wise State Trends Leading In : 0 Won In : 80 Trailing In : 0,Leading In,:,0,Won In,:,80,Trailing In,:,0,40910,19/19,Result Declared
https://results.eci.gov.in/ResultAcGenMay2026/statewiseS259.htm,Bharatiya Janata Party,i Party Wise State Trends Leading In : 0 Won In : 207 Trailing In : 0,Leading In,:,0,Won In,:,207,Trailing In,:,0,,,,,,,,,,,,,,,,,,,,
https://results.eci.gov.in/ResultAcGenMay2026/statewiseS259.htm,Leading In,:,0,,,,,,,,,,,,,,,,,,,,,,,,,,,,
https://results.eci.gov.in/ResultAcGenMay2026/statewiseS259.htm,Won In,:,207,,,,,,,,,,,,,,,,,,,,,,,,,,,,
https://results.eci.gov.in/ResultAcGenMay2026/statewiseS259.htm,Trailing In,:,0,,,,,,,,,,,,,,,,,,,,,,,,,,,,
https://results.eci.gov.in/ResultAcGenMay2026/statewiseS259.htm,All India Trinamool Congress,i Party Wise State Trends Leading In : 0 Won In : 80 Trailing In : 0,Leading In,:,0,Won In,:,80,Trailing In,:,0,,,,,,,,,,,,,,,,,,,,
https://results.eci.gov.in/ResultAcGenMay2026/statewiseS259.htm,Leading In,:,0,,,,,,,,,,,,,,,,,,,,,,,,,,,,
https://results.eci.gov.in/ResultAcGenMay2026/statewiseS259.htm,Won In,:,80,,,,,,,,,,,,,,,,,,,,,,,,,,,,
https://results.eci.gov.in/ResultAcGenMay2026/statewiseS259.htm,Trailing In,:,0,,,,,,,,,,,,,,,,,,,,,,,,,,,,
https://results.eci.gov.in/ResultAcGenMay2026/statewiseS259.htm,MADHYAMGRAM,118,RATHIN GHOSH,All India Trinamool Congress i Party Wise State Trends Leading In : 0 Won In : 80 Trailing In : 0,All India Trinamool Congress,i Party Wise State Trends Leading In : 0 Won In : 80 Trailing In : 0,Leading In,:,0,Won In,:,80,Trailing In,:,0,ANINDYA BANERJEE,Bharatiya Janata Party i Party Wise State Trends Leading In : 0 Won In : 207 Trailing In : 0,Bharatiya Janata Party,i Party Wise State Trends Leading In : 0 Won In : 207 Trailing In : 0,Leading In,:,0,Won In,:,207,Trailing In,:,0,2399,17/17,Result Declared
https://results.eci.gov.in/ResultAcGenMay2026/statewiseS259.htm,All India Trinamool Congress,i Party Wise State Trends Leading In : 0 Won In : 80 Trailing In : 0,Leading In,:,0,Won In,:,80,Trailing In,:,0,,,,,,,,,,,,,,,,,,,,
https://results.eci.gov.in/ResultAcGenMay2026/statewiseS259.htm,Leading In,:,0,,,,,,,,,,,,,,,,,,,,,,,,,,,,
https://results.eci.gov.in/ResultAcGenMay2026/statewiseS259.htm,Won In,:,80,,,,,,,,,,,,,,,,,,,,,,,,,,,,
https://results.eci.gov.in/ResultAcGenMay2026/statewiseS259.htm,Trailing In,:,0,,,,,,,,,,,,,,,,,,,,,,,,,,,,
https://results.eci.gov.in/ResultAcGenMay2026/statewiseS259.htm,Bharatiya Janata Party,i Party Wise State Trends Leading In : 0 Won In : 207 Trailing In : 0,Leading In,:,0,Won In,:,207,Trailing In,:,0,,,,,,,,,,,,,,,,,,,,
https://results.eci.gov.in/ResultAcGenMay2026/statewiseS259.htm,Leading In,:,0,,,,,,,,,,,,,,,,,,,,,,,,,,,,
https://results.eci.gov.in/ResultAcGenMay2026/statewiseS259.htm,Won In,:,207,,,,,,,,,,,,,,,,,,,,,,,,,,,,
https://results.eci.gov.in/ResultAcGenMay2026/statewiseS259.htm,Trailing In,:,0,,,,,,,,,,,,,,,,,,,,,,,,,,,,
https://results.eci.gov.in/ResultAcGenMay2026/statewiseS259.htm,MAGRAHAT PASCHIM,142,MD. SAMIM AHAMED MOLLA,All India Trinamool Congress i Party Wise State Trends Leading In : 0 Won In : 80 Trailing In : 0,All India Trinamool Congress,i Party Wise State Trends Leading In : 0 Won In : 80 Trailing In : 0,Leading In,:,0,Won In,:,80,Trailing In,:,0,GOURSUNDAR GHOSH,Bharatiya Janata Party i Party Wise State Trends Leading In : 0 Won In : 207 Trailing In : 0,Bharatiya Janata Party,i Party Wise State Trends Leading In : 0 Won In : 207 Trailing In : 0,Leading In,:,0,Won In,:,207,Trailing In,:,0,58503,19/19,Result Declared
https://results.eci.gov.in/ResultAcGenMay2026/statewiseS259.htm,All India Trinamool Congress,i Party Wise State Trends Leading In : 0 Won In : 80 Trailing In : 0,Leading In,:,0,Won In,:,80,Trailing In,:,0,,,,,,,,,,,,,,,,,,,,
https://results.eci.gov.in/ResultAcGenMay2026/statewiseS259.htm,Leading In,:,0,,,,,,,,,,,,,,,,,,,,,,,,,,,,
https://results.eci.gov.in/ResultAcGenMay2026/statewiseS259.htm,Won In,:,80,,,,,,,,,,,,,,,,,,,,,,,,,,,,
https://results.eci.gov.in/ResultAcGenMay2026/statewiseS259.htm,Trailing In,:,0,,,,,,,,,,,,,,,,,,,,,,,,,,,,
https://results.eci.gov.in/ResultAcGenMay2026/statewiseS259.htm,Bharatiya Janata Party,i Party Wise State Trends Leading In : 0 Won In : 207 Trailing In : 0,Leading In,:,0,Won In,:,207,Trailing In,:,0,,,,,,,,,,,,,,,,,,,,
https://results.eci.gov.in/ResultAcGenMay2026/statewiseS259.htm,Leading In,:,0,,,,,,,,,,,,,,,,,,,,,,,,,,,,
https://results.eci.gov.in/ResultAcGenMay2026/statewiseS259.htm,Won In,:,207,,,,,,,,,,,,,,,,,,,,,,,,,,,,
https://results.eci.gov.in/ResultAcGenMay2026/statewiseS259.htm,Trailing In,:,0,,,,,,,,,,,,,,,,,,,,,,,,,,,,
https://results.eci.gov.in/ResultAcGenMay2026/statewiseS259.htm,MAGRAHAT PURBA,141,SARMISTHA PURKAIT,All India Trinamool Congress i Party Wise State Trends Leading In : 0 Won In : 80 Trailing In : 0,All India Trinamool Congress,i Party Wise State Trends Leading In : 0 Won In : 80 Trailing In : 0,Leading In,:,0,Won In,:,80,Trailing In,:,0,UTTAM KUMAR BANIK,Bharatiya Janata Party i Party Wise State Trends Leading In : 0 Won In : 207 Trailing In : 0,Bharatiya Janata Party,i Party Wise State Trends Leading In : 0 Won In : 207 Trailing In : 0,Leading In,:,0,Won In,:,207,Trailing In,:,0,31607,21/21,Result Declared
https://results.eci.gov.in/ResultAcGenMay2026/statewiseS259.htm,All India Trinamool Congress,i Party Wise State Trends Leading In : 0 Won In : 80 Trailing In : 0,Leading In,:,0,Won In,:,80,Trailing In,:,0,,,,,,,,,,,,,,,,,,,,
https://results.eci.gov.in/ResultAcGenMay2026/statewiseS259.htm,Leading In,:,0,,,,,,,,,,,,,,,,,,,,,,,,,,,,
https://results.eci.gov.in/ResultAcGenMay2026/statewiseS259.htm,Won In,:,80,,,,,,,,,,,,,,,,,,,,,,,,,,,,
https://results.eci.gov.in/ResultAcGenMay2026/statewiseS259.htm,Trailing In,:,0,,,,,,,,,,,,,,,,,,,,,,,,,,,,
https://results.eci.gov.in/ResultAcGenMay2026/statewiseS259.htm,Bharatiya Janata Party,i Party Wise State Trends Leading In : 0 Won In : 207 Trailing In : 0,Leading In,:,0,Won In,:,207,Trailing In,:,0,,,,,,,,,,,,,,,,,,,,
https://results.eci.gov.in/ResultAcGenMay2026/statewiseS259.htm,Leading In,:,0,,,,,,,,,,,,,,,,,,,,,,,,,,,,
https://results.eci.gov.in/ResultAcGenMay2026/statewiseS259.htm,Won In,:,207,,,,,,,,,,,,,,,,,,,,,,,,,,,,
https://results.eci.gov.in/ResultAcGenMay2026/statewiseS259.htm,Trailing In,:,0,,,,,,,,,,,,,,,,,,,,,,,,,,,,
https://results.eci.gov.in/ResultAcGenMay2026/statewiseS259.htm,,,,,,,,,,,,,,,,,,,,,,,,,,,,,,,
https://results.eci.gov.in/ResultAcGenMay2026/statewiseS2510.htm,Status Known For 293 out of 293 Constituencies,,,,,,,,,,,,,,,,,,,,,,,,,,,,,,
https://results.eci.gov.in/ResultAcGenMay2026/statewiseS2510.htm,Constituency,Const. No.,Leading Candidate,Leading Party,Trailing Candidate,Trailing Party,Margin,Round,Status,,,,,,,,,,,,,,,,,,,,,,
https://results.eci.gov.in/ResultAcGenMay2026/statewiseS2510.htm,MAHESHTALA,155,SUBHASIS DAS,All India Trinamool Congress i Party Wise State Trends Leading In : 0 Won In : 80 Trailing In : 0,All India Trinamool Congress,i Party Wise State Trends Leading In : 0 Won In : 80 Trailing In : 0,Leading In,:,0,Won In,:,80,Trailing In,:,0,TAMANATH BHOWMICK,Bharatiya Janata Party i Party Wise State Trends Leading In : 0 Won In : 207 Trailing In : 0,Bharatiya Janata Party,i Party Wise State Trends Leading In : 0 Won In : 207 Trailing In : 0,Leading In,:,0,Won In,:,207,Trailing In,:,0,32913,17/17,Result Declared
https://results.eci.gov.in/ResultAcGenMay2026/statewiseS2510.htm,All India Trinamool Congress,i Party Wise State Trends Leading In : 0 Won In : 80 Trailing In : 0,Leading In,:,0,Won In,:,80,Trailing In,:,0,,,,,,,,,,,,,,,,,,,,
https://results.eci.gov.in/ResultAcGenMay2026/statewiseS2510.htm,Leading In,:,0,,,,,,,,,,,,,,,,,,,,,,,,,,,,
https://results.eci.gov.in/ResultAcGenMay2026/statewiseS2510.htm,Won In,:,80,,,,,,,,,,,,,,,,,,,,,,,,,,,,
https://results.eci.gov.in/ResultAcGenMay2026/statewiseS2510.htm,Trailing In,:,0,,,,,,,,,,,,,,,,,,,,,,,,,,,,
https://results.eci.gov.in/ResultAcGenMay2026/statewiseS2510.htm,Bharatiya Janata Party,i Party Wise State Trends Leading In : 0 Won In : 207 Trailing In : 0,Leading In,:,0,Won In,:,207,Trailing In,:,0,,,,,,,,,,,,,,,,,,,,
https://results.eci.gov.in/ResultAcGenMay2026/statewiseS2510.htm,Leading In,:,0,,,,,,,,,,,,,,,,,,,,,,,,,,,,
https://results.eci.gov.in/ResultAcGenMay2026/statewiseS2510.htm,Won In,:,207,,,,,,,,,,,,,,,,,,,,,,,,,,,,
https://results.eci.gov.in/ResultAcGenMay2026/statewiseS2510.htm,Trailing In,:,0,,,,,,,,,,,,,,,,,,,,,,,,,,,,
https://results.eci.gov.in/ResultAcGenMay2026/statewiseS2510.htm,MAHISADAL,208,SUBHAS CHANDRA PANJA,Bharatiya Janata Party i Party Wise State Trends Leading In : 0 Won In : 207 Trailing In : 0,Bharatiya Janata Party,i Party Wise State Trends Leading In : 0 Won In : 207 Trailing In : 0,Leading In,:,0,Won In,:,207,Trailing In,:,0,TILAK KUMAR CHAKRABORTY,All India Trinamool Congress i Party Wise State Trends Leading In : 0 Won In : 80 Trailing In : 0,All India Trinamool Congress,i Party Wise State Trends Leading In : 0 Won In : 80 Trailing In : 0,Leading In,:,0,Won In,:,80,Trailing In,:,0,26238,22/22,Result Declared
https://results.eci.gov.in/ResultAcGenMay2026/statewiseS2510.htm,Bharatiya Janata Party,i Party Wise State Trends Leading In : 0 Won In : 207 Trailing In : 0,Leading In,:,0,Won In,:,207,Trailing In,:,0,,,,,,,,,,,,,,,,,,,,
https://results.eci.gov.in/ResultAcGenMay2026/statewiseS2510.htm,Leading In,:,0,,,,,,,,,,,,,,,,,,,,,,,,,,,,
https://results.eci.gov.in/ResultAcGenMay2026/statewiseS2510.htm,Won In,:,207,,,,,,,,,,,,,,,,,,,,,,,,,,,,
https://results.eci.gov.in/ResultAcGenMay2026/statewiseS2510.htm,Trailing In,:,0,,,,,,,,,,,,,,,,,,,,,,,,,,,,
https://results.eci.gov.in/ResultAcGenMay2026/statewiseS2510.htm,All India Trinamool Congress,i Party Wise State Trends Leading In : 0 Won In : 80 Trailing In : 0,Leading In,:,0,Won In,:,80,Trailing In,:,0,,,,,,,,,,,,,,,,,,,,
https://results.eci.gov.in/ResultAcGenMay2026/statewiseS2510.htm,Leading In,:,0,,,,,,,,,,,,,,,,,,,,,,,,,,,,
https://results.eci.gov.in/ResultAcGenMay2026/statewiseS2510.htm,Won In,:,80,,,,,,,,,,,,,,,,,,,,,,,,,,,,
https://results.eci.gov.in/ResultAcGenMay2026/statewiseS2510.htm,Trailing In,:,0,,,,,,,,,,,,,,,,,,,,,,,,,,,,
https://results.eci.gov.in/ResultAcGenMay2026/statewiseS2510.htm,MAL,20,SUKRA MUNDA,Bharatiya Janata Party i Party Wise State Trends Leading In : 0 Won In : 207 Trailing In : 0,Bharatiya Janata Party,i Party Wise State Trends Leading In : 0 Won In : 207 Trailing In : 0,Leading In,:,0,Won In,:,207,Trailing In,:,0,BULU CHIK BARAIK,All India Trinamool Congress i Party Wise State Trends Leading In : 0 Won In : 80 Trailing In : 0,All India Trinamool Congress,i Party Wise State Trends Leading In : 0 Won In : 80 Trailing In : 0,Leading In,:,0,Won In,:,80,Trailing In,:,0,15492,19/19,Result Declared
https://results.eci.gov.in/ResultAcGenMay2026/statewiseS2510.htm,Bharatiya Janata Party,i Party Wise State Trends Leading In : 0 Won In : 207 Trailing In : 0,Leading In,:,0,Won In,:,207,Trailing In,:,0,,,,,,,,,,,,,,,,,,,,
https://results.eci.gov.in/ResultAcGenMay2026/statewiseS2510.htm,Leading In,:,0,,,,,,,,,,,,,,,,,,,,,,,,,,,,
https://results.eci.gov.in/ResultAcGenMay2026/statewiseS2510.htm,Won In,:,207,,,,,,,,,,,,,,,,,,,,,,,,,,,,
https://results.eci.gov.in/ResultAcGenMay2026/statewiseS2510.htm,Trailing In,:,0,,,,,,,,,,,,,,,,,,,,,,,,,,,,
https://results.eci.gov.in/ResultAcGenMay2026/statewiseS2510.htm,All India Trinamool Congress,i Party Wise State Trends Leading In : 0 Won In : 80 Trailing In : 0,Leading In,:,0,Won In,:,80,Trailing In,:,0,,,,,,,,,,,,,,,,,,,,
https://results.eci.gov.in/ResultAcGenMay2026/statewiseS2510.htm,Leading In,:,0,,,,,,,,,,,,,,,,,,,,,,,,,,,,
https://results.eci.gov.in/ResultAcGenMay2026/statewiseS2510.htm,Won In,:,80,,,,,,,,,,,,,,,,,,,,,,,,,,,,
https://results.eci.gov.in/ResultAcGenMay2026/statewiseS2510.htm,Trailing In,:,0,,,,,,,,,,,,,,,,,,,,,,,,,,,,
https://results.eci.gov.in/ResultAcGenMay2026/statewiseS2510.htm,MALATIPUR,47,ABDUR RAHIM BOXI,All India Trinamool Congress i Party Wise State Trends Leading In : 0 Won In : 80 Trailing In : 0,All India Trinamool Congress,i Party Wise State Trends Leading In : 0 Won In : 80 Trailing In : 0,Leading In,:,0,Won In,:,80,Trailing In,:,0,MAUSAM B NOOR,Indian National Congress i Party Wise State Trends Leading In : 0 Won In : 2 Trailing In : 0,Indian National Congress,i Party Wise State Trends Leading In : 0 Won In : 2 Trailing In : 0,Leading In,:,0,Won In,:,2,Trailing In,:,0,59747,20/20,Result Declared
https://results.eci.gov.in/ResultAcGenMay2026/statewiseS2510.htm,All India Trinamool Congress,i Party Wise State Trends Leading In : 0 Won In : 80 Trailing In : 0,Leading In,:,0,Won In,:,80,Trailing In,:,0,,,,,,,,,,,,,,,,,,,,
https://results.eci.gov.in/ResultAcGenMay2026/statewiseS2510.htm,Leading In,:,0,,,,,,,,,,,,,,,,,,,,,,,,,,,,
https://results.eci.gov.in/ResultAcGenMay2026/statewiseS2510.htm,Won In,:,80,,,,,,,,,,,,,,,,,,,,,,,,,,,,
https://results.eci.gov.in/ResultAcGenMay2026/statewiseS2510.htm,Trailing In,:,0,,,,,,,,,,,,,,,,,,,,,,,,,,,,
https://results.eci.gov.in/ResultAcGenMay2026/statewiseS2510.htm,Indian National Congress,i Party Wise State Trends Leading In : 0 Won In : 2 Trailing In : 0,Leading In,:,0,Won In,:,2,Trailing In,:,0,,,,,,,,,,,,,,,,,,,,
https://results.eci.gov.in/ResultAcGenMay2026/statewiseS2510.htm,Leading In,:,0,,,,,,,,,,,,,,,,,,,,,,,,,,,,
https://results.eci.gov.in/ResultAcGenMay2026/statewiseS2510.htm,Won In,:,2,,,,,,,,,,,,,,,,,,,,,,,,,,,,
https://results.eci.gov.in/ResultAcGenMay2026/statewiseS2510.htm,Trailing In,:,0,,,,,,,,,,,,,,,,,,,,,,,,,,,,
https://results.eci.gov.in/ResultAcGenMay2026/statewiseS2510.htm,MALDAHA,50,GOPAL CHANDRA SAHA,Bharatiya Janata Party i Party Wise State Trends Leading In : 0 Won In : 207 Trailing In : 0,Bharatiya Janata Party,i Party Wise State Trends Leading In : 0 Won In : 207 Trailing In : 0,Leading In,:,0,Won In,:,207,Trailing In,:,0,LIPIKA BARMAN GHOSH,All India Trinamool Congress i Party Wise State Trends Leading In : 0 Won In : 80 Trailing In : 0,All India Trinamool Congress,i Party Wise State Trends Leading In : 0 Won In : 80 Trailing In : 0,Leading In,:,0,Won In,:,80,Trailing In,:,0,50128,21/21,Result Declared
https://results.eci.gov.in/ResultAcGenMay2026/statewiseS2510.htm,Bharatiya Janata Party,i Party Wise State Trends Leading In : 0 Won In : 207 Trailing In : 0,Leading In,:,0,Won In,:,207,Trailing In,:,0,,,,,,,,,,,,,,,,,,,,
https://results.eci.gov.in/ResultAcGenMay2026/statewiseS2510.htm,Leading In,:,0,,,,,,,,,,,,,,,,,,,,,,,,,,,,
https://results.eci.gov.in/ResultAcGenMay2026/statewiseS2510.htm,Won In,:,207,,,,,,,,,,,,,,,,,,,,,,,,,,,,
https://results.eci.gov.in/ResultAcGenMay2026/statewiseS2510.htm,Trailing In,:,0,,,,,,,,,,,,,,,,,,,,,,,,,,,,
https://results.eci.gov.in/ResultAcGenMay2026/statewiseS2510.htm,All India Trinamool Congress,i Party Wise State Trends Leading In : 0 Won In : 80 Trailing In : 0,Leading In,:,0,Won In,:,80,Trailing In,:,0,,,,,,,,,,,,,,,,,,,,
https://results.eci.gov.in/ResultAcGenMay2026/statewiseS2510.htm,Leading In,:,0,,,,,,,,,,,,,,,,,,,,,,,,,,,,
https://results.eci.gov.in/ResultAcGenMay2026/statewiseS2510.htm,Won In,:,80,,,,,,,,,,,,,,,,,,,,,,,,,,,,
https://results.eci.gov.in/ResultAcGenMay2026/statewiseS2510.htm,Trailing In,:,0,,,,,,,,,,,,,,,,,,,,,,,,,,,,
https://results.eci.gov.in/ResultAcGenMay2026/statewiseS2510.htm,MANBAZAR,243,MAYNA MURMU,Bharatiya Janata Party i Party Wise State Trends Leading In : 0 Won In : 207 Trailing In : 0,Bharatiya Janata Party,i Party Wise State Trends Leading In : 0 Won In : 207 Trailing In : 0,Leading In,:,0,Won In,:,207,Trailing In,:,0,SANDHYA RANI TUDU,All India Trinamool Congress i Party Wise State Trends Leading In : 0 Won In : 80 Trailing In : 0,All India Trinamool Congress,i Party Wise State Trends Leading In : 0 Won In : 80 Trailing In : 0,Leading In,:,0,Won In,:,80,Trailing In,:,0,27283,16/16,Result Declared
https://results.eci.gov.in/ResultAcGenMay2026/statewiseS2510.htm,Bharatiya Janata Party,i Party Wise State Trends Leading In : 0 Won In : 207 Trailing In : 0,Leading In,:,0,Won In,:,207,Trailing In,:,0,,,,,,,,,,,,,,,,,,,,
https://results.eci.gov.in/ResultAcGenMay2026/statewiseS2510.htm,Leading In,:,0,,,,,,,,,,,,,,,,,,,,,,,,,,,,
https://results.eci.gov.in/ResultAcGenMay2026/statewiseS2510.htm,Won In,:,207,,,,,,,,,,,,,,,,,,,,,,,,,,,,
https://results.eci.gov.in/ResultAcGenMay2026/statewiseS2510.htm,Trailing In,:,0,,,,,,,,,,,,,,,,,,,,,,,,,,,,
https://results.eci.gov.in/ResultAcGenMay2026/statewiseS2510.htm,All India Trinamool Congress,i Party Wise State Trends Leading In : 0 Won In : 80 Trailing In : 0,Leading In,:,0,Won In,:,80,Trailing In,:,0,,,,,,,,,,,,,,,,,,,,
https://results.eci.gov.in/ResultAcGenMay2026/statewiseS2510.htm,Leading In,:,0,,,,,,,,,,,,,,,,,,,,,,,,,,,,
https://results.eci.gov.in/ResultAcGenMay2026/statewiseS2510.htm,Won In,:,80,,,,,,,,,,,,,,,,,,,,,,,,,,,,
https://results.eci.gov.in/ResultAcGenMay2026/statewiseS2510.htm,Trailing In,:,0,,,,,,,,,,,,,,,,,,,,,,,,,,,,
https://results.eci.gov.in/ResultAcGenMay2026/statewiseS2510.htm,MANDIRBAZAR,135,JOYDEB HALDER S/O - KARTICK CHANDRA HALDER,All India Trinamool Congress i Party Wise State Trends Leading In : 0 Won In : 80 Trailing In : 0,All India Trinamool Congress,i Party Wise State Trends Leading In : 0 Won In : 80 Trailing In : 0,Leading In,:,0,Won In,:,80,Trailing In,:,0,MALLIKA PAIK W/O - ASHOK PAIK,Bharatiya Janata Party i Party Wise State Trends Leading In : 0 Won In : 207 Trailing In : 0,Bharatiya Janata Party,i Party Wise State Trends Leading In : 0 Won In : 207 Trailing In : 0,Leading In,:,0,Won In,:,207,Trailing In,:,0,1995,22/22,Result Declared
https://results.eci.gov.in/ResultAcGenMay2026/statewiseS2510.htm,All India Trinamool Congress,i Party Wise State Trends Leading In : 0 Won In : 80 Trailing In : 0,Leading In,:,0,Won In,:,80,Trailing In,:,0,,,,,,,,,,,,,,,,,,,,
https://results.eci.gov.in/ResultAcGenMay2026/statewiseS2510.htm,Leading In,:,0,,,,,,,,,,,,,,,,,,,,,,,,,,,,
https://results.eci.gov.in/ResultAcGenMay2026/statewiseS2510.htm,Won In,:,80,,,,,,,,,,,,,,,,,,,,,,,,,,,,
https://results.eci.gov.in/ResultAcGenMay2026/statewiseS2510.htm,Trailing In,:,0,,,,,,,,,,,,,,,,,,,,,,,,,,,,
https://results.eci.gov.in/ResultAcGenMay2026/statewiseS2510.htm,Bharatiya Janata Party,i Party Wise State Trends Leading In : 0 Won In : 207 Trailing In : 0,Leading In,:,0,Won In,:,207,Trailing In,:,0,,,,,,,,,,,,,,,,,,,,
https://results.eci.gov.in/ResultAcGenMay2026/statewiseS2510.htm,Leading In,:,0,,,,,,,,,,,,,,,,,,,,,,,,,,,,
https://results.eci.gov.in/ResultAcGenMay2026/statewiseS2510.htm,Won In,:,207,,,,,,,,,,,,,,,,,,,,,,,,,,,,
https://results.eci.gov.in/ResultAcGenMay2026/statewiseS2510.htm,Trailing In,:,0,,,,,,,,,,,,,,,,,,,,,,,,,,,,
https://results.eci.gov.in/ResultAcGenMay2026/statewiseS2510.htm,MANGALKOT,272,SHISHIR GHOSH,Bharatiya Janata Party i Party Wise State Trends Leading In : 0 Won In : 207 Trailing In : 0,Bharatiya Janata Party,i Party Wise State Trends Leading In : 0 Won In : 207 Trailing In : 0,Leading In,:,0,Won In,:,207,Trailing In,:,0,APURBA CHOWDHURY (ACHAL),All India Trinamool Congress i Party Wise State Trends Leading In : 0 Won In : 80 Trailing In : 0,All India Trinamool Congress,i Party Wise State Trends Leading In : 0 Won In : 80 Trailing In : 0,Leading In,:,0,Won In,:,80,Trailing In,:,0,12723,18/18,Result Declared
https://results.eci.gov.in/ResultAcGenMay2026/statewiseS2510.htm,Bharatiya Janata Party,i Party Wise State Trends Leading In : 0 Won In : 207 Trailing In : 0,Leading In,:,0,Won In,:,207,Trailing In,:,0,,,,,,,,,,,,,,,,,,,,
https://results.eci.gov.in/ResultAcGenMay2026/statewiseS2510.htm,Leading In,:,0,,,,,,,,,,,,,,,,,,,,,,,,,,,,
https://results.eci.gov.in/ResultAcGenMay2026/statewiseS2510.htm,Won In,:,207,,,,,,,,,,,,,,,,,,,,,,,,,,,,
https://results.eci.gov.in/ResultAcGenMay2026/statewiseS2510.htm,Trailing In,:,0,,,,,,,,,,,,,,,,,,,,,,,,,,,,
https://results.eci.gov.in/ResultAcGenMay2026/statewiseS2510.htm,All India Trinamool Congress,i Party Wise State Trends Leading In : 0 Won In : 80 Trailing In : 0,Leading In,:,0,Won In,:,80,Trailing In,:,0,,,,,,,,,,,,,,,,,,,,
https://results.eci.gov.in/ResultAcGenMay2026/statewiseS2510.htm,Leading In,:,0,,,,,,,,,,,,,,,,,,,,,,,,,,,,
https://results.eci.gov.in/ResultAcGenMay2026/statewiseS2510.htm,Won In,:,80,,,,,,,,,,,,,,,,,,,,,,,,,,,,
https://results.eci.gov.in/ResultAcGenMay2026/statewiseS2510.htm,Trailing In,:,0,,,,,,,,,,,,,,,,,,,,,,,,,,,,
https://results.eci.gov.in/ResultAcGenMay2026/statewiseS2510.htm,MANIKCHAK,49,GOUR CHANDRA MANDAL,Bharatiya Janata Party i Party Wise State Trends Leading In : 0 Won In : 207 Trailing In : 0,Bharatiya Janata Party,i Party Wise State Trends Leading In : 0 Won In : 207 Trailing In : 0,Leading In,:,0,Won In,:,207,Trailing In,:,0,KABITA MANDAL,All India Trinamool Congress i Party Wise State Trends Leading In : 0 Won In : 80 Trailing In : 0,All India Trinamool Congress,i Party Wise State Trends Leading In : 0 Won In : 80 Trailing In : 0,Leading In,:,0,Won In,:,80,Trailing In,:,0,13938,21/21,Result Declared
https://results.eci.gov.in/ResultAcGenMay2026/statewiseS2510.htm,Bharatiya Janata Party,i Party Wise State Trends Leading In : 0 Won In : 207 Trailing In : 0,Leading In,:,0,Won In,:,207,Trailing In,:,0,,,,,,,,,,,,,,,,,,,,
https://results.eci.gov.in/ResultAcGenMay2026/statewiseS2510.htm,Leading In,:,0,,,,,,,,,,,,,,,,,,,,,,,,,,,,
https://results.eci.gov.in/ResultAcGenMay2026/statewiseS2510.htm,Won In,:,207,,,,,,,,,,,,,,,,,,,,,,,,,,,,
https://results.eci.gov.in/ResultAcGenMay2026/statewiseS2510.htm,Trailing In,:,0,,,,,,,,,,,,,,,,,,,,,,,,,,,,
https://results.eci.gov.in/ResultAcGenMay2026/statewiseS2510.htm,All India Trinamool Congress,i Party Wise State Trends Leading In : 0 Won In : 80 Trailing In : 0,Leading In,:,0,Won In,:,80,Trailing In,:,0,,,,,,,,,,,,,,,,,,,,
https://results.eci.gov.in/ResultAcGenMay2026/statewiseS2510.htm,Leading In,:,0,,,,,,,,,,,,,,,,,,,,,,,,,,,,
https://results.eci.gov.in/ResultAcGenMay2026/statewiseS2510.htm,Won In,:,80,,,,,,,,,,,,,,,,,,,,,,,,,,,,
https://results.eci.gov.in/ResultAcGenMay2026/statewiseS2510.htm,Trailing In,:,0,,,,,,,,,,,,,,,,,,,,,,,,,,,,
https://results.eci.gov.in/ResultAcGenMay2026/statewiseS2510.htm,MANIKTALA,167,TAPAS ROY,Bharatiya Janata Party i Party Wise State Trends Leading In : 0 Won In : 207 Trailing In : 0,Bharatiya Janata Party,i Party Wise State Trends Leading In : 0 Won In : 207 Trailing In : 0,Leading In,:,0,Won In,:,207,Trailing In,:,0,SHRREYA PANDE,All India Trinamool Congress i Party Wise State Trends Leading In : 0 Won In : 80 Trailing In : 0,All India Trinamool Congress,i Party Wise State Trends Leading In : 0 Won In : 80 Trailing In : 0,Leading In,:,0,Won In,:,80,Trailing In,:,0,15644,20/20,Result Declared
https://results.eci.gov.in/ResultAcGenMay2026/statewiseS2510.htm,Bharatiya Janata Party,i Party Wise State Trends Leading In : 0 Won In : 207 Trailing In : 0,Leading In,:,0,Won In,:,207,Trailing In,:,0,,,,,,,,,,,,,,,,,,,,
https://results.eci.gov.in/ResultAcGenMay2026/statewiseS2510.htm,Leading In,:,0,,,,,,,,,,,,,,,,,,,,,,,,,,,,
https://results.eci.gov.in/ResultAcGenMay2026/statewiseS2510.htm,Won In,:,207,,,,,,,,,,,,,,,,,,,,,,,,,,,,
https://results.eci.gov.in/ResultAcGenMay2026/statewiseS2510.htm,Trailing In,:,0,,,,,,,,,,,,,,,,,,,,,,,,,,,,
https://results.eci.gov.in/ResultAcGenMay2026/statewiseS2510.htm,All India Trinamool Congress,i Party Wise State Trends Leading In : 0 Won In : 80 Trailing In : 0,Leading In,:,0,Won In,:,80,Trailing In,:,0,,,,,,,,,,,,,,,,,,,,
https://results.eci.gov.in/ResultAcGenMay2026/statewiseS2510.htm,Leading In,:,0,,,,,,,,,,,,,,,,,,,,,,,,,,,,
https://results.eci.gov.in/ResultAcGenMay2026/statewiseS2510.htm,Won In,:,80,,,,,,,,,,,,,,,,,,,,,,,,,,,,
https://results.eci.gov.in/ResultAcGenMay2026/statewiseS2510.htm,Trailing In,:,0,,,,,,,,,,,,,,,,,,,,,,,,,,,,
https://results.eci.gov.in/ResultAcGenMay2026/statewiseS2510.htm,MATHABHANGA,2,NISHITH PRAMANIK,Bharatiya Janata Party i Party Wise State Trends Leading In : 0 Won In : 207 Trailing In : 0,Bharatiya Janata Party,i Party Wise State Trends Leading In : 0 Won In : 207 Trailing In : 0,Leading In,:,0,Won In,:,207,Trailing In,:,0,DR. SABLU BARMAN,All India Trinamool Congress i Party Wise State Trends Leading In : 0 Won In : 80 Trailing In : 0,All India Trinamool Congress,i Party Wise State Trends Leading In : 0 Won In : 80 Trailing In : 0,Leading In,:,0,Won In,:,80,Trailing In,:,0,57090,24/24,Result Declared
https://results.eci.gov.in/ResultAcGenMay2026/statewiseS2510.htm,Bharatiya Janata Party,i Party Wise State Trends Leading In : 0 Won In : 207 Trailing In : 0,Leading In,:,0,Won In,:,207,Trailing In,:,0,,,,,,,,,,,,,,,,,,,,
https://results.eci.gov.in/ResultAcGenMay2026/statewiseS2510.htm,Leading In,:,0,,,,,,,,,,,,,,,,,,,,,,,,,,,,
https://results.eci.gov.in/ResultAcGenMay2026/statewiseS2510.htm,Won In,:,207,,,,,,,,,,,,,,,,,,,,,,,,,,,,
https://results.eci.gov.in/ResultAcGenMay2026/statewiseS2510.htm,Trailing In,:,0,,,,,,,,,,,,,,,,,,,,,,,,,,,,
https://results.eci.gov.in/ResultAcGenMay2026/statewiseS2510.htm,All India Trinamool Congress,i Party Wise State Trends Leading In : 0 Won In : 80 Trailing In : 0,Leading In,:,0,Won In,:,80,Trailing In,:,0,,,,,,,,,,,,,,,,,,,,
https://results.eci.gov.in/ResultAcGenMay2026/statewiseS2510.htm,Leading In,:,0,,,,,,,,,,,,,,,,,,,,,,,,,,,,
https://results.eci.gov.in/ResultAcGenMay2026/statewiseS2510.htm,Won In,:,80,,,,,,,,,,,,,,,,,,,,,,,,,,,,
https://results.eci.gov.in/ResultAcGenMay2026/statewiseS2510.htm,Trailing In,:,0,,,,,,,,,,,,,,,,,,,,,,,,,,,,
https://results.eci.gov.in/ResultAcGenMay2026/statewiseS2510.htm,MATIGARA-NAXALBARI,25,ANANDAMAY BARMAN,Bharatiya Janata Party i Party Wise State Trends Leading In : 0 Won In : 207 Trailing In : 0,Bharatiya Janata Party,i Party Wise State Trends Leading In : 0 Won In : 207 Trailing In : 0,Leading In,:,0,Won In,:,207,Trailing In,:,0,SHANKAR MALAKAR,All India Trinamool Congress i Party Wise State Trends Leading In : 0 Won In : 80 Trailing In : 0,All India Trinamool Congress,i Party Wise State Trends Leading In : 0 Won In : 80 Trailing In : 0,Leading In,:,0,Won In,:,80,Trailing In,:,0,104265,14/14,Result Declared
https://results.eci.gov.in/ResultAcGenMay2026/statewiseS2510.htm,Bharatiya Janata Party,i Party Wise State Trends Leading In : 0 Won In : 207 Trailing In : 0,Leading In,:,0,Won In,:,207,Trailing In,:,0,,,,,,,,,,,,,,,,,,,,
https://results.eci.gov.in/ResultAcGenMay2026/statewiseS2510.htm,Leading In,:,0,,,,,,,,,,,,,,,,,,,,,,,,,,,,
https://results.eci.gov.in/ResultAcGenMay2026/statewiseS2510.htm,Won In,:,207,,,,,,,,,,,,,,,,,,,,,,,,,,,,
https://results.eci.gov.in/ResultAcGenMay2026/statewiseS2510.htm,Trailing In,:,0,,,,,,,,,,,,,,,,,,,,,,,,,,,,
https://results.eci.gov.in/ResultAcGenMay2026/statewiseS2510.htm,All India Trinamool Congress,i Party Wise State Trends Leading In : 0 Won In : 80 Trailing In : 0,Leading In,:,0,Won In,:,80,Trailing In,:,0,,,,,,,,,,,,,,,,,,,,
https://results.eci.gov.in/ResultAcGenMay2026/statewiseS2510.htm,Leading In,:,0,,,,,,,,,,,,,,,,,,,,,,,,,,,,
https://results.eci.gov.in/ResultAcGenMay2026/statewiseS2510.htm,Won In,:,80,,,,,,,,,,,,,,,,,,,,,,,,,,,,
https://results.eci.gov.in/ResultAcGenMay2026/statewiseS2510.htm,Trailing In,:,0,,,,,,,,,,,,,,,,,,,,,,,,,,,,
https://results.eci.gov.in/ResultAcGenMay2026/statewiseS2510.htm,MAYNAGURI,16,DALIM CHANDRA ROY,Bharatiya Janata Party i Party Wise State Trends Leading In : 0 Won In : 207 Trailing In : 0,Bharatiya Janata Party,i Party Wise State Trends Leading In : 0 Won In : 207 Trailing In : 0,Leading In,:,0,Won In,:,207,Trailing In,:,0,RAMMOHAN RAY,All India Trinamool Congress i Party Wise State Trends Leading In : 0 Won In : 80 Trailing In : 0,All India Trinamool Congress,i Party Wise State Trends Leading In : 0 Won In : 80 Trailing In : 0,Leading In,:,0,Won In,:,80,Trailing In,:,0,56503,17/17,Result Declared
https://results.eci.gov.in/ResultAcGenMay2026/statewiseS2510.htm,Bharatiya Janata Party,i Party Wise State Trends Leading In : 0 Won In : 207 Trailing In : 0,Leading In,:,0,Won In,:,207,Trailing In,:,0,,,,,,,,,,,,,,,,,,,,
https://results.eci.gov.in/ResultAcGenMay2026/statewiseS2510.htm,Leading In,:,0,,,,,,,,,,,,,,,,,,,,,,,,,,,,
https://results.eci.gov.in/ResultAcGenMay2026/statewiseS2510.htm,Won In,:,207,,,,,,,,,,,,,,,,,,,,,,,,,,,,
https://results.eci.gov.in/ResultAcGenMay2026/statewiseS2510.htm,Trailing In,:,0,,,,,,,,,,,,,,,,,,,,,,,,,,,,
https://results.eci.gov.in/ResultAcGenMay2026/statewiseS2510.htm,All India Trinamool Congress,i Party Wise State Trends Leading In : 0 Won In : 80 Trailing In : 0,Leading In,:,0,Won In,:,80,Trailing In,:,0,,,,,,,,,,,,,,,,,,,,
https://results.eci.gov.in/ResultAcGenMay2026/statewiseS2510.htm,Leading In,:,0,,,,,,,,,,,,,,,,,,,,,,,,,,,,
https://results.eci.gov.in/ResultAcGenMay2026/statewiseS2510.htm,Won In,:,80,,,,,,,,,,,,,,,,,,,,,,,,,,,,
https://results.eci.gov.in/ResultAcGenMay2026/statewiseS2510.htm,Trailing In,:,0,,,,,,,,,,,,,,,,,,,,,,,,,,,,
https://results.eci.gov.in/ResultAcGenMay2026/statewiseS2510.htm,MAYURESWAR,290,DUDH KUMAR MONDAL,Bharatiya Janata Party i Party Wise State Trends Leading In : 0 Won In : 207 Trailing In : 0,Bharatiya Janata Party,i Party Wise State Trends Leading In : 0 Won In : 207 Trailing In : 0,Leading In,:,0,Won In,:,207,Trailing In,:,0,ABHIJIT ROY,All India Trinamool Congress i Party Wise State Trends Leading In : 0 Won In : 80 Trailing In : 0,All India Trinamool Congress,i Party Wise State Trends Leading In : 0 Won In : 80 Trailing In : 0,Leading In,:,0,Won In,:,80,Trailing In,:,0,21002,20/20,Result Declared
https://results.eci.gov.in/ResultAcGenMay2026/statewiseS2510.htm,Bharatiya Janata Party,i Party Wise State Trends Leading In : 0 Won In : 207 Trailing In : 0,Leading In,:,0,Won In,:,207,Trailing In,:,0,,,,,,,,,,,,,,,,,,,,
https://results.eci.gov.in/ResultAcGenMay2026/statewiseS2510.htm,Leading In,:,0,,,,,,,,,,,,,,,,,,,,,,,,,,,,
https://results.eci.gov.in/ResultAcGenMay2026/statewiseS2510.htm,Won In,:,207,,,,,,,,,,,,,,,,,,,,,,,,,,,,
https://results.eci.gov.in/ResultAcGenMay2026/statewiseS2510.htm,Trailing In,:,0,,,,,,,,,,,,,,,,,,,,,,,,,,,,
https://results.eci.gov.in/ResultAcGenMay2026/statewiseS2510.htm,All India Trinamool Congress,i Party Wise State Trends Leading In : 0 Won In : 80 Trailing In : 0,Leading In,:,0,Won In,:,80,Trailing In,:,0,,,,,,,,,,,,,,,,,,,,
https://results.eci.gov.in/ResultAcGenMay2026/statewiseS2510.htm,Leading In,:,0,,,,,,,,,,,,,,,,,,,,,,,,,,,,
https://results.eci.gov.in/ResultAcGenMay2026/statewiseS2510.htm,Won In,:,80,,,,,,,,,,,,,,,,,,,,,,,,,,,,
https://results.eci.gov.in/ResultAcGenMay2026/statewiseS2510.htm,Trailing In,:,0,,,,,,,,,,,,,,,,,,,,,,,,,,,,
https://results.eci.gov.in/ResultAcGenMay2026/statewiseS2510.htm,MEDINIPUR,236,SANKAR KUMAR GUCHHAIT,Bharatiya Janata Party i Party Wise State Trends Leading In : 0 Won In : 207 Trailing In : 0,Bharatiya Janata Party,i Party Wise State Trends Leading In : 0 Won In : 207 Trailing In : 0,Leading In,:,0,Won In,:,207,Trailing In,:,0,SUJOY HAZRA,All India Trinamool Congress i Party Wise State Trends Leading In : 0 Won In : 80 Trailing In : 0,All India Trinamool Congress,i Party Wise State Trends Leading In : 0 Won In : 80 Trailing In : 0,Leading In,:,0,Won In,:,80,Trailing In,:,0,38747,21/21,Result Declared
https://results.eci.gov.in/ResultAcGenMay2026/statewiseS2510.htm,Bharatiya Janata Party,i Party Wise State Trends Leading In : 0 Won In : 207 Trailing In : 0,Leading In,:,0,Won In,:,207,Trailing In,:,0,,,,,,,,,,,,,,,,,,,,
https://results.eci.gov.in/ResultAcGenMay2026/statewiseS2510.htm,Leading In,:,0,,,,,,,,,,,,,,,,,,,,,,,,,,,,
https://results.eci.gov.in/ResultAcGenMay2026/statewiseS2510.htm,Won In,:,207,,,,,,,,,,,,,,,,,,,,,,,,,,,,
https://results.eci.gov.in/ResultAcGenMay2026/statewiseS2510.htm,Trailing In,:,0,,,,,,,,,,,,,,,,,,,,,,,,,,,,
https://results.eci.gov.in/ResultAcGenMay2026/statewiseS2510.htm,All India Trinamool Congress,i Party Wise State Trends Leading In : 0 Won In : 80 Trailing In : 0,Leading In,:,0,Won In,:,80,Trailing In,:,0,,,,,,,,,,,,,,,,,,,,
https://results.eci.gov.in/ResultAcGenMay2026/statewiseS2510.htm,Leading In,:,0,,,,,,,,,,,,,,,,,,,,,,,,,,,,
https://results.eci.gov.in/ResultAcGenMay2026/statewiseS2510.htm,Won In,:,80,,,,,,,,,,,,,,,,,,,,,,,,,,,,
https://results.eci.gov.in/ResultAcGenMay2026/statewiseS2510.htm,Trailing In,:,0,,,,,,,,,,,,,,,,,,,,,,,,,,,,
https://results.eci.gov.in/ResultAcGenMay2026/statewiseS2510.htm,MEKLIGANJ,1,DADHIRAM RAY,Bharatiya Janata Party i Party Wise State Trends Leading In : 0 Won In : 207 Trailing In : 0,Bharatiya Janata Party,i Party Wise State Trends Leading In : 0 Won In : 207 Trailing In : 0,Leading In,:,0,Won In,:,207,Trailing In,:,0,ADHIKARY PARESH CHANDRA,All India Trinamool Congress i Party Wise State Trends Leading In : 0 Won In : 80 Trailing In : 0,All India Trinamool Congress,i Party Wise State Trends Leading In : 0 Won In : 80 Trailing In : 0,Leading In,:,0,Won In,:,80,Trailing In,:,0,29584,19/19,Result Declared
https://results.eci.gov.in/ResultAcGenMay2026/statewiseS2510.htm,Bharatiya Janata Party,i Party Wise State Trends Leading In : 0 Won In : 207 Trailing In : 0,Leading In,:,0,Won In,:,207,Trailing In,:,0,,,,,,,,,,,,,,,,,,,,
https://results.eci.gov.in/ResultAcGenMay2026/statewiseS2510.htm,Leading In,:,0,,,,,,,,,,,,,,,,,,,,,,,,,,,,
https://results.eci.gov.in/ResultAcGenMay2026/statewiseS2510.htm,Won In,:,207,,,,,,,,,,,,,,,,,,,,,,,,,,,,
https://results.eci.gov.in/ResultAcGenMay2026/statewiseS2510.htm,Trailing In,:,0,,,,,,,,,,,,,,,,,,,,,,,,,,,,
https://results.eci.gov.in/ResultAcGenMay2026/statewiseS2510.htm,All India Trinamool Congress,i Party Wise State Trends Leading In : 0 Won In : 80 Trailing In : 0,Leading In,:,0,Won In,:,80,Trailing In,:,0,,,,,,,,,,,,,,,,,,,,
https://results.eci.gov.in/ResultAcGenMay2026/statewiseS2510.htm,Leading In,:,0,,,,,,,,,,,,,,,,,,,,,,,,,,,,
https://results.eci.gov.in/ResultAcGenMay2026/statewiseS2510.htm,Won In,:,80,,,,,,,,,,,,,,,,,,,,,,,,,,,,
https://results.eci.gov.in/ResultAcGenMay2026/statewiseS2510.htm,Trailing In,:,0,,,,,,,,,,,,,,,,,,,,,,,,,,,,
https://results.eci.gov.in/ResultAcGenMay2026/statewiseS2510.htm,MEMARI,265,MANAB GUHA,Bharatiya Janata Party i Party Wise State Trends Leading In : 0 Won In : 207 Trailing In : 0,Bharatiya Janata Party,i Party Wise State Trends Leading In : 0 Won In : 207 Trailing In : 0,Leading In,:,0,Won In,:,207,Trailing In,:,0,RASH BIHARI HALDER,All India Trinamool Congress i Party Wise State Trends Leading In : 0 Won In : 80 Trailing In : 0,All India Trinamool Congress,i Party Wise State Trends Leading In : 0 Won In : 80 Trailing In : 0,Leading In,:,0,Won In,:,80,Trailing In,:,0,7106,15/15,Result Declared
https://results.eci.gov.in/ResultAcGenMay2026/statewiseS2510.htm,Bharatiya Janata Party,i Party Wise State Trends Leading In : 0 Won In : 207 Trailing In : 0,Leading In,:,0,Won In,:,207,Trailing In,:,0,,,,,,,,,,,,,,,,,,,,
https://results.eci.gov.in/ResultAcGenMay2026/statewiseS2510.htm,Leading In,:,0,,,,,,,,,,,,,,,,,,,,,,,,,,,,
https://results.eci.gov.in/ResultAcGenMay2026/statewiseS2510.htm,Won In,:,207,,,,,,,,,,,,,,,,,,,,,,,,,,,,
https://results.eci.gov.in/ResultAcGenMay2026/statewiseS2510.htm,Trailing In,:,0,,,,,,,,,,,,,,,,,,,,,,,,,,,,
https://results.eci.gov.in/ResultAcGenMay2026/statewiseS2510.htm,All India Trinamool Congress,i Party Wise State Trends Leading In : 0 Won In : 80 Trailing In : 0,Leading In,:,0,Won In,:,80,Trailing In,:,0,,,,,,,,,,,,,,,,,,,,
https://results.eci.gov.in/ResultAcGenMay2026/statewiseS2510.htm,Leading In,:,0,,,,,,,,,,,,,,,,,,,,,,,,,,,,
https://results.eci.gov.in/ResultAcGenMay2026/statewiseS2510.htm,Won In,:,80,,,,,,,,,,,,,,,,,,,,,,,,,,,,
https://results.eci.gov.in/ResultAcGenMay2026/statewiseS2510.htm,Trailing In,:,0,,,,,,,,,,,,,,,,,,,,,,,,,,,,
https://results.eci.gov.in/ResultAcGenMay2026/statewiseS2510.htm,METIABURUZ,157,ABDUL KHALEQUE MOLLA,All India Trinamool Congress i Party Wise State Trends Leading In : 0 Won In : 80 Trailing In : 0,All India Trinamool Congress,i Party Wise State Trends Leading In : 0 Won In : 80 Trailing In : 0,Leading In,:,0,Won In,:,80,Trailing In,:,0,BIR BAHADUR SINGH,Bharatiya Janata Party i Party Wise State Trends Leading In : 0 Won In : 207 Trailing In : 0,Bharatiya Janata Party,i Party Wise State Trends Leading In : 0 Won In : 207 Trailing In : 0,Leading In,:,0,Won In,:,207,Trailing In,:,0,87879,11/11,Result Declared
https://results.eci.gov.in/ResultAcGenMay2026/statewiseS2510.htm,All India Trinamool Congress,i Party Wise State Trends Leading In : 0 Won In : 80 Trailing In : 0,Leading In,:,0,Won In,:,80,Trailing In,:,0,,,,,,,,,,,,,,,,,,,,
https://results.eci.gov.in/ResultAcGenMay2026/statewiseS2510.htm,Leading In,:,0,,,,,,,,,,,,,,,,,,,,,,,,,,,,
https://results.eci.gov.in/ResultAcGenMay2026/statewiseS2510.htm,Won In,:,80,,,,,,,,,,,,,,,,,,,,,,,,,,,,
https://results.eci.gov.in/ResultAcGenMay2026/statewiseS2510.htm,Trailing In,:,0,,,,,,,,,,,,,,,,,,,,,,,,,,,,
https://results.eci.gov.in/ResultAcGenMay2026/statewiseS2510.htm,Bharatiya Janata Party,i Party Wise State Trends Leading In : 0 Won In : 207 Trailing In : 0,Leading In,:,0,Won In,:,207,Trailing In,:,0,,,,,,,,,,,,,,,,,,,,
https://results.eci.gov.in/ResultAcGenMay2026/statewiseS2510.htm,Leading In,:,0,,,,,,,,,,,,,,,,,,,,,,,,,,,,
https://results.eci.gov.in/ResultAcGenMay2026/statewiseS2510.htm,Won In,:,207,,,,,,,,,,,,,,,,,,,,,,,,,,,,
https://results.eci.gov.in/ResultAcGenMay2026/statewiseS2510.htm,Trailing In,:,0,,,,,,,,,,,,,,,,,,,,,,,,,,,,
https://results.eci.gov.in/ResultAcGenMay2026/statewiseS2510.htm,MINAKHAN,122,USHA RANI MONDAL,All India Trinamool Congress i Party Wise State Trends Leading In : 0 Won In : 80 Trailing In : 0,All India Trinamool Congress,i Party Wise State Trends Leading In : 0 Won In : 80 Trailing In : 0,Leading In,:,0,Won In,:,80,Trailing In,:,0,RUDRENDRA PATRA,Bharatiya Janata Party i Party Wise State Trends Leading In : 0 Won In : 207 Trailing In : 0,Bharatiya Janata Party,i Party Wise State Trends Leading In : 0 Won In : 207 Trailing In : 0,Leading In,:,0,Won In,:,207,Trailing In,:,0,32292,20/20,Result Declared
https://results.eci.gov.in/ResultAcGenMay2026/statewiseS2510.htm,All India Trinamool Congress,i Party Wise State Trends Leading In : 0 Won In : 80 Trailing In : 0,Leading In,:,0,Won In,:,80,Trailing In,:,0,,,,,,,,,,,,,,,,,,,,
https://results.eci.gov.in/ResultAcGenMay2026/statewiseS2510.htm,Leading In,:,0,,,,,,,,,,,,,,,,,,,,,,,,,,,,
https://results.eci.gov.in/ResultAcGenMay2026/statewiseS2510.htm,Won In,:,80,,,,,,,,,,,,,,,,,,,,,,,,,,,,
https://results.eci.gov.in/ResultAcGenMay2026/statewiseS2510.htm,Trailing In,:,0,,,,,,,,,,,,,,,,,,,,,,,,,,,,
https://results.eci.gov.in/ResultAcGenMay2026/statewiseS2510.htm,Bharatiya Janata Party,i Party Wise State Trends Leading In : 0 Won In : 207 Trailing In : 0,Leading In,:,0,Won In,:,207,Trailing In,:,0,,,,,,,,,,,,,,,,,,,,
https://results.eci.gov.in/ResultAcGenMay2026/statewiseS2510.htm,Leading In,:,0,,,,,,,,,,,,,,,,,,,,,,,,,,,,
https://results.eci.gov.in/ResultAcGenMay2026/statewiseS2510.htm,Won In,:,207,,,,,,,,,,,,,,,,,,,,,,,,,,,,
https://results.eci.gov.in/ResultAcGenMay2026/statewiseS2510.htm,Trailing In,:,0,,,,,,,,,,,,,,,,,,,,,,,,,,,,
https://results.eci.gov.in/ResultAcGenMay2026/statewiseS2510.htm,MONTESWAR,263,SAIKAT PANJA,Bharatiya Janata Party i Party Wise State Trends Leading In : 0 Won In : 207 Trailing In : 0,Bharatiya Janata Party,i Party Wise State Trends Leading In : 0 Won In : 207 Trailing In : 0,Leading In,:,0,Won In,:,207,Trailing In,:,0,CHOWDHURI SIDDIQULLAH,All India Trinamool Congress i Party Wise State Trends Leading In : 0 Won In : 80 Trailing In : 0,All India Trinamool Congress,i Party Wise State Trends Leading In : 0 Won In : 80 Trailing In : 0,Leading In,:,0,Won In,:,80,Trailing In,:,0,14798,21/21,Result Declared
https://results.eci.gov.in/ResultAcGenMay2026/statewiseS2510.htm,Bharatiya Janata Party,i Party Wise State Trends Leading In : 0 Won In : 207 Trailing In : 0,Leading In,:,0,Won In,:,207,Trailing In,:,0,,,,,,,,,,,,,,,,,,,,
https://results.eci.gov.in/ResultAcGenMay2026/statewiseS2510.htm,Leading In,:,0,,,,,,,,,,,,,,,,,,,,,,,,,,,,
https://results.eci.gov.in/ResultAcGenMay2026/statewiseS2510.htm,Won In,:,207,,,,,,,,,,,,,,,,,,,,,,,,,,,,
https://results.eci.gov.in/ResultAcGenMay2026/statewiseS2510.htm,Trailing In,:,0,,,,,,,,,,,,,,,,,,,,,,,,,,,,
https://results.eci.gov.in/ResultAcGenMay2026/statewiseS2510.htm,All India Trinamool Congress,i Party Wise State Trends Leading In : 0 Won In : 80 Trailing In : 0,Leading In,:,0,Won In,:,80,Trailing In,:,0,,,,,,,,,,,,,,,,,,,,
https://results.eci.gov.in/ResultAcGenMay2026/statewiseS2510.htm,Leading In,:,0,,,,,,,,,,,,,,,,,,,,,,,,,,,,
https://results.eci.gov.in/ResultAcGenMay2026/statewiseS2510.htm,Won In,:,80,,,,,,,,,,,,,,,,,,,,,,,,,,,,
https://results.eci.gov.in/ResultAcGenMay2026/statewiseS2510.htm,Trailing In,:,0,,,,,,,,,,,,,,,,,,,,,,,,,,,,
https://results.eci.gov.in/ResultAcGenMay2026/statewiseS2510.htm,,,,,,,,,,,,,,,,,,,,,,,,,,,,,,,
https://results.eci.gov.in/ResultAcGenMay2026/statewiseS2511.htm,Status Known For 293 out of 293 Constituencies,,,,,,,,,,,,,,,,,,,,,,,,,,,,,,
https://results.eci.gov.in/ResultAcGenMay2026/statewiseS2511.htm,Constituency,Const. No.,Leading Candidate,Leading Party,Trailing Candidate,Trailing Party,Margin,Round,Status,,,,,,,,,,,,,,,,,,,,,,
https://results.eci.gov.in/ResultAcGenMay2026/statewiseS2511.htm,MOTHABARI,52,ISLAM MD NAJRUL,All India Trinamool Congress i Party Wise State Trends Leading In : 0 Won In : 80 Trailing In : 0,All India Trinamool Congress,i Party Wise State Trends Leading In : 0 Won In : 80 Trailing In : 0,Leading In,:,0,Won In,:,80,Trailing In,:,0,NIBARAN GHOSH,Bharatiya Janata Party i Party Wise State Trends Leading In : 0 Won In : 207 Trailing In : 0,Bharatiya Janata Party,i Party Wise State Trends Leading In : 0 Won In : 207 Trailing In : 0,Leading In,:,0,Won In,:,207,Trailing In,:,0,10496,17/17,Result Declared
https://results.eci.gov.in/ResultAcGenMay2026/statewiseS2511.htm,All India Trinamool Congress,i Party Wise State Trends Leading In : 0 Won In : 80 Trailing In : 0,Leading In,:,0,Won In,:,80,Trailing In,:,0,,,,,,,,,,,,,,,,,,,,
https://results.eci.gov.in/ResultAcGenMay2026/statewiseS2511.htm,Leading In,:,0,,,,,,,,,,,,,,,,,,,,,,,,,,,,
https://results.eci.gov.in/ResultAcGenMay2026/statewiseS2511.htm,Won In,:,80,,,,,,,,,,,,,,,,,,,,,,,,,,,,
https://results.eci.gov.in/ResultAcGenMay2026/statewiseS2511.htm,Trailing In,:,0,,,,,,,,,,,,,,,,,,,,,,,,,,,,
https://results.eci.gov.in/ResultAcGenMay2026/statewiseS2511.htm,Bharatiya Janata Party,i Party Wise State Trends Leading In : 0 Won In : 207 Trailing In : 0,Leading In,:,0,Won In,:,207,Trailing In,:,0,,,,,,,,,,,,,,,,,,,,
https://results.eci.gov.in/ResultAcGenMay2026/statewiseS2511.htm,Leading In,:,0,,,,,,,,,,,,,,,,,,,,,,,,,,,,
https://results.eci.gov.in/ResultAcGenMay2026/statewiseS2511.htm,Won In,:,207,,,,,,,,,,,,,,,,,,,,,,,,,,,,
https://results.eci.gov.in/ResultAcGenMay2026/statewiseS2511.htm,Trailing In,:,0,,,,,,,,,,,,,,,,,,,,,,,,,,,,
https://results.eci.gov.in/ResultAcGenMay2026/statewiseS2511.htm,MOYNA,206,ASHOKE DINDA,Bharatiya Janata Party i Party Wise State Trends Leading In : 0 Won In : 207 Trailing In : 0,Bharatiya Janata Party,i Party Wise State Trends Leading In : 0 Won In : 207 Trailing In : 0,Leading In,:,0,Won In,:,207,Trailing In,:,0,CHANDAN MONDAL,All India Trinamool Congress i Party Wise State Trends Leading In : 0 Won In : 80 Trailing In : 0,All India Trinamool Congress,i Party Wise State Trends Leading In : 0 Won In : 80 Trailing In : 0,Leading In,:,0,Won In,:,80,Trailing In,:,0,16241,17/17,Result Declared
https://results.eci.gov.in/ResultAcGenMay2026/statewiseS2511.htm,Bharatiya Janata Party,i Party Wise State Trends Leading In : 0 Won In : 207 Trailing In : 0,Leading In,:,0,Won In,:,207,Trailing In,:,0,,,,,,,,,,,,,,,,,,,,
https://results.eci.gov.in/ResultAcGenMay2026/statewiseS2511.htm,Leading In,:,0,,,,,,,,,,,,,,,,,,,,,,,,,,,,
https://results.eci.gov.in/ResultAcGenMay2026/statewiseS2511.htm,Won In,:,207,,,,,,,,,,,,,,,,,,,,,,,,,,,,
https://results.eci.gov.in/ResultAcGenMay2026/statewiseS2511.htm,Trailing In,:,0,,,,,,,,,,,,,,,,,,,,,,,,,,,,
https://results.eci.gov.in/ResultAcGenMay2026/statewiseS2511.htm,All India Trinamool Congress,i Party Wise State Trends Leading In : 0 Won In : 80 Trailing In : 0,Leading In,:,0,Won In,:,80,Trailing In,:,0,,,,,,,,,,,,,,,,,,,,
https://results.eci.gov.in/ResultAcGenMay2026/statewiseS2511.htm,Leading In,:,0,,,,,,,,,,,,,,,,,,,,,,,,,,,,
https://results.eci.gov.in/ResultAcGenMay2026/statewiseS2511.htm,Won In,:,80,,,,,,,,,,,,,,,,,,,,,,,,,,,,
https://results.eci.gov.in/ResultAcGenMay2026/statewiseS2511.htm,Trailing In,:,0,,,,,,,,,,,,,,,,,,,,,,,,,,,,
https://results.eci.gov.in/ResultAcGenMay2026/statewiseS2511.htm,MURARAI,294,DR. MOSARRAF HOSSAIN,All India Trinamool Congress i Party Wise State Trends Leading In : 0 Won In : 80 Trailing In : 0,All India Trinamool Congress,i Party Wise State Trends Leading In : 0 Won In : 80 Trailing In : 0,Leading In,:,0,Won In,:,80,Trailing In,:,0,SANJIBUR RAHAMAN (BAPPA),Indian National Congress i Party Wise State Trends Leading In : 0 Won In : 2 Trailing In : 0,Indian National Congress,i Party Wise State Trends Leading In : 0 Won In : 2 Trailing In : 0,Leading In,:,0,Won In,:,2,Trailing In,:,0,37705,22/22,Result Declared
https://results.eci.gov.in/ResultAcGenMay2026/statewiseS2511.htm,All India Trinamool Congress,i Party Wise State Trends Leading In : 0 Won In : 80 Trailing In : 0,Leading In,:,0,Won In,:,80,Trailing In,:,0,,,,,,,,,,,,,,,,,,,,
https://results.eci.gov.in/ResultAcGenMay2026/statewiseS2511.htm,Leading In,:,0,,,,,,,,,,,,,,,,,,,,,,,,,,,,
https://results.eci.gov.in/ResultAcGenMay2026/statewiseS2511.htm,Won In,:,80,,,,,,,,,,,,,,,,,,,,,,,,,,,,
https://results.eci.gov.in/ResultAcGenMay2026/statewiseS2511.htm,Trailing In,:,0,,,,,,,,,,,,,,,,,,,,,,,,,,,,
https://results.eci.gov.in/ResultAcGenMay2026/statewiseS2511.htm,Indian National Congress,i Party Wise State Trends Leading In : 0 Won In : 2 Trailing In : 0,Leading In,:,0,Won In,:,2,Trailing In,:,0,,,,,,,,,,,,,,,,,,,,
https://results.eci.gov.in/ResultAcGenMay2026/statewiseS2511.htm,Leading In,:,0,,,,,,,,,,,,,,,,,,,,,,,,,,,,
https://results.eci.gov.in/ResultAcGenMay2026/statewiseS2511.htm,Won In,:,2,,,,,,,,,,,,,,,,,,,,,,,,,,,,
https://results.eci.gov.in/ResultAcGenMay2026/statewiseS2511.htm,Trailing In,:,0,,,,,,,,,,,,,,,,,,,,,,,,,,,,
https://results.eci.gov.in/ResultAcGenMay2026/statewiseS2511.htm,MURSHIDABAD,64,GOURI SANKAR GHOSH,Bharatiya Janata Party i Party Wise State Trends Leading In : 0 Won In : 207 Trailing In : 0,Bharatiya Janata Party,i Party Wise State Trends Leading In : 0 Won In : 207 Trailing In : 0,Leading In,:,0,Won In,:,207,Trailing In,:,0,SHAONI SINGHA ROY,All India Trinamool Congress i Party Wise State Trends Leading In : 0 Won In : 80 Trailing In : 0,All India Trinamool Congress,i Party Wise State Trends Leading In : 0 Won In : 80 Trailing In : 0,Leading In,:,0,Won In,:,80,Trailing In,:,0,31521,23/23,Result Declared
https://results.eci.gov.in/ResultAcGenMay2026/statewiseS2511.htm,Bharatiya Janata Party,i Party Wise State Trends Leading In : 0 Won In : 207 Trailing In : 0,Leading In,:,0,Won In,:,207,Trailing In,:,0,,,,,,,,,,,,,,,,,,,,
https://results.eci.gov.in/ResultAcGenMay2026/statewiseS2511.htm,Leading In,:,0,,,,,,,,,,,,,,,,,,,,,,,,,,,,
https://results.eci.gov.in/ResultAcGenMay2026/statewiseS2511.htm,Won In,:,207,,,,,,,,,,,,,,,,,,,,,,,,,,,,
https://results.eci.gov.in/ResultAcGenMay2026/statewiseS2511.htm,Trailing In,:,0,,,,,,,,,,,,,,,,,,,,,,,,,,,,
https://results.eci.gov.in/ResultAcGenMay2026/statewiseS2511.htm,All India Trinamool Congress,i Party Wise State Trends Leading In : 0 Won In : 80 Trailing In : 0,Leading In,:,0,Won In,:,80,Trailing In,:,0,,,,,,,,,,,,,,,,,,,,
https://results.eci.gov.in/ResultAcGenMay2026/statewiseS2511.htm,Leading In,:,0,,,,,,,,,,,,,,,,,,,,,,,,,,,,
https://results.eci.gov.in/ResultAcGenMay2026/statewiseS2511.htm,Won In,:,80,,,,,,,,,,,,,,,,,,,,,,,,,,,,
https://results.eci.gov.in/ResultAcGenMay2026/statewiseS2511.htm,Trailing In,:,0,,,,,,,,,,,,,,,,,,,,,,,,,,,,
https://results.eci.gov.in/ResultAcGenMay2026/statewiseS2511.htm,NABADWIP,84,SRUTISEKHAR GOSWAMI,Bharatiya Janata Party i Party Wise State Trends Leading In : 0 Won In : 207 Trailing In : 0,Bharatiya Janata Party,i Party Wise State Trends Leading In : 0 Won In : 207 Trailing In : 0,Leading In,:,0,Won In,:,207,Trailing In,:,0,PUNDARIKAKSHYA SAHA,All India Trinamool Congress i Party Wise State Trends Leading In : 0 Won In : 80 Trailing In : 0,All India Trinamool Congress,i Party Wise State Trends Leading In : 0 Won In : 80 Trailing In : 0,Leading In,:,0,Won In,:,80,Trailing In,:,0,21444,14/14,Result Declared
https://results.eci.gov.in/ResultAcGenMay2026/statewiseS2511.htm,Bharatiya Janata Party,i Party Wise State Trends Leading In : 0 Won In : 207 Trailing In : 0,Leading In,:,0,Won In,:,207,Trailing In,:,0,,,,,,,,,,,,,,,,,,,,
https://results.eci.gov.in/ResultAcGenMay2026/statewiseS2511.htm,Leading In,:,0,,,,,,,,,,,,,,,,,,,,,,,,,,,,
https://results.eci.gov.in/ResultAcGenMay2026/statewiseS2511.htm,Won In,:,207,,,,,,,,,,,,,,,,,,,,,,,,,,,,
https://results.eci.gov.in/ResultAcGenMay2026/statewiseS2511.htm,Trailing In,:,0,,,,,,,,,,,,,,,,,,,,,,,,,,,,
https://results.eci.gov.in/ResultAcGenMay2026/statewiseS2511.htm,All India Trinamool Congress,i Party Wise State Trends Leading In : 0 Won In : 80 Trailing In : 0,Leading In,:,0,Won In,:,80,Trailing In,:,0,,,,,,,,,,,,,,,,,,,,
https://results.eci.gov.in/ResultAcGenMay2026/statewiseS2511.htm,Leading In,:,0,,,,,,,,,,,,,,,,,,,,,,,,,,,,
https://results.eci.gov.in/ResultAcGenMay2026/statewiseS2511.htm,Won In,:,80,,,,,,,,,,,,,,,,,,,,,,,,,,,,
https://results.eci.gov.in/ResultAcGenMay2026/statewiseS2511.htm,Trailing In,:,0,,,,,,,,,,,,,,,,,,,,,,,,,,,,
https://results.eci.gov.in/ResultAcGenMay2026/statewiseS2511.htm,NABAGRAM,65,DILIP SAHA,Bharatiya Janata Party i Party Wise State Trends Leading In : 0 Won In : 207 Trailing In : 0,Bharatiya Janata Party,i Party Wise State Trends Leading In : 0 Won In : 207 Trailing In : 0,Leading In,:,0,Won In,:,207,Trailing In,:,0,PRONAB CHANDRA DAS,All India Trinamool Congress i Party Wise State Trends Leading In : 0 Won In : 80 Trailing In : 0,All India Trinamool Congress,i Party Wise State Trends Leading In : 0 Won In : 80 Trailing In : 0,Leading In,:,0,Won In,:,80,Trailing In,:,0,5919,25/25,Result Declared
https://results.eci.gov.in/ResultAcGenMay2026/statewiseS2511.htm,Bharatiya Janata Party,i Party Wise State Trends Leading In : 0 Won In : 207 Trailing In : 0,Leading In,:,0,Won In,:,207,Trailing In,:,0,,,,,,,,,,,,,,,,,,,,
https://results.eci.gov.in/ResultAcGenMay2026/statewiseS2511.htm,Leading In,:,0,,,,,,,,,,,,,,,,,,,,,,,,,,,,
https://results.eci.gov.in/ResultAcGenMay2026/statewiseS2511.htm,Won In,:,207,,,,,,,,,,,,,,,,,,,,,,,,,,,,
https://results.eci.gov.in/ResultAcGenMay2026/statewiseS2511.htm,Trailing In,:,0,,,,,,,,,,,,,,,,,,,,,,,,,,,,
https://results.eci.gov.in/ResultAcGenMay2026/statewiseS2511.htm,All India Trinamool Congress,i Party Wise State Trends Leading In : 0 Won In : 80 Trailing In : 0,Leading In,:,0,Won In,:,80,Trailing In,:,0,,,,,,,,,,,,,,,,,,,,
https://results.eci.gov.in/ResultAcGenMay2026/statewiseS2511.htm,Leading In,:,0,,,,,,,,,,,,,,,,,,,,,,,,,,,,
https://results.eci.gov.in/ResultAcGenMay2026/statewiseS2511.htm,Won In,:,80,,,,,,,,,,,,,,,,,,,,,,,,,,,,
https://results.eci.gov.in/ResultAcGenMay2026/statewiseS2511.htm,Trailing In,:,0,,,,,,,,,,,,,,,,,,,,,,,,,,,,
https://results.eci.gov.in/ResultAcGenMay2026/statewiseS2511.htm,NAGRAKATA,21,PUNA BHENGRA,Bharatiya Janata Party i Party Wise State Trends Leading In : 0 Won In : 207 Trailing In : 0,Bharatiya Janata Party,i Party Wise State Trends Leading In : 0 Won In : 207 Trailing In : 0,Leading In,:,0,Won In,:,207,Trailing In,:,0,SANJAY KUJUR,All India Trinamool Congress i Party Wise State Trends Leading In : 0 Won In : 80 Trailing In : 0,All India Trinamool Congress,i Party Wise State Trends Leading In : 0 Won In : 80 Trailing In : 0,Leading In,:,0,Won In,:,80,Trailing In,:,0,25858,19/19,Result Declared
https://results.eci.gov.in/ResultAcGenMay2026/statewiseS2511.htm,Bharatiya Janata Party,i Party Wise State Trends Leading In : 0 Won In : 207 Trailing In : 0,Leading In,:,0,Won In,:,207,Trailing In,:,0,,,,,,,,,,,,,,,,,,,,
https://results.eci.gov.in/ResultAcGenMay2026/statewiseS2511.htm,Leading In,:,0,,,,,,,,,,,,,,,,,,,,,,,,,,,,
https://results.eci.gov.in/ResultAcGenMay2026/statewiseS2511.htm,Won In,:,207,,,,,,,,,,,,,,,,,,,,,,,,,,,,
https://results.eci.gov.in/ResultAcGenMay2026/statewiseS2511.htm,Trailing In,:,0,,,,,,,,,,,,,,,,,,,,,,,,,,,,
https://results.eci.gov.in/ResultAcGenMay2026/statewiseS2511.htm,All India Trinamool Congress,i Party Wise State Trends Leading In : 0 Won In : 80 Trailing In : 0,Leading In,:,0,Won In,:,80,Trailing In,:,0,,,,,,,,,,,,,,,,,,,,
https://results.eci.gov.in/ResultAcGenMay2026/statewiseS2511.htm,Leading In,:,0,,,,,,,,,,,,,,,,,,,,,,,,,,,,
https://results.eci.gov.in/ResultAcGenMay2026/statewiseS2511.htm,Won In,:,80,,,,,,,,,,,,,,,,,,,,,,,,,,,,
https://results.eci.gov.in/ResultAcGenMay2026/statewiseS2511.htm,Trailing In,:,0,,,,,,,,,,,,,,,,,,,,,,,,,,,,
https://results.eci.gov.in/ResultAcGenMay2026/statewiseS2511.htm,NAIHATI,104,SUMITRO CHATTERJEE,Bharatiya Janata Party i Party Wise State Trends Leading In : 0 Won In : 207 Trailing In : 0,Bharatiya Janata Party,i Party Wise State Trends Leading In : 0 Won In : 207 Trailing In : 0,Leading In,:,0,Won In,:,207,Trailing In,:,0,SANAT DEY,All India Trinamool Congress i Party Wise State Trends Leading In : 0 Won In : 80 Trailing In : 0,All India Trinamool Congress,i Party Wise State Trends Leading In : 0 Won In : 80 Trailing In : 0,Leading In,:,0,Won In,:,80,Trailing In,:,0,10430,12/12,Result Declared
https://results.eci.gov.in/ResultAcGenMay2026/statewiseS2511.htm,Bharatiya Janata Party,i Party Wise State Trends Leading In : 0 Won In : 207 Trailing In : 0,Leading In,:,0,Won In,:,207,Trailing In,:,0,,,,,,,,,,,,,,,,,,,,
https://results.eci.gov.in/ResultAcGenMay2026/statewiseS2511.htm,Leading In,:,0,,,,,,,,,,,,,,,,,,,,,,,,,,,,
https://results.eci.gov.in/ResultAcGenMay2026/statewiseS2511.htm,Won In,:,207,,,,,,,,,,,,,,,,,,,,,,,,,,,,
https://results.eci.gov.in/ResultAcGenMay2026/statewiseS2511.htm,Trailing In,:,0,,,,,,,,,,,,,,,,,,,,,,,,,,,,
https://results.eci.gov.in/ResultAcGenMay2026/statewiseS2511.htm,All India Trinamool Congress,i Party Wise State Trends Leading In : 0 Won In : 80 Trailing In : 0,Leading In,:,0,Won In,:,80,Trailing In,:,0,,,,,,,,,,,,,,,,,,,,
https://results.eci.gov.in/ResultAcGenMay2026/statewiseS2511.htm,Leading In,:,0,,,,,,,,,,,,,,,,,,,,,,,,,,,,
https://results.eci.gov.in/ResultAcGenMay2026/statewiseS2511.htm,Won In,:,80,,,,,,,,,,,,,,,,,,,,,,,,,,,,
https://results.eci.gov.in/ResultAcGenMay2026/statewiseS2511.htm,Trailing In,:,0,,,,,,,,,,,,,,,,,,,,,,,,,,,,
https://results.eci.gov.in/ResultAcGenMay2026/statewiseS2511.htm,NAKASHIPARA,81,SANTANU DEY,Bharatiya Janata Party i Party Wise State Trends Leading In : 0 Won In : 207 Trailing In : 0,Bharatiya Janata Party,i Party Wise State Trends Leading In : 0 Won In : 207 Trailing In : 0,Leading In,:,0,Won In,:,207,Trailing In,:,0,KALLOL KHAN,All India Trinamool Congress i Party Wise State Trends Leading In : 0 Won In : 80 Trailing In : 0,All India Trinamool Congress,i Party Wise State Trends Leading In : 0 Won In : 80 Trailing In : 0,Leading In,:,0,Won In,:,80,Trailing In,:,0,17327,13/13,Result Declared
https://results.eci.gov.in/ResultAcGenMay2026/statewiseS2511.htm,Bharatiya Janata Party,i Party Wise State Trends Leading In : 0 Won In : 207 Trailing In : 0,Leading In,:,0,Won In,:,207,Trailing In,:,0,,,,,,,,,,,,,,,,,,,,
https://results.eci.gov.in/ResultAcGenMay2026/statewiseS2511.htm,Leading In,:,0,,,,,,,,,,,,,,,,,,,,,,,,,,,,
https://results.eci.gov.in/ResultAcGenMay2026/statewiseS2511.htm,Won In,:,207,,,,,,,,,,,,,,,,,,,,,,,,,,,,
https://results.eci.gov.in/ResultAcGenMay2026/statewiseS2511.htm,Trailing In,:,0,,,,,,,,,,,,,,,,,,,,,,,,,,,,
https://results.eci.gov.in/ResultAcGenMay2026/statewiseS2511.htm,All India Trinamool Congress,i Party Wise State Trends Leading In : 0 Won In : 80 Trailing In : 0,Leading In,:,0,Won In,:,80,Trailing In,:,0,,,,,,,,,,,,,,,,,,,,
https://results.eci.gov.in/ResultAcGenMay2026/statewiseS2511.htm,Leading In,:,0,,,,,,,,,,,,,,,,,,,,,,,,,,,,
https://results.eci.gov.in/ResultAcGenMay2026/statewiseS2511.htm,Won In,:,80,,,,,,,,,,,,,,,,,,,,,,,,,,,,
https://results.eci.gov.in/ResultAcGenMay2026/statewiseS2511.htm,Trailing In,:,0,,,,,,,,,,,,,,,,,,,,,,,,,,,,
https://results.eci.gov.in/ResultAcGenMay2026/statewiseS2511.htm,NALHATI,293,RAJENDRA PRASAD SINGH(RAJU SINGH),All India Trinamool Congress i Party Wise State Trends Leading In : 0 Won In : 80 Trailing In : 0,All India Trinamool Congress,i Party Wise State Trends Leading In : 0 Won In : 80 Trailing In : 0,Leading In,:,0,Won In,:,80,Trailing In,:,0,ANIL KUMAR SINGH,Bharatiya Janata Party i Party Wise State Trends Leading In : 0 Won In : 207 Trailing In : 0,Bharatiya Janata Party,i Party Wise State Trends Leading In : 0 Won In : 207 Trailing In : 0,Leading In,:,0,Won In,:,207,Trailing In,:,0,13446,21/21,Result Declared
https://results.eci.gov.in/ResultAcGenMay2026/statewiseS2511.htm,All India Trinamool Congress,i Party Wise State Trends Leading In : 0 Won In : 80 Trailing In : 0,Leading In,:,0,Won In,:,80,Trailing In,:,0,,,,,,,,,,,,,,,,,,,,
https://results.eci.gov.in/ResultAcGenMay2026/statewiseS2511.htm,Leading In,:,0,,,,,,,,,,,,,,,,,,,,,,,,,,,,
https://results.eci.gov.in/ResultAcGenMay2026/statewiseS2511.htm,Won In,:,80,,,,,,,,,,,,,,,,,,,,,,,,,,,,
https://results.eci.gov.in/ResultAcGenMay2026/statewiseS2511.htm,Trailing In,:,0,,,,,,,,,,,,,,,,,,,,,,,,,,,,
https://results.eci.gov.in/ResultAcGenMay2026/statewiseS2511.htm,Bharatiya Janata Party,i Party Wise State Trends Leading In : 0 Won In : 207 Trailing In : 0,Leading In,:,0,Won In,:,207,Trailing In,:,0,,,,,,,,,,,,,,,,,,,,
https://results.eci.gov.in/ResultAcGenMay2026/statewiseS2511.htm,Leading In,:,0,,,,,,,,,,,,,,,,,,,,,,,,,,,,
https://results.eci.gov.in/ResultAcGenMay2026/statewiseS2511.htm,Won In,:,207,,,,,,,,,,,,,,,,,,,,,,,,,,,,
https://results.eci.gov.in/ResultAcGenMay2026/statewiseS2511.htm,Trailing In,:,0,,,,,,,,,,,,,,,,,,,,,,,,,,,,
https://results.eci.gov.in/ResultAcGenMay2026/statewiseS2511.htm,NANDAKUMAR,207,KHANRA NIRMAL,Bharatiya Janata Party i Party Wise State Trends Leading In : 0 Won In : 207 Trailing In : 0,Bharatiya Janata Party,i Party Wise State Trends Leading In : 0 Won In : 207 Trailing In : 0,Leading In,:,0,Won In,:,207,Trailing In,:,0,SUKUMAR DE,All India Trinamool Congress i Party Wise State Trends Leading In : 0 Won In : 80 Trailing In : 0,All India Trinamool Congress,i Party Wise State Trends Leading In : 0 Won In : 80 Trailing In : 0,Leading In,:,0,Won In,:,80,Trailing In,:,0,30603,15/15,Result Declared
https://results.eci.gov.in/ResultAcGenMay2026/statewiseS2511.htm,Bharatiya Janata Party,i Party Wise State Trends Leading In : 0 Won In : 207 Trailing In : 0,Leading In,:,0,Won In,:,207,Trailing In,:,0,,,,,,,,,,,,,,,,,,,,
https://results.eci.gov.in/ResultAcGenMay2026/statewiseS2511.htm,Leading In,:,0,,,,,,,,,,,,,,,,,,,,,,,,,,,,
https://results.eci.gov.in/ResultAcGenMay2026/statewiseS2511.htm,Won In,:,207,,,,,,,,,,,,,,,,,,,,,,,,,,,,
https://results.eci.gov.in/ResultAcGenMay2026/statewiseS2511.htm,Trailing In,:,0,,,,,,,,,,,,,,,,,,,,,,,,,,,,
https://results.eci.gov.in/ResultAcGenMay2026/statewiseS2511.htm,All India Trinamool Congress,i Party Wise State Trends Leading In : 0 Won In : 80 Trailing In : 0,Leading In,:,0,Won In,:,80,Trailing In,:,0,,,,,,,,,,,,,,,,,,,,
https://results.eci.gov.in/ResultAcGenMay2026/statewiseS2511.htm,Leading In,:,0,,,,,,,,,,,,,,,,,,,,,,,,,,,,
https://results.eci.gov.in/ResultAcGenMay2026/statewiseS2511.htm,Won In,:,80,,,,,,,,,,,,,,,,,,,,,,,,,,,,
https://results.eci.gov.in/ResultAcGenMay2026/statewiseS2511.htm,Trailing In,:,0,,,,,,,,,,,,,,,,,,,,,,,,,,,,
https://results.eci.gov.in/ResultAcGenMay2026/statewiseS2511.htm,NANDIGRAM,210,ADHIKARI SUVENDU,Bharatiya Janata Party i Party Wise State Trends Leading In : 0 Won In : 207 Trailing In : 0,Bharatiya Janata Party,i Party Wise State Trends Leading In : 0 Won In : 207 Trailing In : 0,Leading In,:,0,Won In,:,207,Trailing In,:,0,PABITRA KAR,All India Trinamool Congress i Party Wise State Trends Leading In : 0 Won In : 80 Trailing In : 0,All India Trinamool Congress,i Party Wise State Trends Leading In : 0 Won In : 80 Trailing In : 0,Leading In,:,0,Won In,:,80,Trailing In,:,0,9665,19/19,Result Declared
https://results.eci.gov.in/ResultAcGenMay2026/statewiseS2511.htm,Bharatiya Janata Party,i Party Wise State Trends Leading In : 0 Won In : 207 Trailing In : 0,Leading In,:,0,Won In,:,207,Trailing In,:,0,,,,,,,,,,,,,,,,,,,,
https://results.eci.gov.in/ResultAcGenMay2026/statewiseS2511.htm,Leading In,:,0,,,,,,,,,,,,,,,,,,,,,,,,,,,,
https://results.eci.gov.in/ResultAcGenMay2026/statewiseS2511.htm,Won In,:,207,,,,,,,,,,,,,,,,,,,,,,,,,,,,
https://results.eci.gov.in/ResultAcGenMay2026/statewiseS2511.htm,Trailing In,:,0,,,,,,,,,,,,,,,,,,,,,,,,,,,,
https://results.eci.gov.in/ResultAcGenMay2026/statewiseS2511.htm,All India Trinamool Congress,i Party Wise State Trends Leading In : 0 Won In : 80 Trailing In : 0,Leading In,:,0,Won In,:,80,Trailing In,:,0,,,,,,,,,,,,,,,,,,,,
https://results.eci.gov.in/ResultAcGenMay2026/statewiseS2511.htm,Leading In,:,0,,,,,,,,,,,,,,,,,,,,,,,,,,,,
https://results.eci.gov.in/ResultAcGenMay2026/statewiseS2511.htm,Won In,:,80,,,,,,,,,,,,,,,,,,,,,,,,,,,,
https://results.eci.gov.in/ResultAcGenMay2026/statewiseS2511.htm,Trailing In,:,0,,,,,,,,,,,,,,,,,,,,,,,,,,,,
https://results.eci.gov.in/ResultAcGenMay2026/statewiseS2511.htm,NANOOR,287,BIDHAN CHANDRA MAJHI,All India Trinamool Congress i Party Wise State Trends Leading In : 0 Won In : 80 Trailing In : 0,All India Trinamool Congress,i Party Wise State Trends Leading In : 0 Won In : 80 Trailing In : 0,Leading In,:,0,Won In,:,80,Trailing In,:,0,KHOKAN DAS,Bharatiya Janata Party i Party Wise State Trends Leading In : 0 Won In : 207 Trailing In : 0,Bharatiya Janata Party,i Party Wise State Trends Leading In : 0 Won In : 207 Trailing In : 0,Leading In,:,0,Won In,:,207,Trailing In,:,0,8122,24/24,Result Declared
https://results.eci.gov.in/ResultAcGenMay2026/statewiseS2511.htm,All India Trinamool Congress,i Party Wise State Trends Leading In : 0 Won In : 80 Trailing In : 0,Leading In,:,0,Won In,:,80,Trailing In,:,0,,,,,,,,,,,,,,,,,,,,
https://results.eci.gov.in/ResultAcGenMay2026/statewiseS2511.htm,Leading In,:,0,,,,,,,,,,,,,,,,,,,,,,,,,,,,
https://results.eci.gov.in/ResultAcGenMay2026/statewiseS2511.htm,Won In,:,80,,,,,,,,,,,,,,,,,,,,,,,,,,,,
https://results.eci.gov.in/ResultAcGenMay2026/statewiseS2511.htm,Trailing In,:,0,,,,,,,,,,,,,,,,,,,,,,,,,,,,
https://results.eci.gov.in/ResultAcGenMay2026/statewiseS2511.htm,Bharatiya Janata Party,i Party Wise State Trends Leading In : 0 Won In : 207 Trailing In : 0,Leading In,:,0,Won In,:,207,Trailing In,:,0,,,,,,,,,,,,,,,,,,,,
https://results.eci.gov.in/ResultAcGenMay2026/statewiseS2511.htm,Leading In,:,0,,,,,,,,,,,,,,,,,,,,,,,,,,,,
https://results.eci.gov.in/ResultAcGenMay2026/statewiseS2511.htm,Won In,:,207,,,,,,,,,,,,,,,,,,,,,,,,,,,,
https://results.eci.gov.in/ResultAcGenMay2026/statewiseS2511.htm,Trailing In,:,0,,,,,,,,,,,,,,,,,,,,,,,,,,,,
https://results.eci.gov.in/ResultAcGenMay2026/statewiseS2511.htm,NARAYANGARH,225,GIRI RAMAPRASAD,Bharatiya Janata Party i Party Wise State Trends Leading In : 0 Won In : 207 Trailing In : 0,Bharatiya Janata Party,i Party Wise State Trends Leading In : 0 Won In : 207 Trailing In : 0,Leading In,:,0,Won In,:,207,Trailing In,:,0,PRATIBHA MAITI,All India Trinamool Congress i Party Wise State Trends Leading In : 0 Won In : 80 Trailing In : 0,All India Trinamool Congress,i Party Wise State Trends Leading In : 0 Won In : 80 Trailing In : 0,Leading In,:,0,Won In,:,80,Trailing In,:,0,20367,22/22,Result Declared
https://results.eci.gov.in/ResultAcGenMay2026/statewiseS2511.htm,Bharatiya Janata Party,i Party Wise State Trends Leading In : 0 Won In : 207 Trailing In : 0,Leading In,:,0,Won In,:,207,Trailing In,:,0,,,,,,,,,,,,,,,,,,,,
https://results.eci.gov.in/ResultAcGenMay2026/statewiseS2511.htm,Leading In,:,0,,,,,,,,,,,,,,,,,,,,,,,,,,,,
https://results.eci.gov.in/ResultAcGenMay2026/statewiseS2511.htm,Won In,:,207,,,,,,,,,,,,,,,,,,,,,,,,,,,,
https://results.eci.gov.in/ResultAcGenMay2026/statewiseS2511.htm,Trailing In,:,0,,,,,,,,,,,,,,,,,,,,,,,,,,,,
https://results.eci.gov.in/ResultAcGenMay2026/statewiseS2511.htm,All India Trinamool Congress,i Party Wise State Trends Leading In : 0 Won In : 80 Trailing In : 0,Leading In,:,0,Won In,:,80,Trailing In,:,0,,,,,,,,,,,,,,,,,,,,
https://results.eci.gov.in/ResultAcGenMay2026/statewiseS2511.htm,Leading In,:,0,,,,,,,,,,,,,,,,,,,,,,,,,,,,
https://results.eci.gov.in/ResultAcGenMay2026/statewiseS2511.htm,Won In,:,80,,,,,,,,,,,,,,,,,,,,,,,,,,,,
https://results.eci.gov.in/ResultAcGenMay2026/statewiseS2511.htm,Trailing In,:,0,,,,,,,,,,,,,,,,,,,,,,,,,,,,
https://results.eci.gov.in/ResultAcGenMay2026/statewiseS2511.htm,NATABARI,8,GIRIJA SHANKAR RAY,Bharatiya Janata Party i Party Wise State Trends Leading In : 0 Won In : 207 Trailing In : 0,Bharatiya Janata Party,i Party Wise State Trends Leading In : 0 Won In : 207 Trailing In : 0,Leading In,:,0,Won In,:,207,Trailing In,:,0,SAILENDRA NATH BARMA,All India Trinamool Congress i Party Wise State Trends Leading In : 0 Won In : 80 Trailing In : 0,All India Trinamool Congress,i Party Wise State Trends Leading In : 0 Won In : 80 Trailing In : 0,Leading In,:,0,Won In,:,80,Trailing In,:,0,34613,22/22,Result Declared
https://results.eci.gov.in/ResultAcGenMay2026/statewiseS2511.htm,Bharatiya Janata Party,i Party Wise State Trends Leading In : 0 Won In : 207 Trailing In : 0,Leading In,:,0,Won In,:,207,Trailing In,:,0,,,,,,,,,,,,,,,,,,,,
https://results.eci.gov.in/ResultAcGenMay2026/statewiseS2511.htm,Leading In,:,0,,,,,,,,,,,,,,,,,,,,,,,,,,,,
https://results.eci.gov.in/ResultAcGenMay2026/statewiseS2511.htm,Won In,:,207,,,,,,,,,,,,,,,,,,,,,,,,,,,,
https://results.eci.gov.in/ResultAcGenMay2026/statewiseS2511.htm,Trailing In,:,0,,,,,,,,,,,,,,,,,,,,,,,,,,,,
https://results.eci.gov.in/ResultAcGenMay2026/statewiseS2511.htm,All India Trinamool Congress,i Party Wise State Trends Leading In : 0 Won In : 80 Trailing In : 0,Leading In,:,0,Won In,:,80,Trailing In,:,0,,,,,,,,,,,,,,,,,,,,
https://results.eci.gov.in/ResultAcGenMay2026/statewiseS2511.htm,Leading In,:,0,,,,,,,,,,,,,,,,,,,,,,,,,,,,
https://results.eci.gov.in/ResultAcGenMay2026/statewiseS2511.htm,Won In,:,80,,,,,,,,,,,,,,,,,,,,,,,,,,,,
https://results.eci.gov.in/ResultAcGenMay2026/statewiseS2511.htm,Trailing In,:,0,,,,,,,,,,,,,,,,,,,,,,,,,,,,
https://results.eci.gov.in/ResultAcGenMay2026/statewiseS2511.htm,NAYAGRAM,220,AMIYA KISKU,Bharatiya Janata Party i Party Wise State Trends Leading In : 0 Won In : 207 Trailing In : 0,Bharatiya Janata Party,i Party Wise State Trends Leading In : 0 Won In : 207 Trailing In : 0,Leading In,:,0,Won In,:,207,Trailing In,:,0,DULAL MURMU,All India Trinamool Congress i Party Wise State Trends Leading In : 0 Won In : 80 Trailing In : 0,All India Trinamool Congress,i Party Wise State Trends Leading In : 0 Won In : 80 Trailing In : 0,Leading In,:,0,Won In,:,80,Trailing In,:,0,6424,21/21,Result Declared
https://results.eci.gov.in/ResultAcGenMay2026/statewiseS2511.htm,Bharatiya Janata Party,i Party Wise State Trends Leading In : 0 Won In : 207 Trailing In : 0,Leading In,:,0,Won In,:,207,Trailing In,:,0,,,,,,,,,,,,,,,,,,,,
https://results.eci.gov.in/ResultAcGenMay2026/statewiseS2511.htm,Leading In,:,0,,,,,,,,,,,,,,,,,,,,,,,,,,,,
https://results.eci.gov.in/ResultAcGenMay2026/statewiseS2511.htm,Won In,:,207,,,,,,,,,,,,,,,,,,,,,,,,,,,,
https://results.eci.gov.in/ResultAcGenMay2026/statewiseS2511.htm,Trailing In,:,0,,,,,,,,,,,,,,,,,,,,,,,,,,,,
https://results.eci.gov.in/ResultAcGenMay2026/statewiseS2511.htm,All India Trinamool Congress,i Party Wise State Trends Leading In : 0 Won In : 80 Trailing In : 0,Leading In,:,0,Won In,:,80,Trailing In,:,0,,,,,,,,,,,,,,,,,,,,
https://results.eci.gov.in/ResultAcGenMay2026/statewiseS2511.htm,Leading In,:,0,,,,,,,,,,,,,,,,,,,,,,,,,,,,
https://results.eci.gov.in/ResultAcGenMay2026/statewiseS2511.htm,Won In,:,80,,,,,,,,,,,,,,,,,,,,,,,,,,,,
https://results.eci.gov.in/ResultAcGenMay2026/statewiseS2511.htm,Trailing In,:,0,,,,,,,,,,,,,,,,,,,,,,,,,,,,
https://results.eci.gov.in/ResultAcGenMay2026/statewiseS2511.htm,NOAPARA,107,ARJUN SINGH,Bharatiya Janata Party i Party Wise State Trends Leading In : 0 Won In : 207 Trailing In : 0,Bharatiya Janata Party,i Party Wise State Trends Leading In : 0 Won In : 207 Trailing In : 0,Leading In,:,0,Won In,:,207,Trailing In,:,0,TRINANKUR BHATTACHARJEE,All India Trinamool Congress i Party Wise State Trends Leading In : 0 Won In : 80 Trailing In : 0,All India Trinamool Congress,i Party Wise State Trends Leading In : 0 Won In : 80 Trailing In : 0,Leading In,:,0,Won In,:,80,Trailing In,:,0,17656,14/14,Result Declared
https://results.eci.gov.in/ResultAcGenMay2026/statewiseS2511.htm,Bharatiya Janata Party,i Party Wise State Trends Leading In : 0 Won In : 207 Trailing In : 0,Leading In,:,0,Won In,:,207,Trailing In,:,0,,,,,,,,,,,,,,,,,,,,
https://results.eci.gov.in/ResultAcGenMay2026/statewiseS2511.htm,Leading In,:,0,,,,,,,,,,,,,,,,,,,,,,,,,,,,
https://results.eci.gov.in/ResultAcGenMay2026/statewiseS2511.htm,Won In,:,207,,,,,,,,,,,,,,,,,,,,,,,,,,,,
https://results.eci.gov.in/ResultAcGenMay2026/statewiseS2511.htm,Trailing In,:,0,,,,,,,,,,,,,,,,,,,,,,,,,,,,
https://results.eci.gov.in/ResultAcGenMay2026/statewiseS2511.htm,All India Trinamool Congress,i Party Wise State Trends Leading In : 0 Won In : 80 Trailing In : 0,Leading In,:,0,Won In,:,80,Trailing In,:,0,,,,,,,,,,,,,,,,,,,,
https://results.eci.gov.in/ResultAcGenMay2026/statewiseS2511.htm,Leading In,:,0,,,,,,,,,,,,,,,,,,,,,,,,,,,,
https://results.eci.gov.in/ResultAcGenMay2026/statewiseS2511.htm,Won In,:,80,,,,,,,,,,,,,,,,,,,,,,,,,,,,
https://results.eci.gov.in/ResultAcGenMay2026/statewiseS2511.htm,Trailing In,:,0,,,,,,,,,,,,,,,,,,,,,,,,,,,,
https://results.eci.gov.in/ResultAcGenMay2026/statewiseS2511.htm,NOWDA,74,HUMAYUN KABIR,Aam Janata Unnayan party i Party Wise State Trends Leading In : 0 Won In : 2 Trailing In : 0,Aam Janata Unnayan party,i Party Wise State Trends Leading In : 0 Won In : 2 Trailing In : 0,Leading In,:,0,Won In,:,2,Trailing In,:,0,RANA MANDAL,Bharatiya Janata Party i Party Wise State Trends Leading In : 0 Won In : 207 Trailing In : 0,Bharatiya Janata Party,i Party Wise State Trends Leading In : 0 Won In : 207 Trailing In : 0,Leading In,:,0,Won In,:,207,Trailing In,:,0,27943,21/21,Result Declared
https://results.eci.gov.in/ResultAcGenMay2026/statewiseS2511.htm,Aam Janata Unnayan party,i Party Wise State Trends Leading In : 0 Won In : 2 Trailing In : 0,Leading In,:,0,Won In,:,2,Trailing In,:,0,,,,,,,,,,,,,,,,,,,,
https://results.eci.gov.in/ResultAcGenMay2026/statewiseS2511.htm,Leading In,:,0,,,,,,,,,,,,,,,,,,,,,,,,,,,,
https://results.eci.gov.in/ResultAcGenMay2026/statewiseS2511.htm,Won In,:,2,,,,,,,,,,,,,,,,,,,,,,,,,,,,
https://results.eci.gov.in/ResultAcGenMay2026/statewiseS2511.htm,Trailing In,:,0,,,,,,,,,,,,,,,,,,,,,,,,,,,,
https://results.eci.gov.in/ResultAcGenMay2026/statewiseS2511.htm,Bharatiya Janata Party,i Party Wise State Trends Leading In : 0 Won In : 207 Trailing In : 0,Leading In,:,0,Won In,:,207,Trailing In,:,0,,,,,,,,,,,,,,,,,,,,
https://results.eci.gov.in/ResultAcGenMay2026/statewiseS2511.htm,Leading In,:,0,,,,,,,,,,,,,,,,,,,,,,,,,,,,
https://results.eci.gov.in/ResultAcGenMay2026/statewiseS2511.htm,Won In,:,207,,,,,,,,,,,,,,,,,,,,,,,,,,,,
https://results.eci.gov.in/ResultAcGenMay2026/statewiseS2511.htm,Trailing In,:,0,,,,,,,,,,,,,,,,,,,,,,,,,,,,
https://results.eci.gov.in/ResultAcGenMay2026/statewiseS2511.htm,ONDA,254,AMARNATH SHAKHA,Bharatiya Janata Party i Party Wise State Trends Leading In : 0 Won In : 207 Trailing In : 0,Bharatiya Janata Party,i Party Wise State Trends Leading In : 0 Won In : 207 Trailing In : 0,Leading In,:,0,Won In,:,207,Trailing In,:,0,SUBRATA DUTTA (GOPI),All India Trinamool Congress i Party Wise State Trends Leading In : 0 Won In : 80 Trailing In : 0,All India Trinamool Congress,i Party Wise State Trends Leading In : 0 Won In : 80 Trailing In : 0,Leading In,:,0,Won In,:,80,Trailing In,:,0,31723,23/23,Result Declared
https://results.eci.gov.in/ResultAcGenMay2026/statewiseS2511.htm,Bharatiya Janata Party,i Party Wise State Trends Leading In : 0 Won In : 207 Trailing In : 0,Leading In,:,0,Won In,:,207,Trailing In,:,0,,,,,,,,,,,,,,,,,,,,
https://results.eci.gov.in/ResultAcGenMay2026/statewiseS2511.htm,Leading In,:,0,,,,,,,,,,,,,,,,,,,,,,,,,,,,
https://results.eci.gov.in/ResultAcGenMay2026/statewiseS2511.htm,Won In,:,207,,,,,,,,,,,,,,,,,,,,,,,,,,,,
https://results.eci.gov.in/ResultAcGenMay2026/statewiseS2511.htm,Trailing In,:,0,,,,,,,,,,,,,,,,,,,,,,,,,,,,
https://results.eci.gov.in/ResultAcGenMay2026/statewiseS2511.htm,All India Trinamool Congress,i Party Wise State Trends Leading In : 0 Won In : 80 Trailing In : 0,Leading In,:,0,Won In,:,80,Trailing In,:,0,,,,,,,,,,,,,,,,,,,,
https://results.eci.gov.in/ResultAcGenMay2026/statewiseS2511.htm,Leading In,:,0,,,,,,,,,,,,,,,,,,,,,,,,,,,,
https://results.eci.gov.in/ResultAcGenMay2026/statewiseS2511.htm,Won In,:,80,,,,,,,,,,,,,,,,,,,,,,,,,,,,
https://results.eci.gov.in/ResultAcGenMay2026/statewiseS2511.htm,Trailing In,:,0,,,,,,,,,,,,,,,,,,,,,,,,,,,,
https://results.eci.gov.in/ResultAcGenMay2026/statewiseS2511.htm,PALASHIPARA,79,RUKBANUR RAHMAN,All India Trinamool Congress i Party Wise State Trends Leading In : 0 Won In : 80 Trailing In : 0,All India Trinamool Congress,i Party Wise State Trends Leading In : 0 Won In : 80 Trailing In : 0,Leading In,:,0,Won In,:,80,Trailing In,:,0,ANIMA DUTTA,Bharatiya Janata Party i Party Wise State Trends Leading In : 0 Won In : 207 Trailing In : 0,Bharatiya Janata Party,i Party Wise State Trends Leading In : 0 Won In : 207 Trailing In : 0,Leading In,:,0,Won In,:,207,Trailing In,:,0,11454,22/22,Result Declared
https://results.eci.gov.in/ResultAcGenMay2026/statewiseS2511.htm,All India Trinamool Congress,i Party Wise State Trends Leading In : 0 Won In : 80 Trailing In : 0,Leading In,:,0,Won In,:,80,Trailing In,:,0,,,,,,,,,,,,,,,,,,,,
https://results.eci.gov.in/ResultAcGenMay2026/statewiseS2511.htm,Leading In,:,0,,,,,,,,,,,,,,,,,,,,,,,,,,,,
https://results.eci.gov.in/ResultAcGenMay2026/statewiseS2511.htm,Won In,:,80,,,,,,,,,,,,,,,,,,,,,,,,,,,,
https://results.eci.gov.in/ResultAcGenMay2026/statewiseS2511.htm,Trailing In,:,0,,,,,,,,,,,,,,,,,,,,,,,,,,,,
https://results.eci.gov.in/ResultAcGenMay2026/statewiseS2511.htm,Bharatiya Janata Party,i Party Wise State Trends Leading In : 0 Won In : 207 Trailing In : 0,Leading In,:,0,Won In,:,207,Trailing In,:,0,,,,,,,,,,,,,,,,,,,,
https://results.eci.gov.in/ResultAcGenMay2026/statewiseS2511.htm,Leading In,:,0,,,,,,,,,,,,,,,,,,,,,,,,,,,,
https://results.eci.gov.in/ResultAcGenMay2026/statewiseS2511.htm,Won In,:,207,,,,,,,,,,,,,,,,,,,,,,,,,,,,
https://results.eci.gov.in/ResultAcGenMay2026/statewiseS2511.htm,Trailing In,:,0,,,,,,,,,,,,,,,,,,,,,,,,,,,,
https://results.eci.gov.in/ResultAcGenMay2026/statewiseS2511.htm,,,,,,,,,,,,,,,,,,,,,,,,,,,,,,,
https://results.eci.gov.in/ResultAcGenMay2026/statewiseS2512.htm,Status Known For 293 out of 293 Constituencies,,,,,,,,,,,,,,,,,,,,,,,,,,,,,,
https://results.eci.gov.in/ResultAcGenMay2026/statewiseS2512.htm,Constituency,Const. No.,Leading Candidate,Leading Party,Trailing Candidate,Trailing Party,Margin,Round,Status,,,,,,,,,,,,,,,,,,,,,,
https://results.eci.gov.in/ResultAcGenMay2026/statewiseS2512.htm,PANCHLA,175,GULSAN MULLICK,All India Trinamool Congress i Party Wise State Trends Leading In : 0 Won In : 80 Trailing In : 0,All India Trinamool Congress,i Party Wise State Trends Leading In : 0 Won In : 80 Trailing In : 0,Leading In,:,0,Won In,:,80,Trailing In,:,0,RANJAN PAUL,Bharatiya Janata Party i Party Wise State Trends Leading In : 0 Won In : 207 Trailing In : 0,Bharatiya Janata Party,i Party Wise State Trends Leading In : 0 Won In : 207 Trailing In : 0,Leading In,:,0,Won In,:,207,Trailing In,:,0,38320,18/18,Result Declared
https://results.eci.gov.in/ResultAcGenMay2026/statewiseS2512.htm,All India Trinamool Congress,i Party Wise State Trends Leading In : 0 Won In : 80 Trailing In : 0,Leading In,:,0,Won In,:,80,Trailing In,:,0,,,,,,,,,,,,,,,,,,,,
https://results.eci.gov.in/ResultAcGenMay2026/statewiseS2512.htm,Leading In,:,0,,,,,,,,,,,,,,,,,,,,,,,,,,,,
https://results.eci.gov.in/ResultAcGenMay2026/statewiseS2512.htm,Won In,:,80,,,,,,,,,,,,,,,,,,,,,,,,,,,,
https://results.eci.gov.in/ResultAcGenMay2026/statewiseS2512.htm,Trailing In,:,0,,,,,,,,,,,,,,,,,,,,,,,,,,,,
https://results.eci.gov.in/ResultAcGenMay2026/statewiseS2512.htm,Bharatiya Janata Party,i Party Wise State Trends Leading In : 0 Won In : 207 Trailing In : 0,Leading In,:,0,Won In,:,207,Trailing In,:,0,,,,,,,,,,,,,,,,,,,,
https://results.eci.gov.in/ResultAcGenMay2026/statewiseS2512.htm,Leading In,:,0,,,,,,,,,,,,,,,,,,,,,,,,,,,,
https://results.eci.gov.in/ResultAcGenMay2026/statewiseS2512.htm,Won In,:,207,,,,,,,,,,,,,,,,,,,,,,,,,,,,
https://results.eci.gov.in/ResultAcGenMay2026/statewiseS2512.htm,Trailing In,:,0,,,,,,,,,,,,,,,,,,,,,,,,,,,,
https://results.eci.gov.in/ResultAcGenMay2026/statewiseS2512.htm,PANDABESWAR,275,JITENDRA KUMAR TEWARI,Bharatiya Janata Party i Party Wise State Trends Leading In : 0 Won In : 207 Trailing In : 0,Bharatiya Janata Party,i Party Wise State Trends Leading In : 0 Won In : 207 Trailing In : 0,Leading In,:,0,Won In,:,207,Trailing In,:,0,NARENDRANATH CHAKRABORTY,All India Trinamool Congress i Party Wise State Trends Leading In : 0 Won In : 80 Trailing In : 0,All India Trinamool Congress,i Party Wise State Trends Leading In : 0 Won In : 80 Trailing In : 0,Leading In,:,0,Won In,:,80,Trailing In,:,0,1398,13/13,Result Declared
https://results.eci.gov.in/ResultAcGenMay2026/statewiseS2512.htm,Bharatiya Janata Party,i Party Wise State Trends Leading In : 0 Won In : 207 Trailing In : 0,Leading In,:,0,Won In,:,207,Trailing In,:,0,,,,,,,,,,,,,,,,,,,,
https://results.eci.gov.in/ResultAcGenMay2026/statewiseS2512.htm,Leading In,:,0,,,,,,,,,,,,,,,,,,,,,,,,,,,,
https://results.eci.gov.in/ResultAcGenMay2026/statewiseS2512.htm,Won In,:,207,,,,,,,,,,,,,,,,,,,,,,,,,,,,
https://results.eci.gov.in/ResultAcGenMay2026/statewiseS2512.htm,Trailing In,:,0,,,,,,,,,,,,,,,,,,,,,,,,,,,,
https://results.eci.gov.in/ResultAcGenMay2026/statewiseS2512.htm,All India Trinamool Congress,i Party Wise State Trends Leading In : 0 Won In : 80 Trailing In : 0,Leading In,:,0,Won In,:,80,Trailing In,:,0,,,,,,,,,,,,,,,,,,,,
https://results.eci.gov.in/ResultAcGenMay2026/statewiseS2512.htm,Leading In,:,0,,,,,,,,,,,,,,,,,,,,,,,,,,,,
https://results.eci.gov.in/ResultAcGenMay2026/statewiseS2512.htm,Won In,:,80,,,,,,,,,,,,,,,,,,,,,,,,,,,,
https://results.eci.gov.in/ResultAcGenMay2026/statewiseS2512.htm,Trailing In,:,0,,,,,,,,,,,,,,,,,,,,,,,,,,,,
https://results.eci.gov.in/ResultAcGenMay2026/statewiseS2512.htm,PANDUA,192,TUSAR KUMAR MAJUMDAR,Bharatiya Janata Party i Party Wise State Trends Leading In : 0 Won In : 207 Trailing In : 0,Bharatiya Janata Party,i Party Wise State Trends Leading In : 0 Won In : 207 Trailing In : 0,Leading In,:,0,Won In,:,207,Trailing In,:,0,SAMIR CHAKRABORTY,All India Trinamool Congress i Party Wise State Trends Leading In : 0 Won In : 80 Trailing In : 0,All India Trinamool Congress,i Party Wise State Trends Leading In : 0 Won In : 80 Trailing In : 0,Leading In,:,0,Won In,:,80,Trailing In,:,0,5228,13/13,Result Declared
https://results.eci.gov.in/ResultAcGenMay2026/statewiseS2512.htm,Bharatiya Janata Party,i Party Wise State Trends Leading In : 0 Won In : 207 Trailing In : 0,Leading In,:,0,Won In,:,207,Trailing In,:,0,,,,,,,,,,,,,,,,,,,,
https://results.eci.gov.in/ResultAcGenMay2026/statewiseS2512.htm,Leading In,:,0,,,,,,,,,,,,,,,,,,,,,,,,,,,,
https://results.eci.gov.in/ResultAcGenMay2026/statewiseS2512.htm,Won In,:,207,,,,,,,,,,,,,,,,,,,,,,,,,,,,
https://results.eci.gov.in/ResultAcGenMay2026/statewiseS2512.htm,Trailing In,:,0,,,,,,,,,,,,,,,,,,,,,,,,,,,,
https://results.eci.gov.in/ResultAcGenMay2026/statewiseS2512.htm,All India Trinamool Congress,i Party Wise State Trends Leading In : 0 Won In : 80 Trailing In : 0,Leading In,:,0,Won In,:,80,Trailing In,:,0,,,,,,,,,,,,,,,,,,,,
https://results.eci.gov.in/ResultAcGenMay2026/statewiseS2512.htm,Leading In,:,0,,,,,,,,,,,,,,,,,,,,,,,,,,,,
https://results.eci.gov.in/ResultAcGenMay2026/statewiseS2512.htm,Won In,:,80,,,,,,,,,,,,,,,,,,,,,,,,,,,,
https://results.eci.gov.in/ResultAcGenMay2026/statewiseS2512.htm,Trailing In,:,0,,,,,,,,,,,,,,,,,,,,,,,,,,,,
https://results.eci.gov.in/ResultAcGenMay2026/statewiseS2512.htm,PANIHATI,111,RATNA DEBNATH,Bharatiya Janata Party i Party Wise State Trends Leading In : 0 Won In : 207 Trailing In : 0,Bharatiya Janata Party,i Party Wise State Trends Leading In : 0 Won In : 207 Trailing In : 0,Leading In,:,0,Won In,:,207,Trailing In,:,0,TIRTHANKAR GHOSH,All India Trinamool Congress i Party Wise State Trends Leading In : 0 Won In : 80 Trailing In : 0,All India Trinamool Congress,i Party Wise State Trends Leading In : 0 Won In : 80 Trailing In : 0,Leading In,:,0,Won In,:,80,Trailing In,:,0,28836,13/13,Result Declared
https://results.eci.gov.in/ResultAcGenMay2026/statewiseS2512.htm,Bharatiya Janata Party,i Party Wise State Trends Leading In : 0 Won In : 207 Trailing In : 0,Leading In,:,0,Won In,:,207,Trailing In,:,0,,,,,,,,,,,,,,,,,,,,
https://results.eci.gov.in/ResultAcGenMay2026/statewiseS2512.htm,Leading In,:,0,,,,,,,,,,,,,,,,,,,,,,,,,,,,
https://results.eci.gov.in/ResultAcGenMay2026/statewiseS2512.htm,Won In,:,207,,,,,,,,,,,,,,,,,,,,,,,,,,,,
https://results.eci.gov.in/ResultAcGenMay2026/statewiseS2512.htm,Trailing In,:,0,,,,,,,,,,,,,,,,,,,,,,,,,,,,
https://results.eci.gov.in/ResultAcGenMay2026/statewiseS2512.htm,All India Trinamool Congress,i Party Wise State Trends Leading In : 0 Won In : 80 Trailing In : 0,Leading In,:,0,Won In,:,80,Trailing In,:,0,,,,,,,,,,,,,,,,,,,,
https://results.eci.gov.in/ResultAcGenMay2026/statewiseS2512.htm,Leading In,:,0,,,,,,,,,,,,,,,,,,,,,,,,,,,,
https://results.eci.gov.in/ResultAcGenMay2026/statewiseS2512.htm,Won In,:,80,,,,,,,,,,,,,,,,,,,,,,,,,,,,
https://results.eci.gov.in/ResultAcGenMay2026/statewiseS2512.htm,Trailing In,:,0,,,,,,,,,,,,,,,,,,,,,,,,,,,,
https://results.eci.gov.in/ResultAcGenMay2026/statewiseS2512.htm,PANSKURA PASCHIM,205,SINTU SENAPATI,Bharatiya Janata Party i Party Wise State Trends Leading In : 0 Won In : 207 Trailing In : 0,Bharatiya Janata Party,i Party Wise State Trends Leading In : 0 Won In : 207 Trailing In : 0,Leading In,:,0,Won In,:,207,Trailing In,:,0,SIRAJ KHAN,All India Trinamool Congress i Party Wise State Trends Leading In : 0 Won In : 80 Trailing In : 0,All India Trinamool Congress,i Party Wise State Trends Leading In : 0 Won In : 80 Trailing In : 0,Leading In,:,0,Won In,:,80,Trailing In,:,0,32567,18/18,Result Declared
https://results.eci.gov.in/ResultAcGenMay2026/statewiseS2512.htm,Bharatiya Janata Party,i Party Wise State Trends Leading In : 0 Won In : 207 Trailing In : 0,Leading In,:,0,Won In,:,207,Trailing In,:,0,,,,,,,,,,,,,,,,,,,,
https://results.eci.gov.in/ResultAcGenMay2026/statewiseS2512.htm,Leading In,:,0,,,,,,,,,,,,,,,,,,,,,,,,,,,,
https://results.eci.gov.in/ResultAcGenMay2026/statewiseS2512.htm,Won In,:,207,,,,,,,,,,,,,,,,,,,,,,,,,,,,
https://results.eci.gov.in/ResultAcGenMay2026/statewiseS2512.htm,Trailing In,:,0,,,,,,,,,,,,,,,,,,,,,,,,,,,,
https://results.eci.gov.in/ResultAcGenMay2026/statewiseS2512.htm,All India Trinamool Congress,i Party Wise State Trends Leading In : 0 Won In : 80 Trailing In : 0,Leading In,:,0,Won In,:,80,Trailing In,:,0,,,,,,,,,,,,,,,,,,,,
https://results.eci.gov.in/ResultAcGenMay2026/statewiseS2512.htm,Leading In,:,0,,,,,,,,,,,,,,,,,,,,,,,,,,,,
https://results.eci.gov.in/ResultAcGenMay2026/statewiseS2512.htm,Won In,:,80,,,,,,,,,,,,,,,,,,,,,,,,,,,,
https://results.eci.gov.in/ResultAcGenMay2026/statewiseS2512.htm,Trailing In,:,0,,,,,,,,,,,,,,,,,,,,,,,,,,,,
https://results.eci.gov.in/ResultAcGenMay2026/statewiseS2512.htm,PANSKURA PURBA,204,SUBRATA MAITY(RANA),Bharatiya Janata Party i Party Wise State Trends Leading In : 0 Won In : 207 Trailing In : 0,Bharatiya Janata Party,i Party Wise State Trends Leading In : 0 Won In : 207 Trailing In : 0,Leading In,:,0,Won In,:,207,Trailing In,:,0,ASHIM KUMAR MAJI,All India Trinamool Congress i Party Wise State Trends Leading In : 0 Won In : 80 Trailing In : 0,All India Trinamool Congress,i Party Wise State Trends Leading In : 0 Won In : 80 Trailing In : 0,Leading In,:,0,Won In,:,80,Trailing In,:,0,17903,12/12,Result Declared
https://results.eci.gov.in/ResultAcGenMay2026/statewiseS2512.htm,Bharatiya Janata Party,i Party Wise State Trends Leading In : 0 Won In : 207 Trailing In : 0,Leading In,:,0,Won In,:,207,Trailing In,:,0,,,,,,,,,,,,,,,,,,,,
https://results.eci.gov.in/ResultAcGenMay2026/statewiseS2512.htm,Leading In,:,0,,,,,,,,,,,,,,,,,,,,,,,,,,,,
https://results.eci.gov.in/ResultAcGenMay2026/statewiseS2512.htm,Won In,:,207,,,,,,,,,,,,,,,,,,,,,,,,,,,,
https://results.eci.gov.in/ResultAcGenMay2026/statewiseS2512.htm,Trailing In,:,0,,,,,,,,,,,,,,,,,,,,,,,,,,,,
https://results.eci.gov.in/ResultAcGenMay2026/statewiseS2512.htm,All India Trinamool Congress,i Party Wise State Trends Leading In : 0 Won In : 80 Trailing In : 0,Leading In,:,0,Won In,:,80,Trailing In,:,0,,,,,,,,,,,,,,,,,,,,
https://results.eci.gov.in/ResultAcGenMay2026/statewiseS2512.htm,Leading In,:,0,,,,,,,,,,,,,,,,,,,,,,,,,,,,
https://results.eci.gov.in/ResultAcGenMay2026/statewiseS2512.htm,Won In,:,80,,,,,,,,,,,,,,,,,,,,,,,,,,,,
https://results.eci.gov.in/ResultAcGenMay2026/statewiseS2512.htm,Trailing In,:,0,,,,,,,,,,,,,,,,,,,,,,,,,,,,
https://results.eci.gov.in/ResultAcGenMay2026/statewiseS2512.htm,PARA,245,NADIAR CHAND BOURI,Bharatiya Janata Party i Party Wise State Trends Leading In : 0 Won In : 207 Trailing In : 0,Bharatiya Janata Party,i Party Wise State Trends Leading In : 0 Won In : 207 Trailing In : 0,Leading In,:,0,Won In,:,207,Trailing In,:,0,MANIK CHANDRA BAURI,All India Trinamool Congress i Party Wise State Trends Leading In : 0 Won In : 80 Trailing In : 0,All India Trinamool Congress,i Party Wise State Trends Leading In : 0 Won In : 80 Trailing In : 0,Leading In,:,0,Won In,:,80,Trailing In,:,0,33721,23/23,Result Declared
https://results.eci.gov.in/ResultAcGenMay2026/statewiseS2512.htm,Bharatiya Janata Party,i Party Wise State Trends Leading In : 0 Won In : 207 Trailing In : 0,Leading In,:,0,Won In,:,207,Trailing In,:,0,,,,,,,,,,,,,,,,,,,,
https://results.eci.gov.in/ResultAcGenMay2026/statewiseS2512.htm,Leading In,:,0,,,,,,,,,,,,,,,,,,,,,,,,,,,,
https://results.eci.gov.in/ResultAcGenMay2026/statewiseS2512.htm,Won In,:,207,,,,,,,,,,,,,,,,,,,,,,,,,,,,
https://results.eci.gov.in/ResultAcGenMay2026/statewiseS2512.htm,Trailing In,:,0,,,,,,,,,,,,,,,,,,,,,,,,,,,,
https://results.eci.gov.in/ResultAcGenMay2026/statewiseS2512.htm,All India Trinamool Congress,i Party Wise State Trends Leading In : 0 Won In : 80 Trailing In : 0,Leading In,:,0,Won In,:,80,Trailing In,:,0,,,,,,,,,,,,,,,,,,,,
https://results.eci.gov.in/ResultAcGenMay2026/statewiseS2512.htm,Leading In,:,0,,,,,,,,,,,,,,,,,,,,,,,,,,,,
https://results.eci.gov.in/ResultAcGenMay2026/statewiseS2512.htm,Won In,:,80,,,,,,,,,,,,,,,,,,,,,,,,,,,,
https://results.eci.gov.in/ResultAcGenMay2026/statewiseS2512.htm,Trailing In,:,0,,,,,,,,,,,,,,,,,,,,,,,,,,,,
https://results.eci.gov.in/ResultAcGenMay2026/statewiseS2512.htm,PATASHPUR,212,TAPAN MAITY,Bharatiya Janata Party i Party Wise State Trends Leading In : 0 Won In : 207 Trailing In : 0,Bharatiya Janata Party,i Party Wise State Trends Leading In : 0 Won In : 207 Trailing In : 0,Leading In,:,0,Won In,:,207,Trailing In,:,0,PIJUS KANTI PANDA,All India Trinamool Congress i Party Wise State Trends Leading In : 0 Won In : 80 Trailing In : 0,All India Trinamool Congress,i Party Wise State Trends Leading In : 0 Won In : 80 Trailing In : 0,Leading In,:,0,Won In,:,80,Trailing In,:,0,9051,18/18,Result Declared
https://results.eci.gov.in/ResultAcGenMay2026/statewiseS2512.htm,Bharatiya Janata Party,i Party Wise State Trends Leading In : 0 Won In : 207 Trailing In : 0,Leading In,:,0,Won In,:,207,Trailing In,:,0,,,,,,,,,,,,,,,,,,,,
https://results.eci.gov.in/ResultAcGenMay2026/statewiseS2512.htm,Leading In,:,0,,,,,,,,,,,,,,,,,,,,,,,,,,,,
https://results.eci.gov.in/ResultAcGenMay2026/statewiseS2512.htm,Won In,:,207,,,,,,,,,,,,,,,,,,,,,,,,,,,,
https://results.eci.gov.in/ResultAcGenMay2026/statewiseS2512.htm,Trailing In,:,0,,,,,,,,,,,,,,,,,,,,,,,,,,,,
https://results.eci.gov.in/ResultAcGenMay2026/statewiseS2512.htm,All India Trinamool Congress,i Party Wise State Trends Leading In : 0 Won In : 80 Trailing In : 0,Leading In,:,0,Won In,:,80,Trailing In,:,0,,,,,,,,,,,,,,,,,,,,
https://results.eci.gov.in/ResultAcGenMay2026/statewiseS2512.htm,Leading In,:,0,,,,,,,,,,,,,,,,,,,,,,,,,,,,
https://results.eci.gov.in/ResultAcGenMay2026/statewiseS2512.htm,Won In,:,80,,,,,,,,,,,,,,,,,,,,,,,,,,,,
https://results.eci.gov.in/ResultAcGenMay2026/statewiseS2512.htm,Trailing In,:,0,,,,,,,,,,,,,,,,,,,,,,,,,,,,
https://results.eci.gov.in/ResultAcGenMay2026/statewiseS2512.htm,PATHARPRATIMA,130,SAMIR KUMAR JANA,All India Trinamool Congress i Party Wise State Trends Leading In : 0 Won In : 80 Trailing In : 0,All India Trinamool Congress,i Party Wise State Trends Leading In : 0 Won In : 80 Trailing In : 0,Leading In,:,0,Won In,:,80,Trailing In,:,0,ASIT KUMAR HALDAR,Bharatiya Janata Party i Party Wise State Trends Leading In : 0 Won In : 207 Trailing In : 0,Bharatiya Janata Party,i Party Wise State Trends Leading In : 0 Won In : 207 Trailing In : 0,Leading In,:,0,Won In,:,207,Trailing In,:,0,4873,23/23,Result Declared
https://results.eci.gov.in/ResultAcGenMay2026/statewiseS2512.htm,All India Trinamool Congress,i Party Wise State Trends Leading In : 0 Won In : 80 Trailing In : 0,Leading In,:,0,Won In,:,80,Trailing In,:,0,,,,,,,,,,,,,,,,,,,,
https://results.eci.gov.in/ResultAcGenMay2026/statewiseS2512.htm,Leading In,:,0,,,,,,,,,,,,,,,,,,,,,,,,,,,,
https://results.eci.gov.in/ResultAcGenMay2026/statewiseS2512.htm,Won In,:,80,,,,,,,,,,,,,,,,,,,,,,,,,,,,
https://results.eci.gov.in/ResultAcGenMay2026/statewiseS2512.htm,Trailing In,:,0,,,,,,,,,,,,,,,,,,,,,,,,,,,,
https://results.eci.gov.in/ResultAcGenMay2026/statewiseS2512.htm,Bharatiya Janata Party,i Party Wise State Trends Leading In : 0 Won In : 207 Trailing In : 0,Leading In,:,0,Won In,:,207,Trailing In,:,0,,,,,,,,,,,,,,,,,,,,
https://results.eci.gov.in/ResultAcGenMay2026/statewiseS2512.htm,Leading In,:,0,,,,,,,,,,,,,,,,,,,,,,,,,,,,
https://results.eci.gov.in/ResultAcGenMay2026/statewiseS2512.htm,Won In,:,207,,,,,,,,,,,,,,,,,,,,,,,,,,,,
https://results.eci.gov.in/ResultAcGenMay2026/statewiseS2512.htm,Trailing In,:,0,,,,,,,,,,,,,,,,,,,,,,,,,,,,
https://results.eci.gov.in/ResultAcGenMay2026/statewiseS2512.htm,PHANSIDEWA,27,DURGA MURMU,Bharatiya Janata Party i Party Wise State Trends Leading In : 0 Won In : 207 Trailing In : 0,Bharatiya Janata Party,i Party Wise State Trends Leading In : 0 Won In : 207 Trailing In : 0,Leading In,:,0,Won In,:,207,Trailing In,:,0,REENA TOPNO EKKA,All India Trinamool Congress i Party Wise State Trends Leading In : 0 Won In : 80 Trailing In : 0,All India Trinamool Congress,i Party Wise State Trends Leading In : 0 Won In : 80 Trailing In : 0,Leading In,:,0,Won In,:,80,Trailing In,:,0,45263,15/15,Result Declared
https://results.eci.gov.in/ResultAcGenMay2026/statewiseS2512.htm,Bharatiya Janata Party,i Party Wise State Trends Leading In : 0 Won In : 207 Trailing In : 0,Leading In,:,0,Won In,:,207,Trailing In,:,0,,,,,,,,,,,,,,,,,,,,
https://results.eci.gov.in/ResultAcGenMay2026/statewiseS2512.htm,Leading In,:,0,,,,,,,,,,,,,,,,,,,,,,,,,,,,
https://results.eci.gov.in/ResultAcGenMay2026/statewiseS2512.htm,Won In,:,207,,,,,,,,,,,,,,,,,,,,,,,,,,,,
https://results.eci.gov.in/ResultAcGenMay2026/statewiseS2512.htm,Trailing In,:,0,,,,,,,,,,,,,,,,,,,,,,,,,,,,
https://results.eci.gov.in/ResultAcGenMay2026/statewiseS2512.htm,All India Trinamool Congress,i Party Wise State Trends Leading In : 0 Won In : 80 Trailing In : 0,Leading In,:,0,Won In,:,80,Trailing In,:,0,,,,,,,,,,,,,,,,,,,,
https://results.eci.gov.in/ResultAcGenMay2026/statewiseS2512.htm,Leading In,:,0,,,,,,,,,,,,,,,,,,,,,,,,,,,,
https://results.eci.gov.in/ResultAcGenMay2026/statewiseS2512.htm,Won In,:,80,,,,,,,,,,,,,,,,,,,,,,,,,,,,
https://results.eci.gov.in/ResultAcGenMay2026/statewiseS2512.htm,Trailing In,:,0,,,,,,,,,,,,,,,,,,,,,,,,,,,,
https://results.eci.gov.in/ResultAcGenMay2026/statewiseS2512.htm,PINGLA,227,SWAGATA MANNA,Bharatiya Janata Party i Party Wise State Trends Leading In : 0 Won In : 207 Trailing In : 0,Bharatiya Janata Party,i Party Wise State Trends Leading In : 0 Won In : 207 Trailing In : 0,Leading In,:,0,Won In,:,207,Trailing In,:,0,AJIT MAITY,All India Trinamool Congress i Party Wise State Trends Leading In : 0 Won In : 80 Trailing In : 0,All India Trinamool Congress,i Party Wise State Trends Leading In : 0 Won In : 80 Trailing In : 0,Leading In,:,0,Won In,:,80,Trailing In,:,0,18480,24/24,Result Declared
https://results.eci.gov.in/ResultAcGenMay2026/statewiseS2512.htm,Bharatiya Janata Party,i Party Wise State Trends Leading In : 0 Won In : 207 Trailing In : 0,Leading In,:,0,Won In,:,207,Trailing In,:,0,,,,,,,,,,,,,,,,,,,,
https://results.eci.gov.in/ResultAcGenMay2026/statewiseS2512.htm,Leading In,:,0,,,,,,,,,,,,,,,,,,,,,,,,,,,,
https://results.eci.gov.in/ResultAcGenMay2026/statewiseS2512.htm,Won In,:,207,,,,,,,,,,,,,,,,,,,,,,,,,,,,
https://results.eci.gov.in/ResultAcGenMay2026/statewiseS2512.htm,Trailing In,:,0,,,,,,,,,,,,,,,,,,,,,,,,,,,,
https://results.eci.gov.in/ResultAcGenMay2026/statewiseS2512.htm,All India Trinamool Congress,i Party Wise State Trends Leading In : 0 Won In : 80 Trailing In : 0,Leading In,:,0,Won In,:,80,Trailing In,:,0,,,,,,,,,,,,,,,,,,,,
https://results.eci.gov.in/ResultAcGenMay2026/statewiseS2512.htm,Leading In,:,0,,,,,,,,,,,,,,,,,,,,,,,,,,,,
https://results.eci.gov.in/ResultAcGenMay2026/statewiseS2512.htm,Won In,:,80,,,,,,,,,,,,,,,,,,,,,,,,,,,,
https://results.eci.gov.in/ResultAcGenMay2026/statewiseS2512.htm,Trailing In,:,0,,,,,,,,,,,,,,,,,,,,,,,,,,,,
https://results.eci.gov.in/ResultAcGenMay2026/statewiseS2512.htm,PURBASTHALI DAKSHIN,268,PRAN KRISHNA TAPADAR,Bharatiya Janata Party i Party Wise State Trends Leading In : 0 Won In : 207 Trailing In : 0,Bharatiya Janata Party,i Party Wise State Trends Leading In : 0 Won In : 207 Trailing In : 0,Leading In,:,0,Won In,:,207,Trailing In,:,0,SWAPAN DEBNATH,All India Trinamool Congress i Party Wise State Trends Leading In : 0 Won In : 80 Trailing In : 0,All India Trinamool Congress,i Party Wise State Trends Leading In : 0 Won In : 80 Trailing In : 0,Leading In,:,0,Won In,:,80,Trailing In,:,0,16662,20/20,Result Declared
https://results.eci.gov.in/ResultAcGenMay2026/statewiseS2512.htm,Bharatiya Janata Party,i Party Wise State Trends Leading In : 0 Won In : 207 Trailing In : 0,Leading In,:,0,Won In,:,207,Trailing In,:,0,,,,,,,,,,,,,,,,,,,,
https://results.eci.gov.in/ResultAcGenMay2026/statewiseS2512.htm,Leading In,:,0,,,,,,,,,,,,,,,,,,,,,,,,,,,,
https://results.eci.gov.in/ResultAcGenMay2026/statewiseS2512.htm,Won In,:,207,,,,,,,,,,,,,,,,,,,,,,,,,,,,
https://results.eci.gov.in/ResultAcGenMay2026/statewiseS2512.htm,Trailing In,:,0,,,,,,,,,,,,,,,,,,,,,,,,,,,,
https://results.eci.gov.in/ResultAcGenMay2026/statewiseS2512.htm,All India Trinamool Congress,i Party Wise State Trends Leading In : 0 Won In : 80 Trailing In : 0,Leading In,:,0,Won In,:,80,Trailing In,:,0,,,,,,,,,,,,,,,,,,,,
https://results.eci.gov.in/ResultAcGenMay2026/statewiseS2512.htm,Leading In,:,0,,,,,,,,,,,,,,,,,,,,,,,,,,,,
https://results.eci.gov.in/ResultAcGenMay2026/statewiseS2512.htm,Won In,:,80,,,,,,,,,,,,,,,,,,,,,,,,,,,,
https://results.eci.gov.in/ResultAcGenMay2026/statewiseS2512.htm,Trailing In,:,0,,,,,,,,,,,,,,,,,,,,,,,,,,,,
https://results.eci.gov.in/ResultAcGenMay2026/statewiseS2512.htm,PURBASTHALI UTTAR,269,GOPAL CHATTOPADHYAY,Bharatiya Janata Party i Party Wise State Trends Leading In : 0 Won In : 207 Trailing In : 0,Bharatiya Janata Party,i Party Wise State Trends Leading In : 0 Won In : 207 Trailing In : 0,Leading In,:,0,Won In,:,207,Trailing In,:,0,VASUNDHARA GOSWAMI,All India Trinamool Congress i Party Wise State Trends Leading In : 0 Won In : 80 Trailing In : 0,All India Trinamool Congress,i Party Wise State Trends Leading In : 0 Won In : 80 Trailing In : 0,Leading In,:,0,Won In,:,80,Trailing In,:,0,30226,21/21,Result Declared
https://results.eci.gov.in/ResultAcGenMay2026/statewiseS2512.htm,Bharatiya Janata Party,i Party Wise State Trends Leading In : 0 Won In : 207 Trailing In : 0,Leading In,:,0,Won In,:,207,Trailing In,:,0,,,,,,,,,,,,,,,,,,,,
https://results.eci.gov.in/ResultAcGenMay2026/statewiseS2512.htm,Leading In,:,0,,,,,,,,,,,,,,,,,,,,,,,,,,,,
https://results.eci.gov.in/ResultAcGenMay2026/statewiseS2512.htm,Won In,:,207,,,,,,,,,,,,,,,,,,,,,,,,,,,,
https://results.eci.gov.in/ResultAcGenMay2026/statewiseS2512.htm,Trailing In,:,0,,,,,,,,,,,,,,,,,,,,,,,,,,,,
https://results.eci.gov.in/ResultAcGenMay2026/statewiseS2512.htm,All India Trinamool Congress,i Party Wise State Trends Leading In : 0 Won In : 80 Trailing In : 0,Leading In,:,0,Won In,:,80,Trailing In,:,0,,,,,,,,,,,,,,,,,,,,
https://results.eci.gov.in/ResultAcGenMay2026/statewiseS2512.htm,Leading In,:,0,,,,,,,,,,,,,,,,,,,,,,,,,,,,
https://results.eci.gov.in/ResultAcGenMay2026/statewiseS2512.htm,Won In,:,80,,,,,,,,,,,,,,,,,,,,,,,,,,,,
https://results.eci.gov.in/ResultAcGenMay2026/statewiseS2512.htm,Trailing In,:,0,,,,,,,,,,,,,,,,,,,,,,,,,,,,
https://results.eci.gov.in/ResultAcGenMay2026/statewiseS2512.htm,PURSURAH,199,BIMAN GHOSH,Bharatiya Janata Party i Party Wise State Trends Leading In : 0 Won In : 207 Trailing In : 0,Bharatiya Janata Party,i Party Wise State Trends Leading In : 0 Won In : 207 Trailing In : 0,Leading In,:,0,Won In,:,207,Trailing In,:,0,PARTHA HAZARI,All India Trinamool Congress i Party Wise State Trends Leading In : 0 Won In : 80 Trailing In : 0,All India Trinamool Congress,i Party Wise State Trends Leading In : 0 Won In : 80 Trailing In : 0,Leading In,:,0,Won In,:,80,Trailing In,:,0,53453,15/15,Result Declared
https://results.eci.gov.in/ResultAcGenMay2026/statewiseS2512.htm,Bharatiya Janata Party,i Party Wise State Trends Leading In : 0 Won In : 207 Trailing In : 0,Leading In,:,0,Won In,:,207,Trailing In,:,0,,,,,,,,,,,,,,,,,,,,
https://results.eci.gov.in/ResultAcGenMay2026/statewiseS2512.htm,Leading In,:,0,,,,,,,,,,,,,,,,,,,,,,,,,,,,
https://results.eci.gov.in/ResultAcGenMay2026/statewiseS2512.htm,Won In,:,207,,,,,,,,,,,,,,,,,,,,,,,,,,,,
https://results.eci.gov.in/ResultAcGenMay2026/statewiseS2512.htm,Trailing In,:,0,,,,,,,,,,,,,,,,,,,,,,,,,,,,
https://results.eci.gov.in/ResultAcGenMay2026/statewiseS2512.htm,All India Trinamool Congress,i Party Wise State Trends Leading In : 0 Won In : 80 Trailing In : 0,Leading In,:,0,Won In,:,80,Trailing In,:,0,,,,,,,,,,,,,,,,,,,,
https://results.eci.gov.in/ResultAcGenMay2026/statewiseS2512.htm,Leading In,:,0,,,,,,,,,,,,,,,,,,,,,,,,,,,,
https://results.eci.gov.in/ResultAcGenMay2026/statewiseS2512.htm,Won In,:,80,,,,,,,,,,,,,,,,,,,,,,,,,,,,
https://results.eci.gov.in/ResultAcGenMay2026/statewiseS2512.htm,Trailing In,:,0,,,,,,,,,,,,,,,,,,,,,,,,,,,,
https://results.eci.gov.in/ResultAcGenMay2026/statewiseS2512.htm,PURULIA,242,SUDIP KUMAR MUKHERJEE,Bharatiya Janata Party i Party Wise State Trends Leading In : 0 Won In : 207 Trailing In : 0,Bharatiya Janata Party,i Party Wise State Trends Leading In : 0 Won In : 207 Trailing In : 0,Leading In,:,0,Won In,:,207,Trailing In,:,0,SUJOY BANERJEE,All India Trinamool Congress i Party Wise State Trends Leading In : 0 Won In : 80 Trailing In : 0,All India Trinamool Congress,i Party Wise State Trends Leading In : 0 Won In : 80 Trailing In : 0,Leading In,:,0,Won In,:,80,Trailing In,:,0,49253,22/22,Result Declared
https://results.eci.gov.in/ResultAcGenMay2026/statewiseS2512.htm,Bharatiya Janata Party,i Party Wise State Trends Leading In : 0 Won In : 207 Trailing In : 0,Leading In,:,0,Won In,:,207,Trailing In,:,0,,,,,,,,,,,,,,,,,,,,
https://results.eci.gov.in/ResultAcGenMay2026/statewiseS2512.htm,Leading In,:,0,,,,,,,,,,,,,,,,,,,,,,,,,,,,
https://results.eci.gov.in/ResultAcGenMay2026/statewiseS2512.htm,Won In,:,207,,,,,,,,,,,,,,,,,,,,,,,,,,,,
https://results.eci.gov.in/ResultAcGenMay2026/statewiseS2512.htm,Trailing In,:,0,,,,,,,,,,,,,,,,,,,,,,,,,,,,
https://results.eci.gov.in/ResultAcGenMay2026/statewiseS2512.htm,All India Trinamool Congress,i Party Wise State Trends Leading In : 0 Won In : 80 Trailing In : 0,Leading In,:,0,Won In,:,80,Trailing In,:,0,,,,,,,,,,,,,,,,,,,,
https://results.eci.gov.in/ResultAcGenMay2026/statewiseS2512.htm,Leading In,:,0,,,,,,,,,,,,,,,,,,,,,,,,,,,,
https://results.eci.gov.in/ResultAcGenMay2026/statewiseS2512.htm,Won In,:,80,,,,,,,,,,,,,,,,,,,,,,,,,,,,
https://results.eci.gov.in/ResultAcGenMay2026/statewiseS2512.htm,Trailing In,:,0,,,,,,,,,,,,,,,,,,,,,,,,,,,,
https://results.eci.gov.in/ResultAcGenMay2026/statewiseS2512.htm,RAGHUNATHGANJ,59,AKHRUZZAMAN,All India Trinamool Congress i Party Wise State Trends Leading In : 0 Won In : 80 Trailing In : 0,All India Trinamool Congress,i Party Wise State Trends Leading In : 0 Won In : 80 Trailing In : 0,Leading In,:,0,Won In,:,80,Trailing In,:,0,NASIR SAIKH,Indian National Congress i Party Wise State Trends Leading In : 0 Won In : 2 Trailing In : 0,Indian National Congress,i Party Wise State Trends Leading In : 0 Won In : 2 Trailing In : 0,Leading In,:,0,Won In,:,2,Trailing In,:,0,40555,21/21,Result Declared
https://results.eci.gov.in/ResultAcGenMay2026/statewiseS2512.htm,All India Trinamool Congress,i Party Wise State Trends Leading In : 0 Won In : 80 Trailing In : 0,Leading In,:,0,Won In,:,80,Trailing In,:,0,,,,,,,,,,,,,,,,,,,,
https://results.eci.gov.in/ResultAcGenMay2026/statewiseS2512.htm,Leading In,:,0,,,,,,,,,,,,,,,,,,,,,,,,,,,,
https://results.eci.gov.in/ResultAcGenMay2026/statewiseS2512.htm,Won In,:,80,,,,,,,,,,,,,,,,,,,,,,,,,,,,
https://results.eci.gov.in/ResultAcGenMay2026/statewiseS2512.htm,Trailing In,:,0,,,,,,,,,,,,,,,,,,,,,,,,,,,,
https://results.eci.gov.in/ResultAcGenMay2026/statewiseS2512.htm,Indian National Congress,i Party Wise State Trends Leading In : 0 Won In : 2 Trailing In : 0,Leading In,:,0,Won In,:,2,Trailing In,:,0,,,,,,,,,,,,,,,,,,,,
https://results.eci.gov.in/ResultAcGenMay2026/statewiseS2512.htm,Leading In,:,0,,,,,,,,,,,,,,,,,,,,,,,,,,,,
https://results.eci.gov.in/ResultAcGenMay2026/statewiseS2512.htm,Won In,:,2,,,,,,,,,,,,,,,,,,,,,,,,,,,,
https://results.eci.gov.in/ResultAcGenMay2026/statewiseS2512.htm,Trailing In,:,0,,,,,,,,,,,,,,,,,,,,,,,,,,,,
https://results.eci.gov.in/ResultAcGenMay2026/statewiseS2512.htm,RAGHUNATHPUR,246,MAMONI BAURI,Bharatiya Janata Party i Party Wise State Trends Leading In : 0 Won In : 207 Trailing In : 0,Bharatiya Janata Party,i Party Wise State Trends Leading In : 0 Won In : 207 Trailing In : 0,Leading In,:,0,Won In,:,207,Trailing In,:,0,HAZARI BOURI,All India Trinamool Congress i Party Wise State Trends Leading In : 0 Won In : 80 Trailing In : 0,All India Trinamool Congress,i Party Wise State Trends Leading In : 0 Won In : 80 Trailing In : 0,Leading In,:,0,Won In,:,80,Trailing In,:,0,44059,16/16,Result Declared
https://results.eci.gov.in/ResultAcGenMay2026/statewiseS2512.htm,Bharatiya Janata Party,i Party Wise State Trends Leading In : 0 Won In : 207 Trailing In : 0,Leading In,:,0,Won In,:,207,Trailing In,:,0,,,,,,,,,,,,,,,,,,,,
https://results.eci.gov.in/ResultAcGenMay2026/statewiseS2512.htm,Leading In,:,0,,,,,,,,,,,,,,,,,,,,,,,,,,,,
https://results.eci.gov.in/ResultAcGenMay2026/statewiseS2512.htm,Won In,:,207,,,,,,,,,,,,,,,,,,,,,,,,,,,,
https://results.eci.gov.in/ResultAcGenMay2026/statewiseS2512.htm,Trailing In,:,0,,,,,,,,,,,,,,,,,,,,,,,,,,,,
https://results.eci.gov.in/ResultAcGenMay2026/statewiseS2512.htm,All India Trinamool Congress,i Party Wise State Trends Leading In : 0 Won In : 80 Trailing In : 0,Leading In,:,0,Won In,:,80,Trailing In,:,0,,,,,,,,,,,,,,,,,,,,
https://results.eci.gov.in/ResultAcGenMay2026/statewiseS2512.htm,Leading In,:,0,,,,,,,,,,,,,,,,,,,,,,,,,,,,
https://results.eci.gov.in/ResultAcGenMay2026/statewiseS2512.htm,Won In,:,80,,,,,,,,,,,,,,,,,,,,,,,,,,,,
https://results.eci.gov.in/ResultAcGenMay2026/statewiseS2512.htm,Trailing In,:,0,,,,,,,,,,,,,,,,,,,,,,,,,,,,
https://results.eci.gov.in/ResultAcGenMay2026/statewiseS2512.htm,RAIDIGHI,134,TAPAS MONDAL S/O-SHIBPRASAD MONDAL,All India Trinamool Congress i Party Wise State Trends Leading In : 0 Won In : 80 Trailing In : 0,All India Trinamool Congress,i Party Wise State Trends Leading In : 0 Won In : 80 Trailing In : 0,Leading In,:,0,Won In,:,80,Trailing In,:,0,PALASH RANA,Bharatiya Janata Party i Party Wise State Trends Leading In : 0 Won In : 207 Trailing In : 0,Bharatiya Janata Party,i Party Wise State Trends Leading In : 0 Won In : 207 Trailing In : 0,Leading In,:,0,Won In,:,207,Trailing In,:,0,5957,23/23,Result Declared
https://results.eci.gov.in/ResultAcGenMay2026/statewiseS2512.htm,All India Trinamool Congress,i Party Wise State Trends Leading In : 0 Won In : 80 Trailing In : 0,Leading In,:,0,Won In,:,80,Trailing In,:,0,,,,,,,,,,,,,,,,,,,,
https://results.eci.gov.in/ResultAcGenMay2026/statewiseS2512.htm,Leading In,:,0,,,,,,,,,,,,,,,,,,,,,,,,,,,,
https://results.eci.gov.in/ResultAcGenMay2026/statewiseS2512.htm,Won In,:,80,,,,,,,,,,,,,,,,,,,,,,,,,,,,
https://results.eci.gov.in/ResultAcGenMay2026/statewiseS2512.htm,Trailing In,:,0,,,,,,,,,,,,,,,,,,,,,,,,,,,,
https://results.eci.gov.in/ResultAcGenMay2026/statewiseS2512.htm,Bharatiya Janata Party,i Party Wise State Trends Leading In : 0 Won In : 207 Trailing In : 0,Leading In,:,0,Won In,:,207,Trailing In,:,0,,,,,,,,,,,,,,,,,,,,
https://results.eci.gov.in/ResultAcGenMay2026/statewiseS2512.htm,Leading In,:,0,,,,,,,,,,,,,,,,,,,,,,,,,,,,
https://results.eci.gov.in/ResultAcGenMay2026/statewiseS2512.htm,Won In,:,207,,,,,,,,,,,,,,,,,,,,,,,,,,,,
https://results.eci.gov.in/ResultAcGenMay2026/statewiseS2512.htm,Trailing In,:,0,,,,,,,,,,,,,,,,,,,,,,,,,,,,
https://results.eci.gov.in/ResultAcGenMay2026/statewiseS2512.htm,RAIGANJ,35,KOUSHIK CHOWDHURY,Bharatiya Janata Party i Party Wise State Trends Leading In : 0 Won In : 207 Trailing In : 0,Bharatiya Janata Party,i Party Wise State Trends Leading In : 0 Won In : 207 Trailing In : 0,Leading In,:,0,Won In,:,207,Trailing In,:,0,KRISHNA KALYANI,All India Trinamool Congress i Party Wise State Trends Leading In : 0 Won In : 80 Trailing In : 0,All India Trinamool Congress,i Party Wise State Trends Leading In : 0 Won In : 80 Trailing In : 0,Leading In,:,0,Won In,:,80,Trailing In,:,0,58641,14/14,Result Declared
https://results.eci.gov.in/ResultAcGenMay2026/statewiseS2512.htm,Bharatiya Janata Party,i Party Wise State Trends Leading In : 0 Won In : 207 Trailing In : 0,Leading In,:,0,Won In,:,207,Trailing In,:,0,,,,,,,,,,,,,,,,,,,,
https://results.eci.gov.in/ResultAcGenMay2026/statewiseS2512.htm,Leading In,:,0,,,,,,,,,,,,,,,,,,,,,,,,,,,,
https://results.eci.gov.in/ResultAcGenMay2026/statewiseS2512.htm,Won In,:,207,,,,,,,,,,,,,,,,,,,,,,,,,,,,
https://results.eci.gov.in/ResultAcGenMay2026/statewiseS2512.htm,Trailing In,:,0,,,,,,,,,,,,,,,,,,,,,,,,,,,,
https://results.eci.gov.in/ResultAcGenMay2026/statewiseS2512.htm,All India Trinamool Congress,i Party Wise State Trends Leading In : 0 Won In : 80 Trailing In : 0,Leading In,:,0,Won In,:,80,Trailing In,:,0,,,,,,,,,,,,,,,,,,,,
https://results.eci.gov.in/ResultAcGenMay2026/statewiseS2512.htm,Leading In,:,0,,,,,,,,,,,,,,,,,,,,,,,,,,,,
https://results.eci.gov.in/ResultAcGenMay2026/statewiseS2512.htm,Won In,:,80,,,,,,,,,,,,,,,,,,,,,,,,,,,,
https://results.eci.gov.in/ResultAcGenMay2026/statewiseS2512.htm,Trailing In,:,0,,,,,,,,,,,,,,,,,,,,,,,,,,,,
https://results.eci.gov.in/ResultAcGenMay2026/statewiseS2512.htm,RAINA,261,SUBHASH PATRA,Bharatiya Janata Party i Party Wise State Trends Leading In : 0 Won In : 207 Trailing In : 0,Bharatiya Janata Party,i Party Wise State Trends Leading In : 0 Won In : 207 Trailing In : 0,Leading In,:,0,Won In,:,207,Trailing In,:,0,MANDIRA DALUI,All India Trinamool Congress i Party Wise State Trends Leading In : 0 Won In : 80 Trailing In : 0,All India Trinamool Congress,i Party Wise State Trends Leading In : 0 Won In : 80 Trailing In : 0,Leading In,:,0,Won In,:,80,Trailing In,:,0,834,14/14,Result Declared
https://results.eci.gov.in/ResultAcGenMay2026/statewiseS2512.htm,Bharatiya Janata Party,i Party Wise State Trends Leading In : 0 Won In : 207 Trailing In : 0,Leading In,:,0,Won In,:,207,Trailing In,:,0,,,,,,,,,,,,,,,,,,,,
https://results.eci.gov.in/ResultAcGenMay2026/statewiseS2512.htm,Leading In,:,0,,,,,,,,,,,,,,,,,,,,,,,,,,,,
https://results.eci.gov.in/ResultAcGenMay2026/statewiseS2512.htm,Won In,:,207,,,,,,,,,,,,,,,,,,,,,,,,,,,,
https://results.eci.gov.in/ResultAcGenMay2026/statewiseS2512.htm,Trailing In,:,0,,,,,,,,,,,,,,,,,,,,,,,,,,,,
https://results.eci.gov.in/ResultAcGenMay2026/statewiseS2512.htm,All India Trinamool Congress,i Party Wise State Trends Leading In : 0 Won In : 80 Trailing In : 0,Leading In,:,0,Won In,:,80,Trailing In,:,0,,,,,,,,,,,,,,,,,,,,
https://results.eci.gov.in/ResultAcGenMay2026/statewiseS2512.htm,Leading In,:,0,,,,,,,,,,,,,,,,,,,,,,,,,,,,
https://results.eci.gov.in/ResultAcGenMay2026/statewiseS2512.htm,Won In,:,80,,,,,,,,,,,,,,,,,,,,,,,,,,,,
https://results.eci.gov.in/ResultAcGenMay2026/statewiseS2512.htm,Trailing In,:,0,,,,,,,,,,,,,,,,,,,,,,,,,,,,
https://results.eci.gov.in/ResultAcGenMay2026/statewiseS2512.htm,,,,,,,,,,,,,,,,,,,,,,,,,,,,,,,
https://results.eci.gov.in/ResultAcGenMay2026/statewiseS2513.htm,Status Known For 293 out of 293 Constituencies,,,,,,,,,,,,,,,,,,,,,,,,,,,,,,
https://results.eci.gov.in/ResultAcGenMay2026/statewiseS2513.htm,Constituency,Const. No.,Leading Candidate,Leading Party,Trailing Candidate,Trailing Party,Margin,Round,Status,,,,,,,,,,,,,,,,,,,,,,
https://results.eci.gov.in/ResultAcGenMay2026/statewiseS2513.htm,RAIPUR,250,KSHETRAMOHAN HANSDA,Bharatiya Janata Party i Party Wise State Trends Leading In : 0 Won In : 207 Trailing In : 0,Bharatiya Janata Party,i Party Wise State Trends Leading In : 0 Won In : 207 Trailing In : 0,Leading In,:,0,Won In,:,207,Trailing In,:,0,THAKURMANI SAREN,All India Trinamool Congress i Party Wise State Trends Leading In : 0 Won In : 80 Trailing In : 0,All India Trinamool Congress,i Party Wise State Trends Leading In : 0 Won In : 80 Trailing In : 0,Leading In,:,0,Won In,:,80,Trailing In,:,0,28742,14/14,Result Declared
https://results.eci.gov.in/ResultAcGenMay2026/statewiseS2513.htm,Bharatiya Janata Party,i Party Wise State Trends Leading In : 0 Won In : 207 Trailing In : 0,Leading In,:,0,Won In,:,207,Trailing In,:,0,,,,,,,,,,,,,,,,,,,,
https://results.eci.gov.in/ResultAcGenMay2026/statewiseS2513.htm,Leading In,:,0,,,,,,,,,,,,,,,,,,,,,,,,,,,,
https://results.eci.gov.in/ResultAcGenMay2026/statewiseS2513.htm,Won In,:,207,,,,,,,,,,,,,,,,,,,,,,,,,,,,
https://results.eci.gov.in/ResultAcGenMay2026/statewiseS2513.htm,Trailing In,:,0,,,,,,,,,,,,,,,,,,,,,,,,,,,,
https://results.eci.gov.in/ResultAcGenMay2026/statewiseS2513.htm,All India Trinamool Congress,i Party Wise State Trends Leading In : 0 Won In : 80 Trailing In : 0,Leading In,:,0,Won In,:,80,Trailing In,:,0,,,,,,,,,,,,,,,,,,,,
https://results.eci.gov.in/ResultAcGenMay2026/statewiseS2513.htm,Leading In,:,0,,,,,,,,,,,,,,,,,,,,,,,,,,,,
https://results.eci.gov.in/ResultAcGenMay2026/statewiseS2513.htm,Won In,:,80,,,,,,,,,,,,,,,,,,,,,,,,,,,,
https://results.eci.gov.in/ResultAcGenMay2026/statewiseS2513.htm,Trailing In,:,0,,,,,,,,,,,,,,,,,,,,,,,,,,,,
https://results.eci.gov.in/ResultAcGenMay2026/statewiseS2513.htm,RAJARHAT  GOPALPUR,117,TARUNJYOTI TEWARI,Bharatiya Janata Party i Party Wise State Trends Leading In : 0 Won In : 207 Trailing In : 0,Bharatiya Janata Party,i Party Wise State Trends Leading In : 0 Won In : 207 Trailing In : 0,Leading In,:,0,Won In,:,207,Trailing In,:,0,ADITI MUNSHI,All India Trinamool Congress i Party Wise State Trends Leading In : 0 Won In : 80 Trailing In : 0,All India Trinamool Congress,i Party Wise State Trends Leading In : 0 Won In : 80 Trailing In : 0,Leading In,:,0,Won In,:,80,Trailing In,:,0,27757,14/14,Result Declared
https://results.eci.gov.in/ResultAcGenMay2026/statewiseS2513.htm,Bharatiya Janata Party,i Party Wise State Trends Leading In : 0 Won In : 207 Trailing In : 0,Leading In,:,0,Won In,:,207,Trailing In,:,0,,,,,,,,,,,,,,,,,,,,
https://results.eci.gov.in/ResultAcGenMay2026/statewiseS2513.htm,Leading In,:,0,,,,,,,,,,,,,,,,,,,,,,,,,,,,
https://results.eci.gov.in/ResultAcGenMay2026/statewiseS2513.htm,Won In,:,207,,,,,,,,,,,,,,,,,,,,,,,,,,,,
https://results.eci.gov.in/ResultAcGenMay2026/statewiseS2513.htm,Trailing In,:,0,,,,,,,,,,,,,,,,,,,,,,,,,,,,
https://results.eci.gov.in/ResultAcGenMay2026/statewiseS2513.htm,All India Trinamool Congress,i Party Wise State Trends Leading In : 0 Won In : 80 Trailing In : 0,Leading In,:,0,Won In,:,80,Trailing In,:,0,,,,,,,,,,,,,,,,,,,,
https://results.eci.gov.in/ResultAcGenMay2026/statewiseS2513.htm,Leading In,:,0,,,,,,,,,,,,,,,,,,,,,,,,,,,,
https://results.eci.gov.in/ResultAcGenMay2026/statewiseS2513.htm,Won In,:,80,,,,,,,,,,,,,,,,,,,,,,,,,,,,
https://results.eci.gov.in/ResultAcGenMay2026/statewiseS2513.htm,Trailing In,:,0,,,,,,,,,,,,,,,,,,,,,,,,,,,,
https://results.eci.gov.in/ResultAcGenMay2026/statewiseS2513.htm,RAJARHAT NEW TOWN,115,PIYUSH KANODIA,Bharatiya Janata Party i Party Wise State Trends Leading In : 0 Won In : 207 Trailing In : 0,Bharatiya Janata Party,i Party Wise State Trends Leading In : 0 Won In : 207 Trailing In : 0,Leading In,:,0,Won In,:,207,Trailing In,:,0,TAPASH CHATTERJEE,All India Trinamool Congress i Party Wise State Trends Leading In : 0 Won In : 80 Trailing In : 0,All India Trinamool Congress,i Party Wise State Trends Leading In : 0 Won In : 80 Trailing In : 0,Leading In,:,0,Won In,:,80,Trailing In,:,0,316,18/18,Result Declared
https://results.eci.gov.in/ResultAcGenMay2026/statewiseS2513.htm,Bharatiya Janata Party,i Party Wise State Trends Leading In : 0 Won In : 207 Trailing In : 0,Leading In,:,0,Won In,:,207,Trailing In,:,0,,,,,,,,,,,,,,,,,,,,
https://results.eci.gov.in/ResultAcGenMay2026/statewiseS2513.htm,Leading In,:,0,,,,,,,,,,,,,,,,,,,,,,,,,,,,
https://results.eci.gov.in/ResultAcGenMay2026/statewiseS2513.htm,Won In,:,207,,,,,,,,,,,,,,,,,,,,,,,,,,,,
https://results.eci.gov.in/ResultAcGenMay2026/statewiseS2513.htm,Trailing In,:,0,,,,,,,,,,,,,,,,,,,,,,,,,,,,
https://results.eci.gov.in/ResultAcGenMay2026/statewiseS2513.htm,All India Trinamool Congress,i Party Wise State Trends Leading In : 0 Won In : 80 Trailing In : 0,Leading In,:,0,Won In,:,80,Trailing In,:,0,,,,,,,,,,,,,,,,,,,,
https://results.eci.gov.in/ResultAcGenMay2026/statewiseS2513.htm,Leading In,:,0,,,,,,,,,,,,,,,,,,,,,,,,,,,,
https://results.eci.gov.in/ResultAcGenMay2026/statewiseS2513.htm,Won In,:,80,,,,,,,,,,,,,,,,,,,,,,,,,,,,
https://results.eci.gov.in/ResultAcGenMay2026/statewiseS2513.htm,Trailing In,:,0,,,,,,,,,,,,,,,,,,,,,,,,,,,,
https://results.eci.gov.in/ResultAcGenMay2026/statewiseS2513.htm,RAJGANJ,18,DINESH SARKAR,Bharatiya Janata Party i Party Wise State Trends Leading In : 0 Won In : 207 Trailing In : 0,Bharatiya Janata Party,i Party Wise State Trends Leading In : 0 Won In : 207 Trailing In : 0,Leading In,:,0,Won In,:,207,Trailing In,:,0,SWAPNA BARMAN,All India Trinamool Congress i Party Wise State Trends Leading In : 0 Won In : 80 Trailing In : 0,All India Trinamool Congress,i Party Wise State Trends Leading In : 0 Won In : 80 Trailing In : 0,Leading In,:,0,Won In,:,80,Trailing In,:,0,21477,13/13,Result Declared
https://results.eci.gov.in/ResultAcGenMay2026/statewiseS2513.htm,Bharatiya Janata Party,i Party Wise State Trends Leading In : 0 Won In : 207 Trailing In : 0,Leading In,:,0,Won In,:,207,Trailing In,:,0,,,,,,,,,,,,,,,,,,,,
https://results.eci.gov.in/ResultAcGenMay2026/statewiseS2513.htm,Leading In,:,0,,,,,,,,,,,,,,,,,,,,,,,,,,,,
https://results.eci.gov.in/ResultAcGenMay2026/statewiseS2513.htm,Won In,:,207,,,,,,,,,,,,,,,,,,,,,,,,,,,,
https://results.eci.gov.in/ResultAcGenMay2026/statewiseS2513.htm,Trailing In,:,0,,,,,,,,,,,,,,,,,,,,,,,,,,,,
https://results.eci.gov.in/ResultAcGenMay2026/statewiseS2513.htm,All India Trinamool Congress,i Party Wise State Trends Leading In : 0 Won In : 80 Trailing In : 0,Leading In,:,0,Won In,:,80,Trailing In,:,0,,,,,,,,,,,,,,,,,,,,
https://results.eci.gov.in/ResultAcGenMay2026/statewiseS2513.htm,Leading In,:,0,,,,,,,,,,,,,,,,,,,,,,,,,,,,
https://results.eci.gov.in/ResultAcGenMay2026/statewiseS2513.htm,Won In,:,80,,,,,,,,,,,,,,,,,,,,,,,,,,,,
https://results.eci.gov.in/ResultAcGenMay2026/statewiseS2513.htm,Trailing In,:,0,,,,,,,,,,,,,,,,,,,,,,,,,,,,
https://results.eci.gov.in/ResultAcGenMay2026/statewiseS2513.htm,RAMNAGAR,217,DR. CHANDRA SEKHAR MONDAL,Bharatiya Janata Party i Party Wise State Trends Leading In : 0 Won In : 207 Trailing In : 0,Bharatiya Janata Party,i Party Wise State Trends Leading In : 0 Won In : 207 Trailing In : 0,Leading In,:,0,Won In,:,207,Trailing In,:,0,AKHIL GIRI,All India Trinamool Congress i Party Wise State Trends Leading In : 0 Won In : 80 Trailing In : 0,All India Trinamool Congress,i Party Wise State Trends Leading In : 0 Won In : 80 Trailing In : 0,Leading In,:,0,Won In,:,80,Trailing In,:,0,26939,26/26,Result Declared
https://results.eci.gov.in/ResultAcGenMay2026/statewiseS2513.htm,Bharatiya Janata Party,i Party Wise State Trends Leading In : 0 Won In : 207 Trailing In : 0,Leading In,:,0,Won In,:,207,Trailing In,:,0,,,,,,,,,,,,,,,,,,,,
https://results.eci.gov.in/ResultAcGenMay2026/statewiseS2513.htm,Leading In,:,0,,,,,,,,,,,,,,,,,,,,,,,,,,,,
https://results.eci.gov.in/ResultAcGenMay2026/statewiseS2513.htm,Won In,:,207,,,,,,,,,,,,,,,,,,,,,,,,,,,,
https://results.eci.gov.in/ResultAcGenMay2026/statewiseS2513.htm,Trailing In,:,0,,,,,,,,,,,,,,,,,,,,,,,,,,,,
https://results.eci.gov.in/ResultAcGenMay2026/statewiseS2513.htm,All India Trinamool Congress,i Party Wise State Trends Leading In : 0 Won In : 80 Trailing In : 0,Leading In,:,0,Won In,:,80,Trailing In,:,0,,,,,,,,,,,,,,,,,,,,
https://results.eci.gov.in/ResultAcGenMay2026/statewiseS2513.htm,Leading In,:,0,,,,,,,,,,,,,,,,,,,,,,,,,,,,
https://results.eci.gov.in/ResultAcGenMay2026/statewiseS2513.htm,Won In,:,80,,,,,,,,,,,,,,,,,,,,,,,,,,,,
https://results.eci.gov.in/ResultAcGenMay2026/statewiseS2513.htm,Trailing In,:,0,,,,,,,,,,,,,,,,,,,,,,,,,,,,
https://results.eci.gov.in/ResultAcGenMay2026/statewiseS2513.htm,RAMPURHAT,291,DHRUBA SAHA,Bharatiya Janata Party i Party Wise State Trends Leading In : 0 Won In : 207 Trailing In : 0,Bharatiya Janata Party,i Party Wise State Trends Leading In : 0 Won In : 207 Trailing In : 0,Leading In,:,0,Won In,:,207,Trailing In,:,0,ASISH BANERJEE,All India Trinamool Congress i Party Wise State Trends Leading In : 0 Won In : 80 Trailing In : 0,All India Trinamool Congress,i Party Wise State Trends Leading In : 0 Won In : 80 Trailing In : 0,Leading In,:,0,Won In,:,80,Trailing In,:,0,24233,23/23,Result Declared
https://results.eci.gov.in/ResultAcGenMay2026/statewiseS2513.htm,Bharatiya Janata Party,i Party Wise State Trends Leading In : 0 Won In : 207 Trailing In : 0,Leading In,:,0,Won In,:,207,Trailing In,:,0,,,,,,,,,,,,,,,,,,,,
https://results.eci.gov.in/ResultAcGenMay2026/statewiseS2513.htm,Leading In,:,0,,,,,,,,,,,,,,,,,,,,,,,,,,,,
https://results.eci.gov.in/ResultAcGenMay2026/statewiseS2513.htm,Won In,:,207,,,,,,,,,,,,,,,,,,,,,,,,,,,,
https://results.eci.gov.in/ResultAcGenMay2026/statewiseS2513.htm,Trailing In,:,0,,,,,,,,,,,,,,,,,,,,,,,,,,,,
https://results.eci.gov.in/ResultAcGenMay2026/statewiseS2513.htm,All India Trinamool Congress,i Party Wise State Trends Leading In : 0 Won In : 80 Trailing In : 0,Leading In,:,0,Won In,:,80,Trailing In,:,0,,,,,,,,,,,,,,,,,,,,
https://results.eci.gov.in/ResultAcGenMay2026/statewiseS2513.htm,Leading In,:,0,,,,,,,,,,,,,,,,,,,,,,,,,,,,
https://results.eci.gov.in/ResultAcGenMay2026/statewiseS2513.htm,Won In,:,80,,,,,,,,,,,,,,,,,,,,,,,,,,,,
https://results.eci.gov.in/ResultAcGenMay2026/statewiseS2513.htm,Trailing In,:,0,,,,,,,,,,,,,,,,,,,,,,,,,,,,
https://results.eci.gov.in/ResultAcGenMay2026/statewiseS2513.htm,RANAGHAT DAKSHIN,90,ASHIM KUMAR BISWAS,Bharatiya Janata Party i Party Wise State Trends Leading In : 0 Won In : 207 Trailing In : 0,Bharatiya Janata Party,i Party Wise State Trends Leading In : 0 Won In : 207 Trailing In : 0,Leading In,:,0,Won In,:,207,Trailing In,:,0,SOUGATA KUMAR BURMAN,All India Trinamool Congress i Party Wise State Trends Leading In : 0 Won In : 80 Trailing In : 0,All India Trinamool Congress,i Party Wise State Trends Leading In : 0 Won In : 80 Trailing In : 0,Leading In,:,0,Won In,:,80,Trailing In,:,0,64464,17/17,Result Declared
https://results.eci.gov.in/ResultAcGenMay2026/statewiseS2513.htm,Bharatiya Janata Party,i Party Wise State Trends Leading In : 0 Won In : 207 Trailing In : 0,Leading In,:,0,Won In,:,207,Trailing In,:,0,,,,,,,,,,,,,,,,,,,,
https://results.eci.gov.in/ResultAcGenMay2026/statewiseS2513.htm,Leading In,:,0,,,,,,,,,,,,,,,,,,,,,,,,,,,,
https://results.eci.gov.in/ResultAcGenMay2026/statewiseS2513.htm,Won In,:,207,,,,,,,,,,,,,,,,,,,,,,,,,,,,
https://results.eci.gov.in/ResultAcGenMay2026/statewiseS2513.htm,Trailing In,:,0,,,,,,,,,,,,,,,,,,,,,,,,,,,,
https://results.eci.gov.in/ResultAcGenMay2026/statewiseS2513.htm,All India Trinamool Congress,i Party Wise State Trends Leading In : 0 Won In : 80 Trailing In : 0,Leading In,:,0,Won In,:,80,Trailing In,:,0,,,,,,,,,,,,,,,,,,,,
https://results.eci.gov.in/ResultAcGenMay2026/statewiseS2513.htm,Leading In,:,0,,,,,,,,,,,,,,,,,,,,,,,,,,,,
https://results.eci.gov.in/ResultAcGenMay2026/statewiseS2513.htm,Won In,:,80,,,,,,,,,,,,,,,,,,,,,,,,,,,,
https://results.eci.gov.in/ResultAcGenMay2026/statewiseS2513.htm,Trailing In,:,0,,,,,,,,,,,,,,,,,,,,,,,,,,,,
https://results.eci.gov.in/ResultAcGenMay2026/statewiseS2513.htm,RANAGHAT UTTAR PASCHIM,87,PARTHA SARATHI CHATTERJEE(BABU),Bharatiya Janata Party i Party Wise State Trends Leading In : 0 Won In : 207 Trailing In : 0,Bharatiya Janata Party,i Party Wise State Trends Leading In : 0 Won In : 207 Trailing In : 0,Leading In,:,0,Won In,:,207,Trailing In,:,0,TAPAS KUMAR GHOSH,All India Trinamool Congress i Party Wise State Trends Leading In : 0 Won In : 80 Trailing In : 0,All India Trinamool Congress,i Party Wise State Trends Leading In : 0 Won In : 80 Trailing In : 0,Leading In,:,0,Won In,:,80,Trailing In,:,0,57551,16/16,Result Declared
https://results.eci.gov.in/ResultAcGenMay2026/statewiseS2513.htm,Bharatiya Janata Party,i Party Wise State Trends Leading In : 0 Won In : 207 Trailing In : 0,Leading In,:,0,Won In,:,207,Trailing In,:,0,,,,,,,,,,,,,,,,,,,,
https://results.eci.gov.in/ResultAcGenMay2026/statewiseS2513.htm,Leading In,:,0,,,,,,,,,,,,,,,,,,,,,,,,,,,,
https://results.eci.gov.in/ResultAcGenMay2026/statewiseS2513.htm,Won In,:,207,,,,,,,,,,,,,,,,,,,,,,,,,,,,
https://results.eci.gov.in/ResultAcGenMay2026/statewiseS2513.htm,Trailing In,:,0,,,,,,,,,,,,,,,,,,,,,,,,,,,,
https://results.eci.gov.in/ResultAcGenMay2026/statewiseS2513.htm,All India Trinamool Congress,i Party Wise State Trends Leading In : 0 Won In : 80 Trailing In : 0,Leading In,:,0,Won In,:,80,Trailing In,:,0,,,,,,,,,,,,,,,,,,,,
https://results.eci.gov.in/ResultAcGenMay2026/statewiseS2513.htm,Leading In,:,0,,,,,,,,,,,,,,,,,,,,,,,,,,,,
https://results.eci.gov.in/ResultAcGenMay2026/statewiseS2513.htm,Won In,:,80,,,,,,,,,,,,,,,,,,,,,,,,,,,,
https://results.eci.gov.in/ResultAcGenMay2026/statewiseS2513.htm,Trailing In,:,0,,,,,,,,,,,,,,,,,,,,,,,,,,,,
https://results.eci.gov.in/ResultAcGenMay2026/statewiseS2513.htm,RANAGHAT UTTAR PURBA,89,ASHIM BISWAS,Bharatiya Janata Party i Party Wise State Trends Leading In : 0 Won In : 207 Trailing In : 0,Bharatiya Janata Party,i Party Wise State Trends Leading In : 0 Won In : 207 Trailing In : 0,Leading In,:,0,Won In,:,207,Trailing In,:,0,BARNALI DEY ROY,All India Trinamool Congress i Party Wise State Trends Leading In : 0 Won In : 80 Trailing In : 0,All India Trinamool Congress,i Party Wise State Trends Leading In : 0 Won In : 80 Trailing In : 0,Leading In,:,0,Won In,:,80,Trailing In,:,0,51743,17/17,Result Declared
https://results.eci.gov.in/ResultAcGenMay2026/statewiseS2513.htm,Bharatiya Janata Party,i Party Wise State Trends Leading In : 0 Won In : 207 Trailing In : 0,Leading In,:,0,Won In,:,207,Trailing In,:,0,,,,,,,,,,,,,,,,,,,,
https://results.eci.gov.in/ResultAcGenMay2026/statewiseS2513.htm,Leading In,:,0,,,,,,,,,,,,,,,,,,,,,,,,,,,,
https://results.eci.gov.in/ResultAcGenMay2026/statewiseS2513.htm,Won In,:,207,,,,,,,,,,,,,,,,,,,,,,,,,,,,
https://results.eci.gov.in/ResultAcGenMay2026/statewiseS2513.htm,Trailing In,:,0,,,,,,,,,,,,,,,,,,,,,,,,,,,,
https://results.eci.gov.in/ResultAcGenMay2026/statewiseS2513.htm,All India Trinamool Congress,i Party Wise State Trends Leading In : 0 Won In : 80 Trailing In : 0,Leading In,:,0,Won In,:,80,Trailing In,:,0,,,,,,,,,,,,,,,,,,,,
https://results.eci.gov.in/ResultAcGenMay2026/statewiseS2513.htm,Leading In,:,0,,,,,,,,,,,,,,,,,,,,,,,,,,,,
https://results.eci.gov.in/ResultAcGenMay2026/statewiseS2513.htm,Won In,:,80,,,,,,,,,,,,,,,,,,,,,,,,,,,,
https://results.eci.gov.in/ResultAcGenMay2026/statewiseS2513.htm,Trailing In,:,0,,,,,,,,,,,,,,,,,,,,,,,,,,,,
https://results.eci.gov.in/ResultAcGenMay2026/statewiseS2513.htm,RANIBANDH,249,KSHUDIRAM TUDU,Bharatiya Janata Party i Party Wise State Trends Leading In : 0 Won In : 207 Trailing In : 0,Bharatiya Janata Party,i Party Wise State Trends Leading In : 0 Won In : 207 Trailing In : 0,Leading In,:,0,Won In,:,207,Trailing In,:,0,TANUSHREE HANSDA,All India Trinamool Congress i Party Wise State Trends Leading In : 0 Won In : 80 Trailing In : 0,All India Trinamool Congress,i Party Wise State Trends Leading In : 0 Won In : 80 Trailing In : 0,Leading In,:,0,Won In,:,80,Trailing In,:,0,52269,19/19,Result Declared
https://results.eci.gov.in/ResultAcGenMay2026/statewiseS2513.htm,Bharatiya Janata Party,i Party Wise State Trends Leading In : 0 Won In : 207 Trailing In : 0,Leading In,:,0,Won In,:,207,Trailing In,:,0,,,,,,,,,,,,,,,,,,,,
https://results.eci.gov.in/ResultAcGenMay2026/statewiseS2513.htm,Leading In,:,0,,,,,,,,,,,,,,,,,,,,,,,,,,,,
https://results.eci.gov.in/ResultAcGenMay2026/statewiseS2513.htm,Won In,:,207,,,,,,,,,,,,,,,,,,,,,,,,,,,,
https://results.eci.gov.in/ResultAcGenMay2026/statewiseS2513.htm,Trailing In,:,0,,,,,,,,,,,,,,,,,,,,,,,,,,,,
https://results.eci.gov.in/ResultAcGenMay2026/statewiseS2513.htm,All India Trinamool Congress,i Party Wise State Trends Leading In : 0 Won In : 80 Trailing In : 0,Leading In,:,0,Won In,:,80,Trailing In,:,0,,,,,,,,,,,,,,,,,,,,
https://results.eci.gov.in/ResultAcGenMay2026/statewiseS2513.htm,Leading In,:,0,,,,,,,,,,,,,,,,,,,,,,,,,,,,
https://results.eci.gov.in/ResultAcGenMay2026/statewiseS2513.htm,Won In,:,80,,,,,,,,,,,,,,,,,,,,,,,,,,,,
https://results.eci.gov.in/ResultAcGenMay2026/statewiseS2513.htm,Trailing In,:,0,,,,,,,,,,,,,,,,,,,,,,,,,,,,
https://results.eci.gov.in/ResultAcGenMay2026/statewiseS2513.htm,RANIGANJ,278,PARTHA GHOSH,Bharatiya Janata Party i Party Wise State Trends Leading In : 0 Won In : 207 Trailing In : 0,Bharatiya Janata Party,i Party Wise State Trends Leading In : 0 Won In : 207 Trailing In : 0,Leading In,:,0,Won In,:,207,Trailing In,:,0,KALOBARAN MONDAL,All India Trinamool Congress i Party Wise State Trends Leading In : 0 Won In : 80 Trailing In : 0,All India Trinamool Congress,i Party Wise State Trends Leading In : 0 Won In : 80 Trailing In : 0,Leading In,:,0,Won In,:,80,Trailing In,:,0,17786,20/20,Result Declared
https://results.eci.gov.in/ResultAcGenMay2026/statewiseS2513.htm,Bharatiya Janata Party,i Party Wise State Trends Leading In : 0 Won In : 207 Trailing In : 0,Leading In,:,0,Won In,:,207,Trailing In,:,0,,,,,,,,,,,,,,,,,,,,
https://results.eci.gov.in/ResultAcGenMay2026/statewiseS2513.htm,Leading In,:,0,,,,,,,,,,,,,,,,,,,,,,,,,,,,
https://results.eci.gov.in/ResultAcGenMay2026/statewiseS2513.htm,Won In,:,207,,,,,,,,,,,,,,,,,,,,,,,,,,,,
https://results.eci.gov.in/ResultAcGenMay2026/statewiseS2513.htm,Trailing In,:,0,,,,,,,,,,,,,,,,,,,,,,,,,,,,
https://results.eci.gov.in/ResultAcGenMay2026/statewiseS2513.htm,All India Trinamool Congress,i Party Wise State Trends Leading In : 0 Won In : 80 Trailing In : 0,Leading In,:,0,Won In,:,80,Trailing In,:,0,,,,,,,,,,,,,,,,,,,,
https://results.eci.gov.in/ResultAcGenMay2026/statewiseS2513.htm,Leading In,:,0,,,,,,,,,,,,,,,,,,,,,,,,,,,,
https://results.eci.gov.in/ResultAcGenMay2026/statewiseS2513.htm,Won In,:,80,,,,,,,,,,,,,,,,,,,,,,,,,,,,
https://results.eci.gov.in/ResultAcGenMay2026/statewiseS2513.htm,Trailing In,:,0,,,,,,,,,,,,,,,,,,,,,,,,,,,,
https://results.eci.gov.in/ResultAcGenMay2026/statewiseS2513.htm,RANINAGAR,63,JULFIKAR ALI,Indian National Congress i Party Wise State Trends Leading In : 0 Won In : 2 Trailing In : 0,Indian National Congress,i Party Wise State Trends Leading In : 0 Won In : 2 Trailing In : 0,Leading In,:,0,Won In,:,2,Trailing In,:,0,ABDUL SOUMIK HOSSAIN,All India Trinamool Congress i Party Wise State Trends Leading In : 0 Won In : 80 Trailing In : 0,All India Trinamool Congress,i Party Wise State Trends Leading In : 0 Won In : 80 Trailing In : 0,Leading In,:,0,Won In,:,80,Trailing In,:,0,2701,16/16,Result Declared
https://results.eci.gov.in/ResultAcGenMay2026/statewiseS2513.htm,Indian National Congress,i Party Wise State Trends Leading In : 0 Won In : 2 Trailing In : 0,Leading In,:,0,Won In,:,2,Trailing In,:,0,,,,,,,,,,,,,,,,,,,,
https://results.eci.gov.in/ResultAcGenMay2026/statewiseS2513.htm,Leading In,:,0,,,,,,,,,,,,,,,,,,,,,,,,,,,,
https://results.eci.gov.in/ResultAcGenMay2026/statewiseS2513.htm,Won In,:,2,,,,,,,,,,,,,,,,,,,,,,,,,,,,
https://results.eci.gov.in/ResultAcGenMay2026/statewiseS2513.htm,Trailing In,:,0,,,,,,,,,,,,,,,,,,,,,,,,,,,,
https://results.eci.gov.in/ResultAcGenMay2026/statewiseS2513.htm,All India Trinamool Congress,i Party Wise State Trends Leading In : 0 Won In : 80 Trailing In : 0,Leading In,:,0,Won In,:,80,Trailing In,:,0,,,,,,,,,,,,,,,,,,,,
https://results.eci.gov.in/ResultAcGenMay2026/statewiseS2513.htm,Leading In,:,0,,,,,,,,,,,,,,,,,,,,,,,,,,,,
https://results.eci.gov.in/ResultAcGenMay2026/statewiseS2513.htm,Won In,:,80,,,,,,,,,,,,,,,,,,,,,,,,,,,,
https://results.eci.gov.in/ResultAcGenMay2026/statewiseS2513.htm,Trailing In,:,0,,,,,,,,,,,,,,,,,,,,,,,,,,,,
https://results.eci.gov.in/ResultAcGenMay2026/statewiseS2513.htm,RASHBEHARI,160,DASGUPTA SWAPAN,Bharatiya Janata Party i Party Wise State Trends Leading In : 0 Won In : 207 Trailing In : 0,Bharatiya Janata Party,i Party Wise State Trends Leading In : 0 Won In : 207 Trailing In : 0,Leading In,:,0,Won In,:,207,Trailing In,:,0,DEBASISH KUMAR (DEBA),All India Trinamool Congress i Party Wise State Trends Leading In : 0 Won In : 80 Trailing In : 0,All India Trinamool Congress,i Party Wise State Trends Leading In : 0 Won In : 80 Trailing In : 0,Leading In,:,0,Won In,:,80,Trailing In,:,0,20865,20/20,Result Declared
https://results.eci.gov.in/ResultAcGenMay2026/statewiseS2513.htm,Bharatiya Janata Party,i Party Wise State Trends Leading In : 0 Won In : 207 Trailing In : 0,Leading In,:,0,Won In,:,207,Trailing In,:,0,,,,,,,,,,,,,,,,,,,,
https://results.eci.gov.in/ResultAcGenMay2026/statewiseS2513.htm,Leading In,:,0,,,,,,,,,,,,,,,,,,,,,,,,,,,,
https://results.eci.gov.in/ResultAcGenMay2026/statewiseS2513.htm,Won In,:,207,,,,,,,,,,,,,,,,,,,,,,,,,,,,
https://results.eci.gov.in/ResultAcGenMay2026/statewiseS2513.htm,Trailing In,:,0,,,,,,,,,,,,,,,,,,,,,,,,,,,,
https://results.eci.gov.in/ResultAcGenMay2026/statewiseS2513.htm,All India Trinamool Congress,i Party Wise State Trends Leading In : 0 Won In : 80 Trailing In : 0,Leading In,:,0,Won In,:,80,Trailing In,:,0,,,,,,,,,,,,,,,,,,,,
https://results.eci.gov.in/ResultAcGenMay2026/statewiseS2513.htm,Leading In,:,0,,,,,,,,,,,,,,,,,,,,,,,,,,,,
https://results.eci.gov.in/ResultAcGenMay2026/statewiseS2513.htm,Won In,:,80,,,,,,,,,,,,,,,,,,,,,,,,,,,,
https://results.eci.gov.in/ResultAcGenMay2026/statewiseS2513.htm,Trailing In,:,0,,,,,,,,,,,,,,,,,,,,,,,,,,,,
https://results.eci.gov.in/ResultAcGenMay2026/statewiseS2513.htm,RATUA,48,SAMAR MUKHERJEE,All India Trinamool Congress i Party Wise State Trends Leading In : 0 Won In : 80 Trailing In : 0,All India Trinamool Congress,i Party Wise State Trends Leading In : 0 Won In : 80 Trailing In : 0,Leading In,:,0,Won In,:,80,Trailing In,:,0,ABISHEK SINGHANIA,Bharatiya Janata Party i Party Wise State Trends Leading In : 0 Won In : 207 Trailing In : 0,Bharatiya Janata Party,i Party Wise State Trends Leading In : 0 Won In : 207 Trailing In : 0,Leading In,:,0,Won In,:,207,Trailing In,:,0,32562,23/23,Result Declared
https://results.eci.gov.in/ResultAcGenMay2026/statewiseS2513.htm,All India Trinamool Congress,i Party Wise State Trends Leading In : 0 Won In : 80 Trailing In : 0,Leading In,:,0,Won In,:,80,Trailing In,:,0,,,,,,,,,,,,,,,,,,,,
https://results.eci.gov.in/ResultAcGenMay2026/statewiseS2513.htm,Leading In,:,0,,,,,,,,,,,,,,,,,,,,,,,,,,,,
https://results.eci.gov.in/ResultAcGenMay2026/statewiseS2513.htm,Won In,:,80,,,,,,,,,,,,,,,,,,,,,,,,,,,,
https://results.eci.gov.in/ResultAcGenMay2026/statewiseS2513.htm,Trailing In,:,0,,,,,,,,,,,,,,,,,,,,,,,,,,,,
https://results.eci.gov.in/ResultAcGenMay2026/statewiseS2513.htm,Bharatiya Janata Party,i Party Wise State Trends Leading In : 0 Won In : 207 Trailing In : 0,Leading In,:,0,Won In,:,207,Trailing In,:,0,,,,,,,,,,,,,,,,,,,,
https://results.eci.gov.in/ResultAcGenMay2026/statewiseS2513.htm,Leading In,:,0,,,,,,,,,,,,,,,,,,,,,,,,,,,,
https://results.eci.gov.in/ResultAcGenMay2026/statewiseS2513.htm,Won In,:,207,,,,,,,,,,,,,,,,,,,,,,,,,,,,
https://results.eci.gov.in/ResultAcGenMay2026/statewiseS2513.htm,Trailing In,:,0,,,,,,,,,,,,,,,,,,,,,,,,,,,,
https://results.eci.gov.in/ResultAcGenMay2026/statewiseS2513.htm,REJINAGAR,70,HUMAYUN KABIR,Aam Janata Unnayan party i Party Wise State Trends Leading In : 0 Won In : 2 Trailing In : 0,Aam Janata Unnayan party,i Party Wise State Trends Leading In : 0 Won In : 2 Trailing In : 0,Leading In,:,0,Won In,:,2,Trailing In,:,0,BAPAN GHOSH,Bharatiya Janata Party i Party Wise State Trends Leading In : 0 Won In : 207 Trailing In : 0,Bharatiya Janata Party,i Party Wise State Trends Leading In : 0 Won In : 207 Trailing In : 0,Leading In,:,0,Won In,:,207,Trailing In,:,0,58876,15/15,Result Declared
https://results.eci.gov.in/ResultAcGenMay2026/statewiseS2513.htm,Aam Janata Unnayan party,i Party Wise State Trends Leading In : 0 Won In : 2 Trailing In : 0,Leading In,:,0,Won In,:,2,Trailing In,:,0,,,,,,,,,,,,,,,,,,,,
https://results.eci.gov.in/ResultAcGenMay2026/statewiseS2513.htm,Leading In,:,0,,,,,,,,,,,,,,,,,,,,,,,,,,,,
https://results.eci.gov.in/ResultAcGenMay2026/statewiseS2513.htm,Won In,:,2,,,,,,,,,,,,,,,,,,,,,,,,,,,,
https://results.eci.gov.in/ResultAcGenMay2026/statewiseS2513.htm,Trailing In,:,0,,,,,,,,,,,,,,,,,,,,,,,,,,,,
https://results.eci.gov.in/ResultAcGenMay2026/statewiseS2513.htm,Bharatiya Janata Party,i Party Wise State Trends Leading In : 0 Won In : 207 Trailing In : 0,Leading In,:,0,Won In,:,207,Trailing In,:,0,,,,,,,,,,,,,,,,,,,,
https://results.eci.gov.in/ResultAcGenMay2026/statewiseS2513.htm,Leading In,:,0,,,,,,,,,,,,,,,,,,,,,,,,,,,,
https://results.eci.gov.in/ResultAcGenMay2026/statewiseS2513.htm,Won In,:,207,,,,,,,,,,,,,,,,,,,,,,,,,,,,
https://results.eci.gov.in/ResultAcGenMay2026/statewiseS2513.htm,Trailing In,:,0,,,,,,,,,,,,,,,,,,,,,,,,,,,,
https://results.eci.gov.in/ResultAcGenMay2026/statewiseS2513.htm,SABANG,226,AMAL KUMAR PANDA,Bharatiya Janata Party i Party Wise State Trends Leading In : 0 Won In : 207 Trailing In : 0,Bharatiya Janata Party,i Party Wise State Trends Leading In : 0 Won In : 207 Trailing In : 0,Leading In,:,0,Won In,:,207,Trailing In,:,0,MANAS RANJAN BHUNIA,All India Trinamool Congress i Party Wise State Trends Leading In : 0 Won In : 80 Trailing In : 0,All India Trinamool Congress,i Party Wise State Trends Leading In : 0 Won In : 80 Trailing In : 0,Leading In,:,0,Won In,:,80,Trailing In,:,0,11136,27/27,Result Declared
https://results.eci.gov.in/ResultAcGenMay2026/statewiseS2513.htm,Bharatiya Janata Party,i Party Wise State Trends Leading In : 0 Won In : 207 Trailing In : 0,Leading In,:,0,Won In,:,207,Trailing In,:,0,,,,,,,,,,,,,,,,,,,,
https://results.eci.gov.in/ResultAcGenMay2026/statewiseS2513.htm,Leading In,:,0,,,,,,,,,,,,,,,,,,,,,,,,,,,,
https://results.eci.gov.in/ResultAcGenMay2026/statewiseS2513.htm,Won In,:,207,,,,,,,,,,,,,,,,,,,,,,,,,,,,
https://results.eci.gov.in/ResultAcGenMay2026/statewiseS2513.htm,Trailing In,:,0,,,,,,,,,,,,,,,,,,,,,,,,,,,,
https://results.eci.gov.in/ResultAcGenMay2026/statewiseS2513.htm,All India Trinamool Congress,i Party Wise State Trends Leading In : 0 Won In : 80 Trailing In : 0,Leading In,:,0,Won In,:,80,Trailing In,:,0,,,,,,,,,,,,,,,,,,,,
https://results.eci.gov.in/ResultAcGenMay2026/statewiseS2513.htm,Leading In,:,0,,,,,,,,,,,,,,,,,,,,,,,,,,,,
https://results.eci.gov.in/ResultAcGenMay2026/statewiseS2513.htm,Won In,:,80,,,,,,,,,,,,,,,,,,,,,,,,,,,,
https://results.eci.gov.in/ResultAcGenMay2026/statewiseS2513.htm,Trailing In,:,0,,,,,,,,,,,,,,,,,,,,,,,,,,,,
https://results.eci.gov.in/ResultAcGenMay2026/statewiseS2513.htm,SAGAR,132,SUMANTA MANDAL,Bharatiya Janata Party i Party Wise State Trends Leading In : 0 Won In : 207 Trailing In : 0,Bharatiya Janata Party,i Party Wise State Trends Leading In : 0 Won In : 207 Trailing In : 0,Leading In,:,0,Won In,:,207,Trailing In,:,0,BANKIM CHANDRA HAZRA,All India Trinamool Congress i Party Wise State Trends Leading In : 0 Won In : 80 Trailing In : 0,All India Trinamool Congress,i Party Wise State Trends Leading In : 0 Won In : 80 Trailing In : 0,Leading In,:,0,Won In,:,80,Trailing In,:,0,7881,22/22,Result Declared
https://results.eci.gov.in/ResultAcGenMay2026/statewiseS2513.htm,Bharatiya Janata Party,i Party Wise State Trends Leading In : 0 Won In : 207 Trailing In : 0,Leading In,:,0,Won In,:,207,Trailing In,:,0,,,,,,,,,,,,,,,,,,,,
https://results.eci.gov.in/ResultAcGenMay2026/statewiseS2513.htm,Leading In,:,0,,,,,,,,,,,,,,,,,,,,,,,,,,,,
https://results.eci.gov.in/ResultAcGenMay2026/statewiseS2513.htm,Won In,:,207,,,,,,,,,,,,,,,,,,,,,,,,,,,,
https://results.eci.gov.in/ResultAcGenMay2026/statewiseS2513.htm,Trailing In,:,0,,,,,,,,,,,,,,,,,,,,,,,,,,,,
https://results.eci.gov.in/ResultAcGenMay2026/statewiseS2513.htm,All India Trinamool Congress,i Party Wise State Trends Leading In : 0 Won In : 80 Trailing In : 0,Leading In,:,0,Won In,:,80,Trailing In,:,0,,,,,,,,,,,,,,,,,,,,
https://results.eci.gov.in/ResultAcGenMay2026/statewiseS2513.htm,Leading In,:,0,,,,,,,,,,,,,,,,,,,,,,,,,,,,
https://results.eci.gov.in/ResultAcGenMay2026/statewiseS2513.htm,Won In,:,80,,,,,,,,,,,,,,,,,,,,,,,,,,,,
https://results.eci.gov.in/ResultAcGenMay2026/statewiseS2513.htm,Trailing In,:,0,,,,,,,,,,,,,,,,,,,,,,,,,,,,
https://results.eci.gov.in/ResultAcGenMay2026/statewiseS2513.htm,SAGARDIGHI,60,BAYRON BISWAS,All India Trinamool Congress i Party Wise State Trends Leading In : 0 Won In : 80 Trailing In : 0,All India Trinamool Congress,i Party Wise State Trends Leading In : 0 Won In : 80 Trailing In : 0,Leading In,:,0,Won In,:,80,Trailing In,:,0,TAPAS KUMAR CHAKRABORTY,Bharatiya Janata Party i Party Wise State Trends Leading In : 0 Won In : 207 Trailing In : 0,Bharatiya Janata Party,i Party Wise State Trends Leading In : 0 Won In : 207 Trailing In : 0,Leading In,:,0,Won In,:,207,Trailing In,:,0,34260,19/19,Result Declared
https://results.eci.gov.in/ResultAcGenMay2026/statewiseS2513.htm,All India Trinamool Congress,i Party Wise State Trends Leading In : 0 Won In : 80 Trailing In : 0,Leading In,:,0,Won In,:,80,Trailing In,:,0,,,,,,,,,,,,,,,,,,,,
https://results.eci.gov.in/ResultAcGenMay2026/statewiseS2513.htm,Leading In,:,0,,,,,,,,,,,,,,,,,,,,,,,,,,,,
https://results.eci.gov.in/ResultAcGenMay2026/statewiseS2513.htm,Won In,:,80,,,,,,,,,,,,,,,,,,,,,,,,,,,,
https://results.eci.gov.in/ResultAcGenMay2026/statewiseS2513.htm,Trailing In,:,0,,,,,,,,,,,,,,,,,,,,,,,,,,,,
https://results.eci.gov.in/ResultAcGenMay2026/statewiseS2513.htm,Bharatiya Janata Party,i Party Wise State Trends Leading In : 0 Won In : 207 Trailing In : 0,Leading In,:,0,Won In,:,207,Trailing In,:,0,,,,,,,,,,,,,,,,,,,,
https://results.eci.gov.in/ResultAcGenMay2026/statewiseS2513.htm,Leading In,:,0,,,,,,,,,,,,,,,,,,,,,,,,,,,,
https://results.eci.gov.in/ResultAcGenMay2026/statewiseS2513.htm,Won In,:,207,,,,,,,,,,,,,,,,,,,,,,,,,,,,
https://results.eci.gov.in/ResultAcGenMay2026/statewiseS2513.htm,Trailing In,:,0,,,,,,,,,,,,,,,,,,,,,,,,,,,,
https://results.eci.gov.in/ResultAcGenMay2026/statewiseS2513.htm,SAINTHIA,289,KRISHNA KANTA SAHA,Bharatiya Janata Party i Party Wise State Trends Leading In : 0 Won In : 207 Trailing In : 0,Bharatiya Janata Party,i Party Wise State Trends Leading In : 0 Won In : 207 Trailing In : 0,Leading In,:,0,Won In,:,207,Trailing In,:,0,NILABATI SAHA,All India Trinamool Congress i Party Wise State Trends Leading In : 0 Won In : 80 Trailing In : 0,All India Trinamool Congress,i Party Wise State Trends Leading In : 0 Won In : 80 Trailing In : 0,Leading In,:,0,Won In,:,80,Trailing In,:,0,10306,25/25,Result Declared
https://results.eci.gov.in/ResultAcGenMay2026/statewiseS2513.htm,Bharatiya Janata Party,i Party Wise State Trends Leading In : 0 Won In : 207 Trailing In : 0,Leading In,:,0,Won In,:,207,Trailing In,:,0,,,,,,,,,,,,,,,,,,,,
https://results.eci.gov.in/ResultAcGenMay2026/statewiseS2513.htm,Leading In,:,0,,,,,,,,,,,,,,,,,,,,,,,,,,,,
https://results.eci.gov.in/ResultAcGenMay2026/statewiseS2513.htm,Won In,:,207,,,,,,,,,,,,,,,,,,,,,,,,,,,,
https://results.eci.gov.in/ResultAcGenMay2026/statewiseS2513.htm,Trailing In,:,0,,,,,,,,,,,,,,,,,,,,,,,,,,,,
https://results.eci.gov.in/ResultAcGenMay2026/statewiseS2513.htm,All India Trinamool Congress,i Party Wise State Trends Leading In : 0 Won In : 80 Trailing In : 0,Leading In,:,0,Won In,:,80,Trailing In,:,0,,,,,,,,,,,,,,,,,,,,
https://results.eci.gov.in/ResultAcGenMay2026/statewiseS2513.htm,Leading In,:,0,,,,,,,,,,,,,,,,,,,,,,,,,,,,
https://results.eci.gov.in/ResultAcGenMay2026/statewiseS2513.htm,Won In,:,80,,,,,,,,,,,,,,,,,,,,,,,,,,,,
https://results.eci.gov.in/ResultAcGenMay2026/statewiseS2513.htm,Trailing In,:,0,,,,,,,,,,,,,,,,,,,,,,,,,,,,
https://results.eci.gov.in/ResultAcGenMay2026/statewiseS2513.htm,SALBONI,234,BIMAN MAHATA,Bharatiya Janata Party i Party Wise State Trends Leading In : 0 Won In : 207 Trailing In : 0,Bharatiya Janata Party,i Party Wise State Trends Leading In : 0 Won In : 207 Trailing In : 0,Leading In,:,0,Won In,:,207,Trailing In,:,0,SRIKANTA MAHATA,All India Trinamool Congress i Party Wise State Trends Leading In : 0 Won In : 80 Trailing In : 0,All India Trinamool Congress,i Party Wise State Trends Leading In : 0 Won In : 80 Trailing In : 0,Leading In,:,0,Won In,:,80,Trailing In,:,0,15243,18/18,Result Declared
https://results.eci.gov.in/ResultAcGenMay2026/statewiseS2513.htm,Bharatiya Janata Party,i Party Wise State Trends Leading In : 0 Won In : 207 Trailing In : 0,Leading In,:,0,Won In,:,207,Trailing In,:,0,,,,,,,,,,,,,,,,,,,,
https://results.eci.gov.in/ResultAcGenMay2026/statewiseS2513.htm,Leading In,:,0,,,,,,,,,,,,,,,,,,,,,,,,,,,,
https://results.eci.gov.in/ResultAcGenMay2026/statewiseS2513.htm,Won In,:,207,,,,,,,,,,,,,,,,,,,,,,,,,,,,
https://results.eci.gov.in/ResultAcGenMay2026/statewiseS2513.htm,Trailing In,:,0,,,,,,,,,,,,,,,,,,,,,,,,,,,,
https://results.eci.gov.in/ResultAcGenMay2026/statewiseS2513.htm,All India Trinamool Congress,i Party Wise State Trends Leading In : 0 Won In : 80 Trailing In : 0,Leading In,:,0,Won In,:,80,Trailing In,:,0,,,,,,,,,,,,,,,,,,,,
https://results.eci.gov.in/ResultAcGenMay2026/statewiseS2513.htm,Leading In,:,0,,,,,,,,,,,,,,,,,,,,,,,,,,,,
https://results.eci.gov.in/ResultAcGenMay2026/statewiseS2513.htm,Won In,:,80,,,,,,,,,,,,,,,,,,,,,,,,,,,,
https://results.eci.gov.in/ResultAcGenMay2026/statewiseS2513.htm,Trailing In,:,0,,,,,,,,,,,,,,,,,,,,,,,,,,,,
https://results.eci.gov.in/ResultAcGenMay2026/statewiseS2513.htm,,,,,,,,,,,,,,,,,,,,,,,,,,,,,,,
https://results.eci.gov.in/ResultAcGenMay2026/statewiseS2514.htm,Status Known For 293 out of 293 Constituencies,,,,,,,,,,,,,,,,,,,,,,,,,,,,,,
https://results.eci.gov.in/ResultAcGenMay2026/statewiseS2514.htm,Constituency,Const. No.,Leading Candidate,Leading Party,Trailing Candidate,Trailing Party,Margin,Round,Status,,,,,,,,,,,,,,,,,,,,,,
https://results.eci.gov.in/ResultAcGenMay2026/statewiseS2514.htm,SALTORA,247,CHANDANA BAURI,Bharatiya Janata Party i Party Wise State Trends Leading In : 0 Won In : 207 Trailing In : 0,Bharatiya Janata Party,i Party Wise State Trends Leading In : 0 Won In : 207 Trailing In : 0,Leading In,:,0,Won In,:,207,Trailing In,:,0,UTTAM BAURI,All India Trinamool Congress i Party Wise State Trends Leading In : 0 Won In : 80 Trailing In : 0,All India Trinamool Congress,i Party Wise State Trends Leading In : 0 Won In : 80 Trailing In : 0,Leading In,:,0,Won In,:,80,Trailing In,:,0,32135,15/15,Result Declared
https://results.eci.gov.in/ResultAcGenMay2026/statewiseS2514.htm,Bharatiya Janata Party,i Party Wise State Trends Leading In : 0 Won In : 207 Trailing In : 0,Leading In,:,0,Won In,:,207,Trailing In,:,0,,,,,,,,,,,,,,,,,,,,
https://results.eci.gov.in/ResultAcGenMay2026/statewiseS2514.htm,Leading In,:,0,,,,,,,,,,,,,,,,,,,,,,,,,,,,
https://results.eci.gov.in/ResultAcGenMay2026/statewiseS2514.htm,Won In,:,207,,,,,,,,,,,,,,,,,,,,,,,,,,,,
https://results.eci.gov.in/ResultAcGenMay2026/statewiseS2514.htm,Trailing In,:,0,,,,,,,,,,,,,,,,,,,,,,,,,,,,
https://results.eci.gov.in/ResultAcGenMay2026/statewiseS2514.htm,All India Trinamool Congress,i Party Wise State Trends Leading In : 0 Won In : 80 Trailing In : 0,Leading In,:,0,Won In,:,80,Trailing In,:,0,,,,,,,,,,,,,,,,,,,,
https://results.eci.gov.in/ResultAcGenMay2026/statewiseS2514.htm,Leading In,:,0,,,,,,,,,,,,,,,,,,,,,,,,,,,,
https://results.eci.gov.in/ResultAcGenMay2026/statewiseS2514.htm,Won In,:,80,,,,,,,,,,,,,,,,,,,,,,,,,,,,
https://results.eci.gov.in/ResultAcGenMay2026/statewiseS2514.htm,Trailing In,:,0,,,,,,,,,,,,,,,,,,,,,,,,,,,,
https://results.eci.gov.in/ResultAcGenMay2026/statewiseS2514.htm,SAMSERGANJ,56,MOHAMMED NOOR ALAM,All India Trinamool Congress i Party Wise State Trends Leading In : 0 Won In : 80 Trailing In : 0,All India Trinamool Congress,i Party Wise State Trends Leading In : 0 Won In : 80 Trailing In : 0,Leading In,:,0,Won In,:,80,Trailing In,:,0,MD NAJME ALAM,Indian National Congress i Party Wise State Trends Leading In : 0 Won In : 2 Trailing In : 0,Indian National Congress,i Party Wise State Trends Leading In : 0 Won In : 2 Trailing In : 0,Leading In,:,0,Won In,:,2,Trailing In,:,0,7587,20/20,Result Declared
https://results.eci.gov.in/ResultAcGenMay2026/statewiseS2514.htm,All India Trinamool Congress,i Party Wise State Trends Leading In : 0 Won In : 80 Trailing In : 0,Leading In,:,0,Won In,:,80,Trailing In,:,0,,,,,,,,,,,,,,,,,,,,
https://results.eci.gov.in/ResultAcGenMay2026/statewiseS2514.htm,Leading In,:,0,,,,,,,,,,,,,,,,,,,,,,,,,,,,
https://results.eci.gov.in/ResultAcGenMay2026/statewiseS2514.htm,Won In,:,80,,,,,,,,,,,,,,,,,,,,,,,,,,,,
https://results.eci.gov.in/ResultAcGenMay2026/statewiseS2514.htm,Trailing In,:,0,,,,,,,,,,,,,,,,,,,,,,,,,,,,
https://results.eci.gov.in/ResultAcGenMay2026/statewiseS2514.htm,Indian National Congress,i Party Wise State Trends Leading In : 0 Won In : 2 Trailing In : 0,Leading In,:,0,Won In,:,2,Trailing In,:,0,,,,,,,,,,,,,,,,,,,,
https://results.eci.gov.in/ResultAcGenMay2026/statewiseS2514.htm,Leading In,:,0,,,,,,,,,,,,,,,,,,,,,,,,,,,,
https://results.eci.gov.in/ResultAcGenMay2026/statewiseS2514.htm,Won In,:,2,,,,,,,,,,,,,,,,,,,,,,,,,,,,
https://results.eci.gov.in/ResultAcGenMay2026/statewiseS2514.htm,Trailing In,:,0,,,,,,,,,,,,,,,,,,,,,,,,,,,,
https://results.eci.gov.in/ResultAcGenMay2026/statewiseS2514.htm,SANDESHKHALI,123,SANAT SARDAR,Bharatiya Janata Party i Party Wise State Trends Leading In : 0 Won In : 207 Trailing In : 0,Bharatiya Janata Party,i Party Wise State Trends Leading In : 0 Won In : 207 Trailing In : 0,Leading In,:,0,Won In,:,207,Trailing In,:,0,JHARNA SARDAR,All India Trinamool Congress i Party Wise State Trends Leading In : 0 Won In : 80 Trailing In : 0,All India Trinamool Congress,i Party Wise State Trends Leading In : 0 Won In : 80 Trailing In : 0,Leading In,:,0,Won In,:,80,Trailing In,:,0,17510,20/20,Result Declared
https://results.eci.gov.in/ResultAcGenMay2026/statewiseS2514.htm,Bharatiya Janata Party,i Party Wise State Trends Leading In : 0 Won In : 207 Trailing In : 0,Leading In,:,0,Won In,:,207,Trailing In,:,0,,,,,,,,,,,,,,,,,,,,
https://results.eci.gov.in/ResultAcGenMay2026/statewiseS2514.htm,Leading In,:,0,,,,,,,,,,,,,,,,,,,,,,,,,,,,
https://results.eci.gov.in/ResultAcGenMay2026/statewiseS2514.htm,Won In,:,207,,,,,,,,,,,,,,,,,,,,,,,,,,,,
https://results.eci.gov.in/ResultAcGenMay2026/statewiseS2514.htm,Trailing In,:,0,,,,,,,,,,,,,,,,,,,,,,,,,,,,
https://results.eci.gov.in/ResultAcGenMay2026/statewiseS2514.htm,All India Trinamool Congress,i Party Wise State Trends Leading In : 0 Won In : 80 Trailing In : 0,Leading In,:,0,Won In,:,80,Trailing In,:,0,,,,,,,,,,,,,,,,,,,,
https://results.eci.gov.in/ResultAcGenMay2026/statewiseS2514.htm,Leading In,:,0,,,,,,,,,,,,,,,,,,,,,,,,,,,,
https://results.eci.gov.in/ResultAcGenMay2026/statewiseS2514.htm,Won In,:,80,,,,,,,,,,,,,,,,,,,,,,,,,,,,
https://results.eci.gov.in/ResultAcGenMay2026/statewiseS2514.htm,Trailing In,:,0,,,,,,,,,,,,,,,,,,,,,,,,,,,,
https://results.eci.gov.in/ResultAcGenMay2026/statewiseS2514.htm,SANKRAIL,174,PRIYA PAUL,All India Trinamool Congress i Party Wise State Trends Leading In : 0 Won In : 80 Trailing In : 0,All India Trinamool Congress,i Party Wise State Trends Leading In : 0 Won In : 80 Trailing In : 0,Leading In,:,0,Won In,:,80,Trailing In,:,0,BARNALI DHALI NASKAR,Bharatiya Janata Party i Party Wise State Trends Leading In : 0 Won In : 207 Trailing In : 0,Bharatiya Janata Party,i Party Wise State Trends Leading In : 0 Won In : 207 Trailing In : 0,Leading In,:,0,Won In,:,207,Trailing In,:,0,16740,22/22,Result Declared
https://results.eci.gov.in/ResultAcGenMay2026/statewiseS2514.htm,All India Trinamool Congress,i Party Wise State Trends Leading In : 0 Won In : 80 Trailing In : 0,Leading In,:,0,Won In,:,80,Trailing In,:,0,,,,,,,,,,,,,,,,,,,,
https://results.eci.gov.in/ResultAcGenMay2026/statewiseS2514.htm,Leading In,:,0,,,,,,,,,,,,,,,,,,,,,,,,,,,,
https://results.eci.gov.in/ResultAcGenMay2026/statewiseS2514.htm,Won In,:,80,,,,,,,,,,,,,,,,,,,,,,,,,,,,
https://results.eci.gov.in/ResultAcGenMay2026/statewiseS2514.htm,Trailing In,:,0,,,,,,,,,,,,,,,,,,,,,,,,,,,,
https://results.eci.gov.in/ResultAcGenMay2026/statewiseS2514.htm,Bharatiya Janata Party,i Party Wise State Trends Leading In : 0 Won In : 207 Trailing In : 0,Leading In,:,0,Won In,:,207,Trailing In,:,0,,,,,,,,,,,,,,,,,,,,
https://results.eci.gov.in/ResultAcGenMay2026/statewiseS2514.htm,Leading In,:,0,,,,,,,,,,,,,,,,,,,,,,,,,,,,
https://results.eci.gov.in/ResultAcGenMay2026/statewiseS2514.htm,Won In,:,207,,,,,,,,,,,,,,,,,,,,,,,,,,,,
https://results.eci.gov.in/ResultAcGenMay2026/statewiseS2514.htm,Trailing In,:,0,,,,,,,,,,,,,,,,,,,,,,,,,,,,
https://results.eci.gov.in/ResultAcGenMay2026/statewiseS2514.htm,SANTIPUR,86,SWAPAN KUMAR DAS,Bharatiya Janata Party i Party Wise State Trends Leading In : 0 Won In : 207 Trailing In : 0,Bharatiya Janata Party,i Party Wise State Trends Leading In : 0 Won In : 207 Trailing In : 0,Leading In,:,0,Won In,:,207,Trailing In,:,0,BRAJAKISHORE GOSWAMI,All India Trinamool Congress i Party Wise State Trends Leading In : 0 Won In : 80 Trailing In : 0,All India Trinamool Congress,i Party Wise State Trends Leading In : 0 Won In : 80 Trailing In : 0,Leading In,:,0,Won In,:,80,Trailing In,:,0,45376,17/17,Result Declared
https://results.eci.gov.in/ResultAcGenMay2026/statewiseS2514.htm,Bharatiya Janata Party,i Party Wise State Trends Leading In : 0 Won In : 207 Trailing In : 0,Leading In,:,0,Won In,:,207,Trailing In,:,0,,,,,,,,,,,,,,,,,,,,
https://results.eci.gov.in/ResultAcGenMay2026/statewiseS2514.htm,Leading In,:,0,,,,,,,,,,,,,,,,,,,,,,,,,,,,
https://results.eci.gov.in/ResultAcGenMay2026/statewiseS2514.htm,Won In,:,207,,,,,,,,,,,,,,,,,,,,,,,,,,,,
https://results.eci.gov.in/ResultAcGenMay2026/statewiseS2514.htm,Trailing In,:,0,,,,,,,,,,,,,,,,,,,,,,,,,,,,
https://results.eci.gov.in/ResultAcGenMay2026/statewiseS2514.htm,All India Trinamool Congress,i Party Wise State Trends Leading In : 0 Won In : 80 Trailing In : 0,Leading In,:,0,Won In,:,80,Trailing In,:,0,,,,,,,,,,,,,,,,,,,,
https://results.eci.gov.in/ResultAcGenMay2026/statewiseS2514.htm,Leading In,:,0,,,,,,,,,,,,,,,,,,,,,,,,,,,,
https://results.eci.gov.in/ResultAcGenMay2026/statewiseS2514.htm,Won In,:,80,,,,,,,,,,,,,,,,,,,,,,,,,,,,
https://results.eci.gov.in/ResultAcGenMay2026/statewiseS2514.htm,Trailing In,:,0,,,,,,,,,,,,,,,,,,,,,,,,,,,,
https://results.eci.gov.in/ResultAcGenMay2026/statewiseS2514.htm,SAPTAGRAM,193,SWARAJ GHOSH,Bharatiya Janata Party i Party Wise State Trends Leading In : 0 Won In : 207 Trailing In : 0,Bharatiya Janata Party,i Party Wise State Trends Leading In : 0 Won In : 207 Trailing In : 0,Leading In,:,0,Won In,:,207,Trailing In,:,0,BIDESH RANJAN BOSE,All India Trinamool Congress i Party Wise State Trends Leading In : 0 Won In : 80 Trailing In : 0,All India Trinamool Congress,i Party Wise State Trends Leading In : 0 Won In : 80 Trailing In : 0,Leading In,:,0,Won In,:,80,Trailing In,:,0,23289,12/12,Result Declared
https://results.eci.gov.in/ResultAcGenMay2026/statewiseS2514.htm,Bharatiya Janata Party,i Party Wise State Trends Leading In : 0 Won In : 207 Trailing In : 0,Leading In,:,0,Won In,:,207,Trailing In,:,0,,,,,,,,,,,,,,,,,,,,
https://results.eci.gov.in/ResultAcGenMay2026/statewiseS2514.htm,Leading In,:,0,,,,,,,,,,,,,,,,,,,,,,,,,,,,
https://results.eci.gov.in/ResultAcGenMay2026/statewiseS2514.htm,Won In,:,207,,,,,,,,,,,,,,,,,,,,,,,,,,,,
https://results.eci.gov.in/ResultAcGenMay2026/statewiseS2514.htm,Trailing In,:,0,,,,,,,,,,,,,,,,,,,,,,,,,,,,
https://results.eci.gov.in/ResultAcGenMay2026/statewiseS2514.htm,All India Trinamool Congress,i Party Wise State Trends Leading In : 0 Won In : 80 Trailing In : 0,Leading In,:,0,Won In,:,80,Trailing In,:,0,,,,,,,,,,,,,,,,,,,,
https://results.eci.gov.in/ResultAcGenMay2026/statewiseS2514.htm,Leading In,:,0,,,,,,,,,,,,,,,,,,,,,,,,,,,,
https://results.eci.gov.in/ResultAcGenMay2026/statewiseS2514.htm,Won In,:,80,,,,,,,,,,,,,,,,,,,,,,,,,,,,
https://results.eci.gov.in/ResultAcGenMay2026/statewiseS2514.htm,Trailing In,:,0,,,,,,,,,,,,,,,,,,,,,,,,,,,,
https://results.eci.gov.in/ResultAcGenMay2026/statewiseS2514.htm,SATGACHHIA,145,AGNISWAR NASKAR,Bharatiya Janata Party i Party Wise State Trends Leading In : 0 Won In : 207 Trailing In : 0,Bharatiya Janata Party,i Party Wise State Trends Leading In : 0 Won In : 207 Trailing In : 0,Leading In,:,0,Won In,:,207,Trailing In,:,0,SOMASHREE BETAL,All India Trinamool Congress i Party Wise State Trends Leading In : 0 Won In : 80 Trailing In : 0,All India Trinamool Congress,i Party Wise State Trends Leading In : 0 Won In : 80 Trailing In : 0,Leading In,:,0,Won In,:,80,Trailing In,:,0,401,18/18,Result Declared
https://results.eci.gov.in/ResultAcGenMay2026/statewiseS2514.htm,Bharatiya Janata Party,i Party Wise State Trends Leading In : 0 Won In : 207 Trailing In : 0,Leading In,:,0,Won In,:,207,Trailing In,:,0,,,,,,,,,,,,,,,,,,,,
https://results.eci.gov.in/ResultAcGenMay2026/statewiseS2514.htm,Leading In,:,0,,,,,,,,,,,,,,,,,,,,,,,,,,,,
https://results.eci.gov.in/ResultAcGenMay2026/statewiseS2514.htm,Won In,:,207,,,,,,,,,,,,,,,,,,,,,,,,,,,,
https://results.eci.gov.in/ResultAcGenMay2026/statewiseS2514.htm,Trailing In,:,0,,,,,,,,,,,,,,,,,,,,,,,,,,,,
https://results.eci.gov.in/ResultAcGenMay2026/statewiseS2514.htm,All India Trinamool Congress,i Party Wise State Trends Leading In : 0 Won In : 80 Trailing In : 0,Leading In,:,0,Won In,:,80,Trailing In,:,0,,,,,,,,,,,,,,,,,,,,
https://results.eci.gov.in/ResultAcGenMay2026/statewiseS2514.htm,Leading In,:,0,,,,,,,,,,,,,,,,,,,,,,,,,,,,
https://results.eci.gov.in/ResultAcGenMay2026/statewiseS2514.htm,Won In,:,80,,,,,,,,,,,,,,,,,,,,,,,,,,,,
https://results.eci.gov.in/ResultAcGenMay2026/statewiseS2514.htm,Trailing In,:,0,,,,,,,,,,,,,,,,,,,,,,,,,,,,
https://results.eci.gov.in/ResultAcGenMay2026/statewiseS2514.htm,SHIBPUR,172,RUDRANIL GHOSH,Bharatiya Janata Party i Party Wise State Trends Leading In : 0 Won In : 207 Trailing In : 0,Bharatiya Janata Party,i Party Wise State Trends Leading In : 0 Won In : 207 Trailing In : 0,Leading In,:,0,Won In,:,207,Trailing In,:,0,DR. RANA CHATTERJEE,All India Trinamool Congress i Party Wise State Trends Leading In : 0 Won In : 80 Trailing In : 0,All India Trinamool Congress,i Party Wise State Trends Leading In : 0 Won In : 80 Trailing In : 0,Leading In,:,0,Won In,:,80,Trailing In,:,0,16058,20/20,Result Declared
https://results.eci.gov.in/ResultAcGenMay2026/statewiseS2514.htm,Bharatiya Janata Party,i Party Wise State Trends Leading In : 0 Won In : 207 Trailing In : 0,Leading In,:,0,Won In,:,207,Trailing In,:,0,,,,,,,,,,,,,,,,,,,,
https://results.eci.gov.in/ResultAcGenMay2026/statewiseS2514.htm,Leading In,:,0,,,,,,,,,,,,,,,,,,,,,,,,,,,,
https://results.eci.gov.in/ResultAcGenMay2026/statewiseS2514.htm,Won In,:,207,,,,,,,,,,,,,,,,,,,,,,,,,,,,
https://results.eci.gov.in/ResultAcGenMay2026/statewiseS2514.htm,Trailing In,:,0,,,,,,,,,,,,,,,,,,,,,,,,,,,,
https://results.eci.gov.in/ResultAcGenMay2026/statewiseS2514.htm,All India Trinamool Congress,i Party Wise State Trends Leading In : 0 Won In : 80 Trailing In : 0,Leading In,:,0,Won In,:,80,Trailing In,:,0,,,,,,,,,,,,,,,,,,,,
https://results.eci.gov.in/ResultAcGenMay2026/statewiseS2514.htm,Leading In,:,0,,,,,,,,,,,,,,,,,,,,,,,,,,,,
https://results.eci.gov.in/ResultAcGenMay2026/statewiseS2514.htm,Won In,:,80,,,,,,,,,,,,,,,,,,,,,,,,,,,,
https://results.eci.gov.in/ResultAcGenMay2026/statewiseS2514.htm,Trailing In,:,0,,,,,,,,,,,,,,,,,,,,,,,,,,,,
https://results.eci.gov.in/ResultAcGenMay2026/statewiseS2514.htm,SHYAMPUKUR,166,PURNIMA CHAKRABORTY,Bharatiya Janata Party i Party Wise State Trends Leading In : 0 Won In : 207 Trailing In : 0,Bharatiya Janata Party,i Party Wise State Trends Leading In : 0 Won In : 207 Trailing In : 0,Leading In,:,0,Won In,:,207,Trailing In,:,0,SHASHI PANJA,All India Trinamool Congress i Party Wise State Trends Leading In : 0 Won In : 80 Trailing In : 0,All India Trinamool Congress,i Party Wise State Trends Leading In : 0 Won In : 80 Trailing In : 0,Leading In,:,0,Won In,:,80,Trailing In,:,0,14633,21/21,Result Declared
https://results.eci.gov.in/ResultAcGenMay2026/statewiseS2514.htm,Bharatiya Janata Party,i Party Wise State Trends Leading In : 0 Won In : 207 Trailing In : 0,Leading In,:,0,Won In,:,207,Trailing In,:,0,,,,,,,,,,,,,,,,,,,,
https://results.eci.gov.in/ResultAcGenMay2026/statewiseS2514.htm,Leading In,:,0,,,,,,,,,,,,,,,,,,,,,,,,,,,,
https://results.eci.gov.in/ResultAcGenMay2026/statewiseS2514.htm,Won In,:,207,,,,,,,,,,,,,,,,,,,,,,,,,,,,
https://results.eci.gov.in/ResultAcGenMay2026/statewiseS2514.htm,Trailing In,:,0,,,,,,,,,,,,,,,,,,,,,,,,,,,,
https://results.eci.gov.in/ResultAcGenMay2026/statewiseS2514.htm,All India Trinamool Congress,i Party Wise State Trends Leading In : 0 Won In : 80 Trailing In : 0,Leading In,:,0,Won In,:,80,Trailing In,:,0,,,,,,,,,,,,,,,,,,,,
https://results.eci.gov.in/ResultAcGenMay2026/statewiseS2514.htm,Leading In,:,0,,,,,,,,,,,,,,,,,,,,,,,,,,,,
https://results.eci.gov.in/ResultAcGenMay2026/statewiseS2514.htm,Won In,:,80,,,,,,,,,,,,,,,,,,,,,,,,,,,,
https://results.eci.gov.in/ResultAcGenMay2026/statewiseS2514.htm,Trailing In,:,0,,,,,,,,,,,,,,,,,,,,,,,,,,,,
https://results.eci.gov.in/ResultAcGenMay2026/statewiseS2514.htm,SHYAMPUR,179,DR. HIRANMOY CHATTOPADHYAYA (HIRAAN),Bharatiya Janata Party i Party Wise State Trends Leading In : 0 Won In : 207 Trailing In : 0,Bharatiya Janata Party,i Party Wise State Trends Leading In : 0 Won In : 207 Trailing In : 0,Leading In,:,0,Won In,:,207,Trailing In,:,0,NADEBASI JANA,All India Trinamool Congress i Party Wise State Trends Leading In : 0 Won In : 80 Trailing In : 0,All India Trinamool Congress,i Party Wise State Trends Leading In : 0 Won In : 80 Trailing In : 0,Leading In,:,0,Won In,:,80,Trailing In,:,0,22260,18/18,Result Declared
https://results.eci.gov.in/ResultAcGenMay2026/statewiseS2514.htm,Bharatiya Janata Party,i Party Wise State Trends Leading In : 0 Won In : 207 Trailing In : 0,Leading In,:,0,Won In,:,207,Trailing In,:,0,,,,,,,,,,,,,,,,,,,,
https://results.eci.gov.in/ResultAcGenMay2026/statewiseS2514.htm,Leading In,:,0,,,,,,,,,,,,,,,,,,,,,,,,,,,,
https://results.eci.gov.in/ResultAcGenMay2026/statewiseS2514.htm,Won In,:,207,,,,,,,,,,,,,,,,,,,,,,,,,,,,
https://results.eci.gov.in/ResultAcGenMay2026/statewiseS2514.htm,Trailing In,:,0,,,,,,,,,,,,,,,,,,,,,,,,,,,,
https://results.eci.gov.in/ResultAcGenMay2026/statewiseS2514.htm,All India Trinamool Congress,i Party Wise State Trends Leading In : 0 Won In : 80 Trailing In : 0,Leading In,:,0,Won In,:,80,Trailing In,:,0,,,,,,,,,,,,,,,,,,,,
https://results.eci.gov.in/ResultAcGenMay2026/statewiseS2514.htm,Leading In,:,0,,,,,,,,,,,,,,,,,,,,,,,,,,,,
https://results.eci.gov.in/ResultAcGenMay2026/statewiseS2514.htm,Won In,:,80,,,,,,,,,,,,,,,,,,,,,,,,,,,,
https://results.eci.gov.in/ResultAcGenMay2026/statewiseS2514.htm,Trailing In,:,0,,,,,,,,,,,,,,,,,,,,,,,,,,,,
https://results.eci.gov.in/ResultAcGenMay2026/statewiseS2514.htm,SILIGURI,26,SHANKAR GHOSH,Bharatiya Janata Party i Party Wise State Trends Leading In : 0 Won In : 207 Trailing In : 0,Bharatiya Janata Party,i Party Wise State Trends Leading In : 0 Won In : 207 Trailing In : 0,Leading In,:,0,Won In,:,207,Trailing In,:,0,GOUTAM DEB,All India Trinamool Congress i Party Wise State Trends Leading In : 0 Won In : 80 Trailing In : 0,All India Trinamool Congress,i Party Wise State Trends Leading In : 0 Won In : 80 Trailing In : 0,Leading In,:,0,Won In,:,80,Trailing In,:,0,73192,15/15,Result Declared
https://results.eci.gov.in/ResultAcGenMay2026/statewiseS2514.htm,Bharatiya Janata Party,i Party Wise State Trends Leading In : 0 Won In : 207 Trailing In : 0,Leading In,:,0,Won In,:,207,Trailing In,:,0,,,,,,,,,,,,,,,,,,,,
https://results.eci.gov.in/ResultAcGenMay2026/statewiseS2514.htm,Leading In,:,0,,,,,,,,,,,,,,,,,,,,,,,,,,,,
https://results.eci.gov.in/ResultAcGenMay2026/statewiseS2514.htm,Won In,:,207,,,,,,,,,,,,,,,,,,,,,,,,,,,,
https://results.eci.gov.in/ResultAcGenMay2026/statewiseS2514.htm,Trailing In,:,0,,,,,,,,,,,,,,,,,,,,,,,,,,,,
https://results.eci.gov.in/ResultAcGenMay2026/statewiseS2514.htm,All India Trinamool Congress,i Party Wise State Trends Leading In : 0 Won In : 80 Trailing In : 0,Leading In,:,0,Won In,:,80,Trailing In,:,0,,,,,,,,,,,,,,,,,,,,
https://results.eci.gov.in/ResultAcGenMay2026/statewiseS2514.htm,Leading In,:,0,,,,,,,,,,,,,,,,,,,,,,,,,,,,
https://results.eci.gov.in/ResultAcGenMay2026/statewiseS2514.htm,Won In,:,80,,,,,,,,,,,,,,,,,,,,,,,,,,,,
https://results.eci.gov.in/ResultAcGenMay2026/statewiseS2514.htm,Trailing In,:,0,,,,,,,,,,,,,,,,,,,,,,,,,,,,
https://results.eci.gov.in/ResultAcGenMay2026/statewiseS2514.htm,SINGUR,188,ARUP KUMAR DAS,Bharatiya Janata Party i Party Wise State Trends Leading In : 0 Won In : 207 Trailing In : 0,Bharatiya Janata Party,i Party Wise State Trends Leading In : 0 Won In : 207 Trailing In : 0,Leading In,:,0,Won In,:,207,Trailing In,:,0,BECHARAM MANNA,All India Trinamool Congress i Party Wise State Trends Leading In : 0 Won In : 80 Trailing In : 0,All India Trinamool Congress,i Party Wise State Trends Leading In : 0 Won In : 80 Trailing In : 0,Leading In,:,0,Won In,:,80,Trailing In,:,0,21438,22/22,Result Declared
https://results.eci.gov.in/ResultAcGenMay2026/statewiseS2514.htm,Bharatiya Janata Party,i Party Wise State Trends Leading In : 0 Won In : 207 Trailing In : 0,Leading In,:,0,Won In,:,207,Trailing In,:,0,,,,,,,,,,,,,,,,,,,,
https://results.eci.gov.in/ResultAcGenMay2026/statewiseS2514.htm,Leading In,:,0,,,,,,,,,,,,,,,,,,,,,,,,,,,,
https://results.eci.gov.in/ResultAcGenMay2026/statewiseS2514.htm,Won In,:,207,,,,,,,,,,,,,,,,,,,,,,,,,,,,
https://results.eci.gov.in/ResultAcGenMay2026/statewiseS2514.htm,Trailing In,:,0,,,,,,,,,,,,,,,,,,,,,,,,,,,,
https://results.eci.gov.in/ResultAcGenMay2026/statewiseS2514.htm,All India Trinamool Congress,i Party Wise State Trends Leading In : 0 Won In : 80 Trailing In : 0,Leading In,:,0,Won In,:,80,Trailing In,:,0,,,,,,,,,,,,,,,,,,,,
https://results.eci.gov.in/ResultAcGenMay2026/statewiseS2514.htm,Leading In,:,0,,,,,,,,,,,,,,,,,,,,,,,,,,,,
https://results.eci.gov.in/ResultAcGenMay2026/statewiseS2514.htm,Won In,:,80,,,,,,,,,,,,,,,,,,,,,,,,,,,,
https://results.eci.gov.in/ResultAcGenMay2026/statewiseS2514.htm,Trailing In,:,0,,,,,,,,,,,,,,,,,,,,,,,,,,,,
https://results.eci.gov.in/ResultAcGenMay2026/statewiseS2514.htm,SITAI,6,SANGITA ROY,All India Trinamool Congress i Party Wise State Trends Leading In : 0 Won In : 80 Trailing In : 0,All India Trinamool Congress,i Party Wise State Trends Leading In : 0 Won In : 80 Trailing In : 0,Leading In,:,0,Won In,:,80,Trailing In,:,0,ASHUTOSH BARMA,Bharatiya Janata Party i Party Wise State Trends Leading In : 0 Won In : 207 Trailing In : 0,Bharatiya Janata Party,i Party Wise State Trends Leading In : 0 Won In : 207 Trailing In : 0,Leading In,:,0,Won In,:,207,Trailing In,:,0,2721,23/23,Result Declared
https://results.eci.gov.in/ResultAcGenMay2026/statewiseS2514.htm,All India Trinamool Congress,i Party Wise State Trends Leading In : 0 Won In : 80 Trailing In : 0,Leading In,:,0,Won In,:,80,Trailing In,:,0,,,,,,,,,,,,,,,,,,,,
https://results.eci.gov.in/ResultAcGenMay2026/statewiseS2514.htm,Leading In,:,0,,,,,,,,,,,,,,,,,,,,,,,,,,,,
https://results.eci.gov.in/ResultAcGenMay2026/statewiseS2514.htm,Won In,:,80,,,,,,,,,,,,,,,,,,,,,,,,,,,,
https://results.eci.gov.in/ResultAcGenMay2026/statewiseS2514.htm,Trailing In,:,0,,,,,,,,,,,,,,,,,,,,,,,,,,,,
https://results.eci.gov.in/ResultAcGenMay2026/statewiseS2514.htm,Bharatiya Janata Party,i Party Wise State Trends Leading In : 0 Won In : 207 Trailing In : 0,Leading In,:,0,Won In,:,207,Trailing In,:,0,,,,,,,,,,,,,,,,,,,,
https://results.eci.gov.in/ResultAcGenMay2026/statewiseS2514.htm,Leading In,:,0,,,,,,,,,,,,,,,,,,,,,,,,,,,,
https://results.eci.gov.in/ResultAcGenMay2026/statewiseS2514.htm,Won In,:,207,,,,,,,,,,,,,,,,,,,,,,,,,,,,
https://results.eci.gov.in/ResultAcGenMay2026/statewiseS2514.htm,Trailing In,:,0,,,,,,,,,,,,,,,,,,,,,,,,,,,,
https://results.eci.gov.in/ResultAcGenMay2026/statewiseS2514.htm,SITALKUCHI,5,SABITRI BARMAN,Bharatiya Janata Party i Party Wise State Trends Leading In : 0 Won In : 207 Trailing In : 0,Bharatiya Janata Party,i Party Wise State Trends Leading In : 0 Won In : 207 Trailing In : 0,Leading In,:,0,Won In,:,207,Trailing In,:,0,HARIHAR DAS,All India Trinamool Congress i Party Wise State Trends Leading In : 0 Won In : 80 Trailing In : 0,All India Trinamool Congress,i Party Wise State Trends Leading In : 0 Won In : 80 Trailing In : 0,Leading In,:,0,Won In,:,80,Trailing In,:,0,25278,27/27,Result Declared
https://results.eci.gov.in/ResultAcGenMay2026/statewiseS2514.htm,Bharatiya Janata Party,i Party Wise State Trends Leading In : 0 Won In : 207 Trailing In : 0,Leading In,:,0,Won In,:,207,Trailing In,:,0,,,,,,,,,,,,,,,,,,,,
https://results.eci.gov.in/ResultAcGenMay2026/statewiseS2514.htm,Leading In,:,0,,,,,,,,,,,,,,,,,,,,,,,,,,,,
https://results.eci.gov.in/ResultAcGenMay2026/statewiseS2514.htm,Won In,:,207,,,,,,,,,,,,,,,,,,,,,,,,,,,,
https://results.eci.gov.in/ResultAcGenMay2026/statewiseS2514.htm,Trailing In,:,0,,,,,,,,,,,,,,,,,,,,,,,,,,,,
https://results.eci.gov.in/ResultAcGenMay2026/statewiseS2514.htm,All India Trinamool Congress,i Party Wise State Trends Leading In : 0 Won In : 80 Trailing In : 0,Leading In,:,0,Won In,:,80,Trailing In,:,0,,,,,,,,,,,,,,,,,,,,
https://results.eci.gov.in/ResultAcGenMay2026/statewiseS2514.htm,Leading In,:,0,,,,,,,,,,,,,,,,,,,,,,,,,,,,
https://results.eci.gov.in/ResultAcGenMay2026/statewiseS2514.htm,Won In,:,80,,,,,,,,,,,,,,,,,,,,,,,,,,,,
https://results.eci.gov.in/ResultAcGenMay2026/statewiseS2514.htm,Trailing In,:,0,,,,,,,,,,,,,,,,,,,,,,,,,,,,
https://results.eci.gov.in/ResultAcGenMay2026/statewiseS2514.htm,SONAMUKHI,258,DIBAKAR GHARAMI,Bharatiya Janata Party i Party Wise State Trends Leading In : 0 Won In : 207 Trailing In : 0,Bharatiya Janata Party,i Party Wise State Trends Leading In : 0 Won In : 207 Trailing In : 0,Leading In,:,0,Won In,:,207,Trailing In,:,0,KALLOL SAHA,All India Trinamool Congress i Party Wise State Trends Leading In : 0 Won In : 80 Trailing In : 0,All India Trinamool Congress,i Party Wise State Trends Leading In : 0 Won In : 80 Trailing In : 0,Leading In,:,0,Won In,:,80,Trailing In,:,0,29410,21/21,Result Declared
https://results.eci.gov.in/ResultAcGenMay2026/statewiseS2514.htm,Bharatiya Janata Party,i Party Wise State Trends Leading In : 0 Won In : 207 Trailing In : 0,Leading In,:,0,Won In,:,207,Trailing In,:,0,,,,,,,,,,,,,,,,,,,,
https://results.eci.gov.in/ResultAcGenMay2026/statewiseS2514.htm,Leading In,:,0,,,,,,,,,,,,,,,,,,,,,,,,,,,,
https://results.eci.gov.in/ResultAcGenMay2026/statewiseS2514.htm,Won In,:,207,,,,,,,,,,,,,,,,,,,,,,,,,,,,
https://results.eci.gov.in/ResultAcGenMay2026/statewiseS2514.htm,Trailing In,:,0,,,,,,,,,,,,,,,,,,,,,,,,,,,,
https://results.eci.gov.in/ResultAcGenMay2026/statewiseS2514.htm,All India Trinamool Congress,i Party Wise State Trends Leading In : 0 Won In : 80 Trailing In : 0,Leading In,:,0,Won In,:,80,Trailing In,:,0,,,,,,,,,,,,,,,,,,,,
https://results.eci.gov.in/ResultAcGenMay2026/statewiseS2514.htm,Leading In,:,0,,,,,,,,,,,,,,,,,,,,,,,,,,,,
https://results.eci.gov.in/ResultAcGenMay2026/statewiseS2514.htm,Won In,:,80,,,,,,,,,,,,,,,,,,,,,,,,,,,,
https://results.eci.gov.in/ResultAcGenMay2026/statewiseS2514.htm,Trailing In,:,0,,,,,,,,,,,,,,,,,,,,,,,,,,,,
https://results.eci.gov.in/ResultAcGenMay2026/statewiseS2514.htm,SONARPUR DAKSHIN,147,RUPA GANGULY,Bharatiya Janata Party i Party Wise State Trends Leading In : 0 Won In : 207 Trailing In : 0,Bharatiya Janata Party,i Party Wise State Trends Leading In : 0 Won In : 207 Trailing In : 0,Leading In,:,0,Won In,:,207,Trailing In,:,0,ARUNDHUTI MAITRA(LOVELY),All India Trinamool Congress i Party Wise State Trends Leading In : 0 Won In : 80 Trailing In : 0,All India Trinamool Congress,i Party Wise State Trends Leading In : 0 Won In : 80 Trailing In : 0,Leading In,:,0,Won In,:,80,Trailing In,:,0,35782,21/21,Result Declared
https://results.eci.gov.in/ResultAcGenMay2026/statewiseS2514.htm,Bharatiya Janata Party,i Party Wise State Trends Leading In : 0 Won In : 207 Trailing In : 0,Leading In,:,0,Won In,:,207,Trailing In,:,0,,,,,,,,,,,,,,,,,,,,
https://results.eci.gov.in/ResultAcGenMay2026/statewiseS2514.htm,Leading In,:,0,,,,,,,,,,,,,,,,,,,,,,,,,,,,
https://results.eci.gov.in/ResultAcGenMay2026/statewiseS2514.htm,Won In,:,207,,,,,,,,,,,,,,,,,,,,,,,,,,,,
https://results.eci.gov.in/ResultAcGenMay2026/statewiseS2514.htm,Trailing In,:,0,,,,,,,,,,,,,,,,,,,,,,,,,,,,
https://results.eci.gov.in/ResultAcGenMay2026/statewiseS2514.htm,All India Trinamool Congress,i Party Wise State Trends Leading In : 0 Won In : 80 Trailing In : 0,Leading In,:,0,Won In,:,80,Trailing In,:,0,,,,,,,,,,,,,,,,,,,,
https://results.eci.gov.in/ResultAcGenMay2026/statewiseS2514.htm,Leading In,:,0,,,,,,,,,,,,,,,,,,,,,,,,,,,,
https://results.eci.gov.in/ResultAcGenMay2026/statewiseS2514.htm,Won In,:,80,,,,,,,,,,,,,,,,,,,,,,,,,,,,
https://results.eci.gov.in/ResultAcGenMay2026/statewiseS2514.htm,Trailing In,:,0,,,,,,,,,,,,,,,,,,,,,,,,,,,,
https://results.eci.gov.in/ResultAcGenMay2026/statewiseS2514.htm,SONARPUR UTTAR,151,DEBASISH DHAR,Bharatiya Janata Party i Party Wise State Trends Leading In : 0 Won In : 207 Trailing In : 0,Bharatiya Janata Party,i Party Wise State Trends Leading In : 0 Won In : 207 Trailing In : 0,Leading In,:,0,Won In,:,207,Trailing In,:,0,FIRDOUSI BEGAM,All India Trinamool Congress i Party Wise State Trends Leading In : 0 Won In : 80 Trailing In : 0,All India Trinamool Congress,i Party Wise State Trends Leading In : 0 Won In : 80 Trailing In : 0,Leading In,:,0,Won In,:,80,Trailing In,:,0,9807,22/22,Result Declared
https://results.eci.gov.in/ResultAcGenMay2026/statewiseS2514.htm,Bharatiya Janata Party,i Party Wise State Trends Leading In : 0 Won In : 207 Trailing In : 0,Leading In,:,0,Won In,:,207,Trailing In,:,0,,,,,,,,,,,,,,,,,,,,
https://results.eci.gov.in/ResultAcGenMay2026/statewiseS2514.htm,Leading In,:,0,,,,,,,,,,,,,,,,,,,,,,,,,,,,
https://results.eci.gov.in/ResultAcGenMay2026/statewiseS2514.htm,Won In,:,207,,,,,,,,,,,,,,,,,,,,,,,,,,,,
https://results.eci.gov.in/ResultAcGenMay2026/statewiseS2514.htm,Trailing In,:,0,,,,,,,,,,,,,,,,,,,,,,,,,,,,
https://results.eci.gov.in/ResultAcGenMay2026/statewiseS2514.htm,All India Trinamool Congress,i Party Wise State Trends Leading In : 0 Won In : 80 Trailing In : 0,Leading In,:,0,Won In,:,80,Trailing In,:,0,,,,,,,,,,,,,,,,,,,,
https://results.eci.gov.in/ResultAcGenMay2026/statewiseS2514.htm,Leading In,:,0,,,,,,,,,,,,,,,,,,,,,,,,,,,,
https://results.eci.gov.in/ResultAcGenMay2026/statewiseS2514.htm,Won In,:,80,,,,,,,,,,,,,,,,,,,,,,,,,,,,
https://results.eci.gov.in/ResultAcGenMay2026/statewiseS2514.htm,Trailing In,:,0,,,,,,,,,,,,,,,,,,,,,,,,,,,,
https://results.eci.gov.in/ResultAcGenMay2026/statewiseS2514.htm,SREERAMPUR,186,BHASKAR BHATTACHARYA,Bharatiya Janata Party i Party Wise State Trends Leading In : 0 Won In : 207 Trailing In : 0,Bharatiya Janata Party,i Party Wise State Trends Leading In : 0 Won In : 207 Trailing In : 0,Leading In,:,0,Won In,:,207,Trailing In,:,0,TANMOY GHOSH,All India Trinamool Congress i Party Wise State Trends Leading In : 0 Won In : 80 Trailing In : 0,All India Trinamool Congress,i Party Wise State Trends Leading In : 0 Won In : 80 Trailing In : 0,Leading In,:,0,Won In,:,80,Trailing In,:,0,8685,21/21,Result Declared
https://results.eci.gov.in/ResultAcGenMay2026/statewiseS2514.htm,Bharatiya Janata Party,i Party Wise State Trends Leading In : 0 Won In : 207 Trailing In : 0,Leading In,:,0,Won In,:,207,Trailing In,:,0,,,,,,,,,,,,,,,,,,,,
https://results.eci.gov.in/ResultAcGenMay2026/statewiseS2514.htm,Leading In,:,0,,,,,,,,,,,,,,,,,,,,,,,,,,,,
https://results.eci.gov.in/ResultAcGenMay2026/statewiseS2514.htm,Won In,:,207,,,,,,,,,,,,,,,,,,,,,,,,,,,,
https://results.eci.gov.in/ResultAcGenMay2026/statewiseS2514.htm,Trailing In,:,0,,,,,,,,,,,,,,,,,,,,,,,,,,,,
https://results.eci.gov.in/ResultAcGenMay2026/statewiseS2514.htm,All India Trinamool Congress,i Party Wise State Trends Leading In : 0 Won In : 80 Trailing In : 0,Leading In,:,0,Won In,:,80,Trailing In,:,0,,,,,,,,,,,,,,,,,,,,
https://results.eci.gov.in/ResultAcGenMay2026/statewiseS2514.htm,Leading In,:,0,,,,,,,,,,,,,,,,,,,,,,,,,,,,
https://results.eci.gov.in/ResultAcGenMay2026/statewiseS2514.htm,Won In,:,80,,,,,,,,,,,,,,,,,,,,,,,,,,,,
https://results.eci.gov.in/ResultAcGenMay2026/statewiseS2514.htm,Trailing In,:,0,,,,,,,,,,,,,,,,,,,,,,,,,,,,
https://results.eci.gov.in/ResultAcGenMay2026/statewiseS2514.htm,SUJAPUR,53,SABINA YEASMIN,All India Trinamool Congress i Party Wise State Trends Leading In : 0 Won In : 80 Trailing In : 0,All India Trinamool Congress,i Party Wise State Trends Leading In : 0 Won In : 80 Trailing In : 0,Leading In,:,0,Won In,:,80,Trailing In,:,0,ABDUL HANNAN,Indian National Congress i Party Wise State Trends Leading In : 0 Won In : 2 Trailing In : 0,Indian National Congress,i Party Wise State Trends Leading In : 0 Won In : 2 Trailing In : 0,Leading In,:,0,Won In,:,2,Trailing In,:,0,60287,20/20,Result Declared
https://results.eci.gov.in/ResultAcGenMay2026/statewiseS2514.htm,All India Trinamool Congress,i Party Wise State Trends Leading In : 0 Won In : 80 Trailing In : 0,Leading In,:,0,Won In,:,80,Trailing In,:,0,,,,,,,,,,,,,,,,,,,,
https://results.eci.gov.in/ResultAcGenMay2026/statewiseS2514.htm,Leading In,:,0,,,,,,,,,,,,,,,,,,,,,,,,,,,,
https://results.eci.gov.in/ResultAcGenMay2026/statewiseS2514.htm,Won In,:,80,,,,,,,,,,,,,,,,,,,,,,,,,,,,
https://results.eci.gov.in/ResultAcGenMay2026/statewiseS2514.htm,Trailing In,:,0,,,,,,,,,,,,,,,,,,,,,,,,,,,,
https://results.eci.gov.in/ResultAcGenMay2026/statewiseS2514.htm,Indian National Congress,i Party Wise State Trends Leading In : 0 Won In : 2 Trailing In : 0,Leading In,:,0,Won In,:,2,Trailing In,:,0,,,,,,,,,,,,,,,,,,,,
https://results.eci.gov.in/ResultAcGenMay2026/statewiseS2514.htm,Leading In,:,0,,,,,,,,,,,,,,,,,,,,,,,,,,,,
https://results.eci.gov.in/ResultAcGenMay2026/statewiseS2514.htm,Won In,:,2,,,,,,,,,,,,,,,,,,,,,,,,,,,,
https://results.eci.gov.in/ResultAcGenMay2026/statewiseS2514.htm,Trailing In,:,0,,,,,,,,,,,,,,,,,,,,,,,,,,,,
https://results.eci.gov.in/ResultAcGenMay2026/statewiseS2514.htm,SURI,285,JAGANNATH CHATTOPADHYAY,Bharatiya Janata Party i Party Wise State Trends Leading In : 0 Won In : 207 Trailing In : 0,Bharatiya Janata Party,i Party Wise State Trends Leading In : 0 Won In : 207 Trailing In : 0,Leading In,:,0,Won In,:,207,Trailing In,:,0,UJJAL CHATTERJEE,All India Trinamool Congress i Party Wise State Trends Leading In : 0 Won In : 80 Trailing In : 0,All India Trinamool Congress,i Party Wise State Trends Leading In : 0 Won In : 80 Trailing In : 0,Leading In,:,0,Won In,:,80,Trailing In,:,0,28686,24/24,Result Declared
https://results.eci.gov.in/ResultAcGenMay2026/statewiseS2514.htm,Bharatiya Janata Party,i Party Wise State Trends Leading In : 0 Won In : 207 Trailing In : 0,Leading In,:,0,Won In,:,207,Trailing In,:,0,,,,,,,,,,,,,,,,,,,,
https://results.eci.gov.in/ResultAcGenMay2026/statewiseS2514.htm,Leading In,:,0,,,,,,,,,,,,,,,,,,,,,,,,,,,,
https://results.eci.gov.in/ResultAcGenMay2026/statewiseS2514.htm,Won In,:,207,,,,,,,,,,,,,,,,,,,,,,,,,,,,
https://results.eci.gov.in/ResultAcGenMay2026/statewiseS2514.htm,Trailing In,:,0,,,,,,,,,,,,,,,,,,,,,,,,,,,,
https://results.eci.gov.in/ResultAcGenMay2026/statewiseS2514.htm,All India Trinamool Congress,i Party Wise State Trends Leading In : 0 Won In : 80 Trailing In : 0,Leading In,:,0,Won In,:,80,Trailing In,:,0,,,,,,,,,,,,,,,,,,,,
https://results.eci.gov.in/ResultAcGenMay2026/statewiseS2514.htm,Leading In,:,0,,,,,,,,,,,,,,,,,,,,,,,,,,,,
https://results.eci.gov.in/ResultAcGenMay2026/statewiseS2514.htm,Won In,:,80,,,,,,,,,,,,,,,,,,,,,,,,,,,,
https://results.eci.gov.in/ResultAcGenMay2026/statewiseS2514.htm,Trailing In,:,0,,,,,,,,,,,,,,,,,,,,,,,,,,,,
https://results.eci.gov.in/ResultAcGenMay2026/statewiseS2514.htm,,,,,,,,,,,,,,,,,,,,,,,,,,,,,,,
https://results.eci.gov.in/ResultAcGenMay2026/statewiseS2515.htm,Status Known For 293 out of 293 Constituencies,,,,,,,,,,,,,,,,,,,,,,,,,,,,,,
https://results.eci.gov.in/ResultAcGenMay2026/statewiseS2515.htm,Constituency,Const. No.,Leading Candidate,Leading Party,Trailing Candidate,Trailing Party,Margin,Round,Status,,,,,,,,,,,,,,,,,,,,,,
https://results.eci.gov.in/ResultAcGenMay2026/statewiseS2515.htm,SUTI,57,EMANI BISWAS,All India Trinamool Congress i Party Wise State Trends Leading In : 0 Won In : 80 Trailing In : 0,All India Trinamool Congress,i Party Wise State Trends Leading In : 0 Won In : 80 Trailing In : 0,Leading In,:,0,Won In,:,80,Trailing In,:,0,MAHABIR GHOSH,Bharatiya Janata Party i Party Wise State Trends Leading In : 0 Won In : 207 Trailing In : 0,Bharatiya Janata Party,i Party Wise State Trends Leading In : 0 Won In : 207 Trailing In : 0,Leading In,:,0,Won In,:,207,Trailing In,:,0,12357,21/21,Result Declared
https://results.eci.gov.in/ResultAcGenMay2026/statewiseS2515.htm,All India Trinamool Congress,i Party Wise State Trends Leading In : 0 Won In : 80 Trailing In : 0,Leading In,:,0,Won In,:,80,Trailing In,:,0,,,,,,,,,,,,,,,,,,,,
https://results.eci.gov.in/ResultAcGenMay2026/statewiseS2515.htm,Leading In,:,0,,,,,,,,,,,,,,,,,,,,,,,,,,,,
https://results.eci.gov.in/ResultAcGenMay2026/statewiseS2515.htm,Won In,:,80,,,,,,,,,,,,,,,,,,,,,,,,,,,,
https://results.eci.gov.in/ResultAcGenMay2026/statewiseS2515.htm,Trailing In,:,0,,,,,,,,,,,,,,,,,,,,,,,,,,,,
https://results.eci.gov.in/ResultAcGenMay2026/statewiseS2515.htm,Bharatiya Janata Party,i Party Wise State Trends Leading In : 0 Won In : 207 Trailing In : 0,Leading In,:,0,Won In,:,207,Trailing In,:,0,,,,,,,,,,,,,,,,,,,,
https://results.eci.gov.in/ResultAcGenMay2026/statewiseS2515.htm,Leading In,:,0,,,,,,,,,,,,,,,,,,,,,,,,,,,,
https://results.eci.gov.in/ResultAcGenMay2026/statewiseS2515.htm,Won In,:,207,,,,,,,,,,,,,,,,,,,,,,,,,,,,
https://results.eci.gov.in/ResultAcGenMay2026/statewiseS2515.htm,Trailing In,:,0,,,,,,,,,,,,,,,,,,,,,,,,,,,,
https://results.eci.gov.in/ResultAcGenMay2026/statewiseS2515.htm,SWARUPNAGAR,98,BINA MONDAL,All India Trinamool Congress i Party Wise State Trends Leading In : 0 Won In : 80 Trailing In : 0,All India Trinamool Congress,i Party Wise State Trends Leading In : 0 Won In : 80 Trailing In : 0,Leading In,:,0,Won In,:,80,Trailing In,:,0,TARAK SAHA,Bharatiya Janata Party i Party Wise State Trends Leading In : 0 Won In : 207 Trailing In : 0,Bharatiya Janata Party,i Party Wise State Trends Leading In : 0 Won In : 207 Trailing In : 0,Leading In,:,0,Won In,:,207,Trailing In,:,0,16017,16/16,Result Declared
https://results.eci.gov.in/ResultAcGenMay2026/statewiseS2515.htm,All India Trinamool Congress,i Party Wise State Trends Leading In : 0 Won In : 80 Trailing In : 0,Leading In,:,0,Won In,:,80,Trailing In,:,0,,,,,,,,,,,,,,,,,,,,
https://results.eci.gov.in/ResultAcGenMay2026/statewiseS2515.htm,Leading In,:,0,,,,,,,,,,,,,,,,,,,,,,,,,,,,
https://results.eci.gov.in/ResultAcGenMay2026/statewiseS2515.htm,Won In,:,80,,,,,,,,,,,,,,,,,,,,,,,,,,,,
https://results.eci.gov.in/ResultAcGenMay2026/statewiseS2515.htm,Trailing In,:,0,,,,,,,,,,,,,,,,,,,,,,,,,,,,
https://results.eci.gov.in/ResultAcGenMay2026/statewiseS2515.htm,Bharatiya Janata Party,i Party Wise State Trends Leading In : 0 Won In : 207 Trailing In : 0,Leading In,:,0,Won In,:,207,Trailing In,:,0,,,,,,,,,,,,,,,,,,,,
https://results.eci.gov.in/ResultAcGenMay2026/statewiseS2515.htm,Leading In,:,0,,,,,,,,,,,,,,,,,,,,,,,,,,,,
https://results.eci.gov.in/ResultAcGenMay2026/statewiseS2515.htm,Won In,:,207,,,,,,,,,,,,,,,,,,,,,,,,,,,,
https://results.eci.gov.in/ResultAcGenMay2026/statewiseS2515.htm,Trailing In,:,0,,,,,,,,,,,,,,,,,,,,,,,,,,,,
https://results.eci.gov.in/ResultAcGenMay2026/statewiseS2515.htm,TALDANGRA,251,SOUVIK PATRA,Bharatiya Janata Party i Party Wise State Trends Leading In : 0 Won In : 207 Trailing In : 0,Bharatiya Janata Party,i Party Wise State Trends Leading In : 0 Won In : 207 Trailing In : 0,Leading In,:,0,Won In,:,207,Trailing In,:,0,FALGUNI SINGHABABU,All India Trinamool Congress i Party Wise State Trends Leading In : 0 Won In : 80 Trailing In : 0,All India Trinamool Congress,i Party Wise State Trends Leading In : 0 Won In : 80 Trailing In : 0,Leading In,:,0,Won In,:,80,Trailing In,:,0,50073,18/18,Result Declared
https://results.eci.gov.in/ResultAcGenMay2026/statewiseS2515.htm,Bharatiya Janata Party,i Party Wise State Trends Leading In : 0 Won In : 207 Trailing In : 0,Leading In,:,0,Won In,:,207,Trailing In,:,0,,,,,,,,,,,,,,,,,,,,
https://results.eci.gov.in/ResultAcGenMay2026/statewiseS2515.htm,Leading In,:,0,,,,,,,,,,,,,,,,,,,,,,,,,,,,
https://results.eci.gov.in/ResultAcGenMay2026/statewiseS2515.htm,Won In,:,207,,,,,,,,,,,,,,,,,,,,,,,,,,,,
https://results.eci.gov.in/ResultAcGenMay2026/statewiseS2515.htm,Trailing In,:,0,,,,,,,,,,,,,,,,,,,,,,,,,,,,
https://results.eci.gov.in/ResultAcGenMay2026/statewiseS2515.htm,All India Trinamool Congress,i Party Wise State Trends Leading In : 0 Won In : 80 Trailing In : 0,Leading In,:,0,Won In,:,80,Trailing In,:,0,,,,,,,,,,,,,,,,,,,,
https://results.eci.gov.in/ResultAcGenMay2026/statewiseS2515.htm,Leading In,:,0,,,,,,,,,,,,,,,,,,,,,,,,,,,,
https://results.eci.gov.in/ResultAcGenMay2026/statewiseS2515.htm,Won In,:,80,,,,,,,,,,,,,,,,,,,,,,,,,,,,
https://results.eci.gov.in/ResultAcGenMay2026/statewiseS2515.htm,Trailing In,:,0,,,,,,,,,,,,,,,,,,,,,,,,,,,,
https://results.eci.gov.in/ResultAcGenMay2026/statewiseS2515.htm,TAMLUK,203,HARE KRISHNA BERA,Bharatiya Janata Party i Party Wise State Trends Leading In : 0 Won In : 207 Trailing In : 0,Bharatiya Janata Party,i Party Wise State Trends Leading In : 0 Won In : 207 Trailing In : 0,Leading In,:,0,Won In,:,207,Trailing In,:,0,DIPENDRA NARAYAN ROY,All India Trinamool Congress i Party Wise State Trends Leading In : 0 Won In : 80 Trailing In : 0,All India Trinamool Congress,i Party Wise State Trends Leading In : 0 Won In : 80 Trailing In : 0,Leading In,:,0,Won In,:,80,Trailing In,:,0,34729,15/15,Result Declared
https://results.eci.gov.in/ResultAcGenMay2026/statewiseS2515.htm,Bharatiya Janata Party,i Party Wise State Trends Leading In : 0 Won In : 207 Trailing In : 0,Leading In,:,0,Won In,:,207,Trailing In,:,0,,,,,,,,,,,,,,,,,,,,
https://results.eci.gov.in/ResultAcGenMay2026/statewiseS2515.htm,Leading In,:,0,,,,,,,,,,,,,,,,,,,,,,,,,,,,
https://results.eci.gov.in/ResultAcGenMay2026/statewiseS2515.htm,Won In,:,207,,,,,,,,,,,,,,,,,,,,,,,,,,,,
https://results.eci.gov.in/ResultAcGenMay2026/statewiseS2515.htm,Trailing In,:,0,,,,,,,,,,,,,,,,,,,,,,,,,,,,
https://results.eci.gov.in/ResultAcGenMay2026/statewiseS2515.htm,All India Trinamool Congress,i Party Wise State Trends Leading In : 0 Won In : 80 Trailing In : 0,Leading In,:,0,Won In,:,80,Trailing In,:,0,,,,,,,,,,,,,,,,,,,,
https://results.eci.gov.in/ResultAcGenMay2026/statewiseS2515.htm,Leading In,:,0,,,,,,,,,,,,,,,,,,,,,,,,,,,,
https://results.eci.gov.in/ResultAcGenMay2026/statewiseS2515.htm,Won In,:,80,,,,,,,,,,,,,,,,,,,,,,,,,,,,
https://results.eci.gov.in/ResultAcGenMay2026/statewiseS2515.htm,Trailing In,:,0,,,,,,,,,,,,,,,,,,,,,,,,,,,,
https://results.eci.gov.in/ResultAcGenMay2026/statewiseS2515.htm,TAPAN,40,BUDHRAI TUDU,Bharatiya Janata Party i Party Wise State Trends Leading In : 0 Won In : 207 Trailing In : 0,Bharatiya Janata Party,i Party Wise State Trends Leading In : 0 Won In : 207 Trailing In : 0,Leading In,:,0,Won In,:,207,Trailing In,:,0,CHINTAMANI BIHA,All India Trinamool Congress i Party Wise State Trends Leading In : 0 Won In : 80 Trailing In : 0,All India Trinamool Congress,i Party Wise State Trends Leading In : 0 Won In : 80 Trailing In : 0,Leading In,:,0,Won In,:,80,Trailing In,:,0,36987,17/17,Result Declared
https://results.eci.gov.in/ResultAcGenMay2026/statewiseS2515.htm,Bharatiya Janata Party,i Party Wise State Trends Leading In : 0 Won In : 207 Trailing In : 0,Leading In,:,0,Won In,:,207,Trailing In,:,0,,,,,,,,,,,,,,,,,,,,
https://results.eci.gov.in/ResultAcGenMay2026/statewiseS2515.htm,Leading In,:,0,,,,,,,,,,,,,,,,,,,,,,,,,,,,
https://results.eci.gov.in/ResultAcGenMay2026/statewiseS2515.htm,Won In,:,207,,,,,,,,,,,,,,,,,,,,,,,,,,,,
https://results.eci.gov.in/ResultAcGenMay2026/statewiseS2515.htm,Trailing In,:,0,,,,,,,,,,,,,,,,,,,,,,,,,,,,
https://results.eci.gov.in/ResultAcGenMay2026/statewiseS2515.htm,All India Trinamool Congress,i Party Wise State Trends Leading In : 0 Won In : 80 Trailing In : 0,Leading In,:,0,Won In,:,80,Trailing In,:,0,,,,,,,,,,,,,,,,,,,,
https://results.eci.gov.in/ResultAcGenMay2026/statewiseS2515.htm,Leading In,:,0,,,,,,,,,,,,,,,,,,,,,,,,,,,,
https://results.eci.gov.in/ResultAcGenMay2026/statewiseS2515.htm,Won In,:,80,,,,,,,,,,,,,,,,,,,,,,,,,,,,
https://results.eci.gov.in/ResultAcGenMay2026/statewiseS2515.htm,Trailing In,:,0,,,,,,,,,,,,,,,,,,,,,,,,,,,,
https://results.eci.gov.in/ResultAcGenMay2026/statewiseS2515.htm,TARAKESWAR,198,SANTU PAN,Bharatiya Janata Party i Party Wise State Trends Leading In : 0 Won In : 207 Trailing In : 0,Bharatiya Janata Party,i Party Wise State Trends Leading In : 0 Won In : 207 Trailing In : 0,Leading In,:,0,Won In,:,207,Trailing In,:,0,RAMENDU SINHARAY,All India Trinamool Congress i Party Wise State Trends Leading In : 0 Won In : 80 Trailing In : 0,All India Trinamool Congress,i Party Wise State Trends Leading In : 0 Won In : 80 Trailing In : 0,Leading In,:,0,Won In,:,80,Trailing In,:,0,30999,23/23,Result Declared
https://results.eci.gov.in/ResultAcGenMay2026/statewiseS2515.htm,Bharatiya Janata Party,i Party Wise State Trends Leading In : 0 Won In : 207 Trailing In : 0,Leading In,:,0,Won In,:,207,Trailing In,:,0,,,,,,,,,,,,,,,,,,,,
https://results.eci.gov.in/ResultAcGenMay2026/statewiseS2515.htm,Leading In,:,0,,,,,,,,,,,,,,,,,,,,,,,,,,,,
https://results.eci.gov.in/ResultAcGenMay2026/statewiseS2515.htm,Won In,:,207,,,,,,,,,,,,,,,,,,,,,,,,,,,,
https://results.eci.gov.in/ResultAcGenMay2026/statewiseS2515.htm,Trailing In,:,0,,,,,,,,,,,,,,,,,,,,,,,,,,,,
https://results.eci.gov.in/ResultAcGenMay2026/statewiseS2515.htm,All India Trinamool Congress,i Party Wise State Trends Leading In : 0 Won In : 80 Trailing In : 0,Leading In,:,0,Won In,:,80,Trailing In,:,0,,,,,,,,,,,,,,,,,,,,
https://results.eci.gov.in/ResultAcGenMay2026/statewiseS2515.htm,Leading In,:,0,,,,,,,,,,,,,,,,,,,,,,,,,,,,
https://results.eci.gov.in/ResultAcGenMay2026/statewiseS2515.htm,Won In,:,80,,,,,,,,,,,,,,,,,,,,,,,,,,,,
https://results.eci.gov.in/ResultAcGenMay2026/statewiseS2515.htm,Trailing In,:,0,,,,,,,,,,,,,,,,,,,,,,,,,,,,
https://results.eci.gov.in/ResultAcGenMay2026/statewiseS2515.htm,TEHATTA,78,SUBRATA KABIRAJ,Bharatiya Janata Party i Party Wise State Trends Leading In : 0 Won In : 207 Trailing In : 0,Bharatiya Janata Party,i Party Wise State Trends Leading In : 0 Won In : 207 Trailing In : 0,Leading In,:,0,Won In,:,207,Trailing In,:,0,DILIP KUMAR PODDAR,All India Trinamool Congress i Party Wise State Trends Leading In : 0 Won In : 80 Trailing In : 0,All India Trinamool Congress,i Party Wise State Trends Leading In : 0 Won In : 80 Trailing In : 0,Leading In,:,0,Won In,:,80,Trailing In,:,0,28253,23/23,Result Declared
https://results.eci.gov.in/ResultAcGenMay2026/statewiseS2515.htm,Bharatiya Janata Party,i Party Wise State Trends Leading In : 0 Won In : 207 Trailing In : 0,Leading In,:,0,Won In,:,207,Trailing In,:,0,,,,,,,,,,,,,,,,,,,,
https://results.eci.gov.in/ResultAcGenMay2026/statewiseS2515.htm,Leading In,:,0,,,,,,,,,,,,,,,,,,,,,,,,,,,,
https://results.eci.gov.in/ResultAcGenMay2026/statewiseS2515.htm,Won In,:,207,,,,,,,,,,,,,,,,,,,,,,,,,,,,
https://results.eci.gov.in/ResultAcGenMay2026/statewiseS2515.htm,Trailing In,:,0,,,,,,,,,,,,,,,,,,,,,,,,,,,,
https://results.eci.gov.in/ResultAcGenMay2026/statewiseS2515.htm,All India Trinamool Congress,i Party Wise State Trends Leading In : 0 Won In : 80 Trailing In : 0,Leading In,:,0,Won In,:,80,Trailing In,:,0,,,,,,,,,,,,,,,,,,,,
https://results.eci.gov.in/ResultAcGenMay2026/statewiseS2515.htm,Leading In,:,0,,,,,,,,,,,,,,,,,,,,,,,,,,,,
https://results.eci.gov.in/ResultAcGenMay2026/statewiseS2515.htm,Won In,:,80,,,,,,,,,,,,,,,,,,,,,,,,,,,,
https://results.eci.gov.in/ResultAcGenMay2026/statewiseS2515.htm,Trailing In,:,0,,,,,,,,,,,,,,,,,,,,,,,,,,,,
https://results.eci.gov.in/ResultAcGenMay2026/statewiseS2515.htm,TOLLYGANJ,152,PAPIA ADHIKARY,Bharatiya Janata Party i Party Wise State Trends Leading In : 0 Won In : 207 Trailing In : 0,Bharatiya Janata Party,i Party Wise State Trends Leading In : 0 Won In : 207 Trailing In : 0,Leading In,:,0,Won In,:,207,Trailing In,:,0,AROOP BISWAS,All India Trinamool Congress i Party Wise State Trends Leading In : 0 Won In : 80 Trailing In : 0,All India Trinamool Congress,i Party Wise State Trends Leading In : 0 Won In : 80 Trailing In : 0,Leading In,:,0,Won In,:,80,Trailing In,:,0,6013,17/17,Result Declared
https://results.eci.gov.in/ResultAcGenMay2026/statewiseS2515.htm,Bharatiya Janata Party,i Party Wise State Trends Leading In : 0 Won In : 207 Trailing In : 0,Leading In,:,0,Won In,:,207,Trailing In,:,0,,,,,,,,,,,,,,,,,,,,
https://results.eci.gov.in/ResultAcGenMay2026/statewiseS2515.htm,Leading In,:,0,,,,,,,,,,,,,,,,,,,,,,,,,,,,
https://results.eci.gov.in/ResultAcGenMay2026/statewiseS2515.htm,Won In,:,207,,,,,,,,,,,,,,,,,,,,,,,,,,,,
https://results.eci.gov.in/ResultAcGenMay2026/statewiseS2515.htm,Trailing In,:,0,,,,,,,,,,,,,,,,,,,,,,,,,,,,
https://results.eci.gov.in/ResultAcGenMay2026/statewiseS2515.htm,All India Trinamool Congress,i Party Wise State Trends Leading In : 0 Won In : 80 Trailing In : 0,Leading In,:,0,Won In,:,80,Trailing In,:,0,,,,,,,,,,,,,,,,,,,,
https://results.eci.gov.in/ResultAcGenMay2026/statewiseS2515.htm,Leading In,:,0,,,,,,,,,,,,,,,,,,,,,,,,,,,,
https://results.eci.gov.in/ResultAcGenMay2026/statewiseS2515.htm,Won In,:,80,,,,,,,,,,,,,,,,,,,,,,,,,,,,
https://results.eci.gov.in/ResultAcGenMay2026/statewiseS2515.htm,Trailing In,:,0,,,,,,,,,,,,,,,,,,,,,,,,,,,,
https://results.eci.gov.in/ResultAcGenMay2026/statewiseS2515.htm,TUFANGANJ,9,MALATI RAVA ROY,Bharatiya Janata Party i Party Wise State Trends Leading In : 0 Won In : 207 Trailing In : 0,Bharatiya Janata Party,i Party Wise State Trends Leading In : 0 Won In : 207 Trailing In : 0,Leading In,:,0,Won In,:,207,Trailing In,:,0,SHIBSANKAR PAUL,All India Trinamool Congress i Party Wise State Trends Leading In : 0 Won In : 80 Trailing In : 0,All India Trinamool Congress,i Party Wise State Trends Leading In : 0 Won In : 80 Trailing In : 0,Leading In,:,0,Won In,:,80,Trailing In,:,0,26457,22/22,Result Declared
https://results.eci.gov.in/ResultAcGenMay2026/statewiseS2515.htm,Bharatiya Janata Party,i Party Wise State Trends Leading In : 0 Won In : 207 Trailing In : 0,Leading In,:,0,Won In,:,207,Trailing In,:,0,,,,,,,,,,,,,,,,,,,,
https://results.eci.gov.in/ResultAcGenMay2026/statewiseS2515.htm,Leading In,:,0,,,,,,,,,,,,,,,,,,,,,,,,,,,,
https://results.eci.gov.in/ResultAcGenMay2026/statewiseS2515.htm,Won In,:,207,,,,,,,,,,,,,,,,,,,,,,,,,,,,
https://results.eci.gov.in/ResultAcGenMay2026/statewiseS2515.htm,Trailing In,:,0,,,,,,,,,,,,,,,,,,,,,,,,,,,,
https://results.eci.gov.in/ResultAcGenMay2026/statewiseS2515.htm,All India Trinamool Congress,i Party Wise State Trends Leading In : 0 Won In : 80 Trailing In : 0,Leading In,:,0,Won In,:,80,Trailing In,:,0,,,,,,,,,,,,,,,,,,,,
https://results.eci.gov.in/ResultAcGenMay2026/statewiseS2515.htm,Leading In,:,0,,,,,,,,,,,,,,,,,,,,,,,,,,,,
https://results.eci.gov.in/ResultAcGenMay2026/statewiseS2515.htm,Won In,:,80,,,,,,,,,,,,,,,,,,,,,,,,,,,,
https://results.eci.gov.in/ResultAcGenMay2026/statewiseS2515.htm,Trailing In,:,0,,,,,,,,,,,,,,,,,,,,,,,,,,,,
https://results.eci.gov.in/ResultAcGenMay2026/statewiseS2515.htm,UDAYNARAYANPUR,182,SAMIR KUMAR PANJA,All India Trinamool Congress i Party Wise State Trends Leading In : 0 Won In : 80 Trailing In : 0,All India Trinamool Congress,i Party Wise State Trends Leading In : 0 Won In : 80 Trailing In : 0,Leading In,:,0,Won In,:,80,Trailing In,:,0,PROBHAKAR PANDIT,Bharatiya Janata Party i Party Wise State Trends Leading In : 0 Won In : 207 Trailing In : 0,Bharatiya Janata Party,i Party Wise State Trends Leading In : 0 Won In : 207 Trailing In : 0,Leading In,:,0,Won In,:,207,Trailing In,:,0,12227,16/16,Result Declared
https://results.eci.gov.in/ResultAcGenMay2026/statewiseS2515.htm,All India Trinamool Congress,i Party Wise State Trends Leading In : 0 Won In : 80 Trailing In : 0,Leading In,:,0,Won In,:,80,Trailing In,:,0,,,,,,,,,,,,,,,,,,,,
https://results.eci.gov.in/ResultAcGenMay2026/statewiseS2515.htm,Leading In,:,0,,,,,,,,,,,,,,,,,,,,,,,,,,,,
https://results.eci.gov.in/ResultAcGenMay2026/statewiseS2515.htm,Won In,:,80,,,,,,,,,,,,,,,,,,,,,,,,,,,,
https://results.eci.gov.in/ResultAcGenMay2026/statewiseS2515.htm,Trailing In,:,0,,,,,,,,,,,,,,,,,,,,,,,,,,,,
https://results.eci.gov.in/ResultAcGenMay2026/statewiseS2515.htm,Bharatiya Janata Party,i Party Wise State Trends Leading In : 0 Won In : 207 Trailing In : 0,Leading In,:,0,Won In,:,207,Trailing In,:,0,,,,,,,,,,,,,,,,,,,,
https://results.eci.gov.in/ResultAcGenMay2026/statewiseS2515.htm,Leading In,:,0,,,,,,,,,,,,,,,,,,,,,,,,,,,,
https://results.eci.gov.in/ResultAcGenMay2026/statewiseS2515.htm,Won In,:,207,,,,,,,,,,,,,,,,,,,,,,,,,,,,
https://results.eci.gov.in/ResultAcGenMay2026/statewiseS2515.htm,Trailing In,:,0,,,,,,,,,,,,,,,,,,,,,,,,,,,,
https://results.eci.gov.in/ResultAcGenMay2026/statewiseS2515.htm,ULUBERIA DAKSHIN,178,PULAK ROY,All India Trinamool Congress i Party Wise State Trends Leading In : 0 Won In : 80 Trailing In : 0,All India Trinamool Congress,i Party Wise State Trends Leading In : 0 Won In : 80 Trailing In : 0,Leading In,:,0,Won In,:,80,Trailing In,:,0,SWAMI MANGALANANDA PURI,Bharatiya Janata Party i Party Wise State Trends Leading In : 0 Won In : 207 Trailing In : 0,Bharatiya Janata Party,i Party Wise State Trends Leading In : 0 Won In : 207 Trailing In : 0,Leading In,:,0,Won In,:,207,Trailing In,:,0,17187,19/19,Result Declared
https://results.eci.gov.in/ResultAcGenMay2026/statewiseS2515.htm,All India Trinamool Congress,i Party Wise State Trends Leading In : 0 Won In : 80 Trailing In : 0,Leading In,:,0,Won In,:,80,Trailing In,:,0,,,,,,,,,,,,,,,,,,,,
https://results.eci.gov.in/ResultAcGenMay2026/statewiseS2515.htm,Leading In,:,0,,,,,,,,,,,,,,,,,,,,,,,,,,,,
https://results.eci.gov.in/ResultAcGenMay2026/statewiseS2515.htm,Won In,:,80,,,,,,,,,,,,,,,,,,,,,,,,,,,,
https://results.eci.gov.in/ResultAcGenMay2026/statewiseS2515.htm,Trailing In,:,0,,,,,,,,,,,,,,,,,,,,,,,,,,,,
https://results.eci.gov.in/ResultAcGenMay2026/statewiseS2515.htm,Bharatiya Janata Party,i Party Wise State Trends Leading In : 0 Won In : 207 Trailing In : 0,Leading In,:,0,Won In,:,207,Trailing In,:,0,,,,,,,,,,,,,,,,,,,,
https://results.eci.gov.in/ResultAcGenMay2026/statewiseS2515.htm,Leading In,:,0,,,,,,,,,,,,,,,,,,,,,,,,,,,,
https://results.eci.gov.in/ResultAcGenMay2026/statewiseS2515.htm,Won In,:,207,,,,,,,,,,,,,,,,,,,,,,,,,,,,
https://results.eci.gov.in/ResultAcGenMay2026/statewiseS2515.htm,Trailing In,:,0,,,,,,,,,,,,,,,,,,,,,,,,,,,,
https://results.eci.gov.in/ResultAcGenMay2026/statewiseS2515.htm,ULUBERIA PURBA,176,RITABRATA BANERJEE,All India Trinamool Congress i Party Wise State Trends Leading In : 0 Won In : 80 Trailing In : 0,All India Trinamool Congress,i Party Wise State Trends Leading In : 0 Won In : 80 Trailing In : 0,Leading In,:,0,Won In,:,80,Trailing In,:,0,RUDRA PROSAD BANERJEE,Bharatiya Janata Party i Party Wise State Trends Leading In : 0 Won In : 207 Trailing In : 0,Bharatiya Janata Party,i Party Wise State Trends Leading In : 0 Won In : 207 Trailing In : 0,Leading In,:,0,Won In,:,207,Trailing In,:,0,11838,16/16,Result Declared
https://results.eci.gov.in/ResultAcGenMay2026/statewiseS2515.htm,All India Trinamool Congress,i Party Wise State Trends Leading In : 0 Won In : 80 Trailing In : 0,Leading In,:,0,Won In,:,80,Trailing In,:,0,,,,,,,,,,,,,,,,,,,,
https://results.eci.gov.in/ResultAcGenMay2026/statewiseS2515.htm,Leading In,:,0,,,,,,,,,,,,,,,,,,,,,,,,,,,,
https://results.eci.gov.in/ResultAcGenMay2026/statewiseS2515.htm,Won In,:,80,,,,,,,,,,,,,,,,,,,,,,,,,,,,
https://results.eci.gov.in/ResultAcGenMay2026/statewiseS2515.htm,Trailing In,:,0,,,,,,,,,,,,,,,,,,,,,,,,,,,,
https://results.eci.gov.in/ResultAcGenMay2026/statewiseS2515.htm,Bharatiya Janata Party,i Party Wise State Trends Leading In : 0 Won In : 207 Trailing In : 0,Leading In,:,0,Won In,:,207,Trailing In,:,0,,,,,,,,,,,,,,,,,,,,
https://results.eci.gov.in/ResultAcGenMay2026/statewiseS2515.htm,Leading In,:,0,,,,,,,,,,,,,,,,,,,,,,,,,,,,
https://results.eci.gov.in/ResultAcGenMay2026/statewiseS2515.htm,Won In,:,207,,,,,,,,,,,,,,,,,,,,,,,,,,,,
https://results.eci.gov.in/ResultAcGenMay2026/statewiseS2515.htm,Trailing In,:,0,,,,,,,,,,,,,,,,,,,,,,,,,,,,
https://results.eci.gov.in/ResultAcGenMay2026/statewiseS2515.htm,ULUBERIA UTTAR,177,CHIRAN BERA,Bharatiya Janata Party i Party Wise State Trends Leading In : 0 Won In : 207 Trailing In : 0,Bharatiya Janata Party,i Party Wise State Trends Leading In : 0 Won In : 207 Trailing In : 0,Leading In,:,0,Won In,:,207,Trailing In,:,0,BIMAL KUMAR DAS,All India Trinamool Congress i Party Wise State Trends Leading In : 0 Won In : 80 Trailing In : 0,All India Trinamool Congress,i Party Wise State Trends Leading In : 0 Won In : 80 Trailing In : 0,Leading In,:,0,Won In,:,80,Trailing In,:,0,4177,21/21,Result Declared
https://results.eci.gov.in/ResultAcGenMay2026/statewiseS2515.htm,Bharatiya Janata Party,i Party Wise State Trends Leading In : 0 Won In : 207 Trailing In : 0,Leading In,:,0,Won In,:,207,Trailing In,:,0,,,,,,,,,,,,,,,,,,,,
https://results.eci.gov.in/ResultAcGenMay2026/statewiseS2515.htm,Leading In,:,0,,,,,,,,,,,,,,,,,,,,,,,,,,,,
https://results.eci.gov.in/ResultAcGenMay2026/statewiseS2515.htm,Won In,:,207,,,,,,,,,,,,,,,,,,,,,,,,,,,,
https://results.eci.gov.in/ResultAcGenMay2026/statewiseS2515.htm,Trailing In,:,0,,,,,,,,,,,,,,,,,,,,,,,,,,,,
https://results.eci.gov.in/ResultAcGenMay2026/statewiseS2515.htm,All India Trinamool Congress,i Party Wise State Trends Leading In : 0 Won In : 80 Trailing In : 0,Leading In,:,0,Won In,:,80,Trailing In,:,0,,,,,,,,,,,,,,,,,,,,
https://results.eci.gov.in/ResultAcGenMay2026/statewiseS2515.htm,Leading In,:,0,,,,,,,,,,,,,,,,,,,,,,,,,,,,
https://results.eci.gov.in/ResultAcGenMay2026/statewiseS2515.htm,Won In,:,80,,,,,,,,,,,,,,,,,,,,,,,,,,,,
https://results.eci.gov.in/ResultAcGenMay2026/statewiseS2515.htm,Trailing In,:,0,,,,,,,,,,,,,,,,,,,,,,,,,,,,
https://results.eci.gov.in/ResultAcGenMay2026/statewiseS2515.htm,UTTARPARA,185,DIPANJAN CHAKRABORTY,Bharatiya Janata Party i Party Wise State Trends Leading In : 0 Won In : 207 Trailing In : 0,Bharatiya Janata Party,i Party Wise State Trends Leading In : 0 Won In : 207 Trailing In : 0,Leading In,:,0,Won In,:,207,Trailing In,:,0,SIRSANYA BANDOPADHYAY,All India Trinamool Congress i Party Wise State Trends Leading In : 0 Won In : 80 Trailing In : 0,All India Trinamool Congress,i Party Wise State Trends Leading In : 0 Won In : 80 Trailing In : 0,Leading In,:,0,Won In,:,80,Trailing In,:,0,10415,28/28,Result Declared
https://results.eci.gov.in/ResultAcGenMay2026/statewiseS2515.htm,Bharatiya Janata Party,i Party Wise State Trends Leading In : 0 Won In : 207 Trailing In : 0,Leading In,:,0,Won In,:,207,Trailing In,:,0,,,,,,,,,,,,,,,,,,,,
https://results.eci.gov.in/ResultAcGenMay2026/statewiseS2515.htm,Leading In,:,0,,,,,,,,,,,,,,,,,,,,,,,,,,,,
https://results.eci.gov.in/ResultAcGenMay2026/statewiseS2515.htm,Won In,:,207,,,,,,,,,,,,,,,,,,,,,,,,,,,,
https://results.eci.gov.in/ResultAcGenMay2026/statewiseS2515.htm,Trailing In,:,0,,,,,,,,,,,,,,,,,,,,,,,,,,,,
https://results.eci.gov.in/ResultAcGenMay2026/statewiseS2515.htm,All India Trinamool Congress,i Party Wise State Trends Leading In : 0 Won In : 80 Trailing In : 0,Leading In,:,0,Won In,:,80,Trailing In,:,0,,,,,,,,,,,,,,,,,,,,
https://results.eci.gov.in/ResultAcGenMay2026/statewiseS2515.htm,Leading In,:,0,,,,,,,,,,,,,,,,,,,,,,,,,,,,
https://results.eci.gov.in/ResultAcGenMay2026/statewiseS2515.htm,Won In,:,80,,,,,,,,,,,,,,,,,,,,,,,,,,,,
https://results.eci.gov.in/ResultAcGenMay2026/statewiseS2515.htm,Trailing In,:,0,,,,,,,,,,,,,,,,,,,,,,,,,,,,
https://results.eci.gov.in/ResultAcGenMay2026/statewiseS2515.htm,,,,,,,,,,,,,,,,,,,,,,,,,,,,,,,
